# File: A_building_shell_size.csv,,,,,,,,,,,,,,,,,,,
# Title: Building shell conductance or base size overwrite,,,,,,,,,,,,,,,,,,,
# Units: Unitless,,,,,,,,,,,,,,,,,,,
# Column types: ccccnnnnnnnnnnnnnnnn,,,,,,,,,,,,,,,,,,,
# ----------,,,,,,,,,,,,,,,,,,,
xml,region,gcam.consumer,variable,2025,2030,2035,2040,2045,2050,2055,2060,2065,2070,2075,2080,2085,2090,2095,2100
IRA_building_eff_improvement_13304,USA,resid_d1,shell.conductance,0.86,0.83,0.8,0.78,0.778,0.775,0.772,0.77,0.768,0.765,0.762,0.76,0.758,0.755,0.752,0.75
policy_building_shell_size_eu,Germany,resid EUR_d1,base.building.size,10.462479,10.462479,10.462479,10.462479,10.462479,10.462479,10.462479,10.462479,10.462479,10.462479,10.462479,10.462479,10.462479,10.462479,10.462479,10.462479
policy_building_shell_size_eu,Germany,comm EUR,base.building.size,5.894852,5.894852,5.894852,5.894852,5.894852,5.894852,5.894852,5.894852,5.894852,5.894852,5.894852,5.894852,5.894852,5.894852,5.894852,5.894852
policy_shell_ff55mixscn.xml,Austria,resid EUR_d1,shell.conductance,0.937914768,0.906125228,0.893126421,0.88012771,0.867128903,0.854130096,,,,,,,,,,
policy_shell_ff55mixscn.xml,Austria,resid EUR_d10,shell.conductance,0.937914768,0.906125228,0.883900551,0.861675972,0.839451393,0.817226814,,,,,,,,,,
policy_shell_ff55mixscn.xml,Austria,resid EUR_d2,shell.conductance,0.937914768,0.906125228,0.890988415,0.875851505,0.860714692,0.845577782,,,,,,,,,,
policy_shell_ff55mixscn.xml,Austria,resid EUR_d3,shell.conductance,0.937914768,0.906125228,0.889896515,0.873667705,0.857438992,0.841210182,,,,,,,,,,
policy_shell_ff55mixscn.xml,Austria,resid EUR_d4,shell.conductance,0.937914768,0.906125228,0.889126423,0.872127714,0.855129005,0.8381302,,,,,,,,,,
policy_shell_ff55mixscn.xml,Austria,resid EUR_d5,shell.conductance,0.937914768,0.906125228,0.888482823,0.870840417,0.853198012,0.83555551,,,,,,,,,,
policy_shell_ff55mixscn.xml,Austria,resid EUR_d6,shell.conductance,0.937914768,0.906125228,0.887900278,0.869675424,0.851450474,0.833225523,,,,,,,,,,
policy_shell_ff55mixscn.xml,Austria,resid EUR_d7,shell.conductance,0.937914768,0.906125228,0.887299604,0.868473981,0.849648357,0.830822636,,,,,,,,,,
policy_shell_ff55mixscn.xml,Austria,resid EUR_d8,shell.conductance,0.937914768,0.906125228,0.886618357,0.867111485,0.847604613,0.828097742,,,,,,,,,,
policy_shell_ff55mixscn.xml,Austria,resid EUR_d9,shell.conductance,0.937914768,0.906125228,0.885797195,0.865469162,0.845141129,0.824813096,,,,,,,,,,
policy_shell_ff55mixscn.xml,Belgium,resid EUR_d1,shell.conductance,0.946644059,0.90278472,0.889833834,0.876883043,0.863932157,0.850981272,,,,,,,,,,
policy_shell_ff55mixscn.xml,Belgium,resid EUR_d10,shell.conductance,0.946644059,0.90278472,0.880641976,0.85849933,0.836356684,0.814214038,,,,,,,,,,
policy_shell_ff55mixscn.xml,Belgium,resid EUR_d2,shell.conductance,0.946644059,0.90278472,0.887703709,0.872622603,0.857541593,0.842460487,,,,,,,,,,
policy_shell_ff55mixscn.xml,Belgium,resid EUR_d3,shell.conductance,0.946644059,0.90278472,0.886615835,0.870446854,0.854277969,0.838108988,,,,,,,,,,
policy_shell_ff55mixscn.xml,Belgium,resid EUR_d4,shell.conductance,0.946644059,0.90278472,0.885848582,0.86891254,0.851976499,0.835040361,,,,,,,,,,
policy_shell_ff55mixscn.xml,Belgium,resid EUR_d5,shell.conductance,0.946644059,0.90278472,0.885207355,0.86762999,0.850052624,0.832475163,,,,,,,,,,
policy_shell_ff55mixscn.xml,Belgium,resid EUR_d6,shell.conductance,0.946644059,0.90278472,0.884626957,0.866469291,0.848311529,0.830153766,,,,,,,,,,
policy_shell_ff55mixscn.xml,Belgium,resid EUR_d7,shell.conductance,0.946644059,0.90278472,0.884028498,0.865272277,0.846516055,0.827759737,,,,,,,,,,
policy_shell_ff55mixscn.xml,Belgium,resid EUR_d8,shell.conductance,0.946644059,0.90278472,0.883349762,0.863914804,0.844479846,0.825044888,,,,,,,,,,
policy_shell_ff55mixscn.xml,Belgium,resid EUR_d9,shell.conductance,0.946644059,0.90278472,0.882531628,0.862278536,0.842025444,0.821772352,,,,,,,,,,
policy_shell_ff55mixscn.xml,Bulgaria,resid EUR_d1,shell.conductance,,,,,,,,,,,,,,,,
policy_shell_ff55mixscn.xml,Bulgaria,resid EUR_d10,shell.conductance,,,,,,,,,,,,,,,,
policy_shell_ff55mixscn.xml,Bulgaria,resid EUR_d2,shell.conductance,,,,,,,,,,,,,,,,
policy_shell_ff55mixscn.xml,Bulgaria,resid EUR_d3,shell.conductance,,,,,,,,,,,,,,,,
policy_shell_ff55mixscn.xml,Bulgaria,resid EUR_d4,shell.conductance,,,,,,,,,,,,,,,,
policy_shell_ff55mixscn.xml,Bulgaria,resid EUR_d5,shell.conductance,,,,,,,,,,,,,,,,
policy_shell_ff55mixscn.xml,Bulgaria,resid EUR_d6,shell.conductance,,,,,,,,,,,,,,,,
policy_shell_ff55mixscn.xml,Bulgaria,resid EUR_d7,shell.conductance,,,,,,,,,,,,,,,,
policy_shell_ff55mixscn.xml,Bulgaria,resid EUR_d8,shell.conductance,,,,,,,,,,,,,,,,
policy_shell_ff55mixscn.xml,Bulgaria,resid EUR_d9,shell.conductance,,,,,,,,,,,,,,,,
policy_shell_ff55mixscn.xml,Croatia,resid EUR_d1,shell.conductance,,,,,,,,,,,,,,,,
policy_shell_ff55mixscn.xml,Croatia,resid EUR_d10,shell.conductance,,,,,,,,,,,,,,,,
policy_shell_ff55mixscn.xml,Croatia,resid EUR_d2,shell.conductance,,,,,,,,,,,,,,,,
policy_shell_ff55mixscn.xml,Croatia,resid EUR_d3,shell.conductance,,,,,,,,,,,,,,,,
policy_shell_ff55mixscn.xml,Croatia,resid EUR_d4,shell.conductance,,,,,,,,,,,,,,,,
policy_shell_ff55mixscn.xml,Croatia,resid EUR_d5,shell.conductance,,,,,,,,,,,,,,,,
policy_shell_ff55mixscn.xml,Croatia,resid EUR_d6,shell.conductance,,,,,,,,,,,,,,,,
policy_shell_ff55mixscn.xml,Croatia,resid EUR_d7,shell.conductance,,,,,,,,,,,,,,,,
policy_shell_ff55mixscn.xml,Croatia,resid EUR_d8,shell.conductance,,,,,,,,,,,,,,,,
policy_shell_ff55mixscn.xml,Croatia,resid EUR_d9,shell.conductance,,,,,,,,,,,,,,,,
policy_shell_ff55mixscn.xml,Cyprus,resid EUR_d1,shell.conductance,0.954210654,0.924750101,0.912630526,0.900510854,0.888391279,0.876271607,,,,,,,,,,
policy_shell_ff55mixscn.xml,Cyprus,resid EUR_d10,shell.conductance,0.954210654,0.924750101,0.901584125,0.878418148,0.855252171,0.832086294,,,,,,,,,,
policy_shell_ff55mixscn.xml,Cyprus,resid EUR_d2,shell.conductance,0.954210654,0.924750101,0.90984222,0.894934436,0.880026653,0.865118771,,,,,,,,,,
policy_shell_ff55mixscn.xml,Cyprus,resid EUR_d3,shell.conductance,0.954210654,0.924750101,0.908600499,0.892450896,0.876301196,0.860151593,,,,,,,,,,
policy_shell_ff55mixscn.xml,Cyprus,resid EUR_d4,shell.conductance,0.954210654,0.924750101,0.907654488,0.890558973,0.873463458,0.856367844,,,,,,,,,,
policy_shell_ff55mixscn.xml,Cyprus,resid EUR_d5,shell.conductance,0.954210654,0.924750101,0.906997428,0.889244755,0.871492082,0.853739409,,,,,,,,,,
policy_shell_ff55mixscn.xml,Cyprus,resid EUR_d6,shell.conductance,0.954210654,0.924750101,0.906328489,0.887906876,0.869485263,0.851063552,,,,,,,,,,
policy_shell_ff55mixscn.xml,Cyprus,resid EUR_d7,shell.conductance,0.954210654,0.924750101,0.905720142,0.886690183,0.867660323,0.848630364,,,,,,,,,,
policy_shell_ff55mixscn.xml,Cyprus,resid EUR_d8,shell.conductance,0.954210654,0.924750101,0.904924637,0.885099074,0.86527361,0.845448047,,,,,,,,,,
policy_shell_ff55mixscn.xml,Cyprus,resid EUR_d9,shell.conductance,0.954210654,0.924750101,0.903973616,0.883197032,0.862420547,0.841643962,,,,,,,,,,
policy_shell_ff55mixscn.xml,Czech Republic,resid EUR_d1,shell.conductance,,,,,,,,,,,,,,,,
policy_shell_ff55mixscn.xml,Czech Republic,resid EUR_d10,shell.conductance,,,,,,,,,,,,,,,,
policy_shell_ff55mixscn.xml,Czech Republic,resid EUR_d2,shell.conductance,,,,,,,,,,,,,,,,
policy_shell_ff55mixscn.xml,Czech Republic,resid EUR_d3,shell.conductance,,,,,,,,,,,,,,,,
policy_shell_ff55mixscn.xml,Czech Republic,resid EUR_d4,shell.conductance,,,,,,,,,,,,,,,,
policy_shell_ff55mixscn.xml,Czech Republic,resid EUR_d5,shell.conductance,,,,,,,,,,,,,,,,
policy_shell_ff55mixscn.xml,Czech Republic,resid EUR_d6,shell.conductance,,,,,,,,,,,,,,,,
policy_shell_ff55mixscn.xml,Czech Republic,resid EUR_d7,shell.conductance,,,,,,,,,,,,,,,,
policy_shell_ff55mixscn.xml,Czech Republic,resid EUR_d8,shell.conductance,,,,,,,,,,,,,,,,
policy_shell_ff55mixscn.xml,Czech Republic,resid EUR_d9,shell.conductance,,,,,,,,,,,,,,,,
policy_shell_ff55mixscn.xml,Denmark,resid EUR_d1,shell.conductance,0.950611986,0.932988824,0.919604645,0.906220565,0.892836387,0.879452209,,,,,,,,,,
policy_shell_ff55mixscn.xml,Denmark,resid EUR_d10,shell.conductance,0.950611986,0.932988824,0.910105259,0.887221795,0.864338332,0.841454868,,,,,,,,,,
policy_shell_ff55mixscn.xml,Denmark,resid EUR_d2,shell.conductance,0.950611986,0.932988824,0.917403254,0.901817586,0.886232016,0.870646347,,,,,,,,,,
policy_shell_ff55mixscn.xml,Denmark,resid EUR_d3,shell.conductance,0.950611986,0.932988824,0.916278983,0.899569043,0.882859202,0.866149263,,,,,,,,,,
policy_shell_ff55mixscn.xml,Denmark,resid EUR_d4,shell.conductance,0.950611986,0.932988824,0.91548606,0.897983397,0.880480733,0.862977969,,,,,,,,,,
policy_shell_ff55mixscn.xml,Denmark,resid EUR_d5,shell.conductance,0.950611986,0.932988824,0.91482338,0.896657936,0.878492492,0.860326948,,,,,,,,,,
policy_shell_ff55mixscn.xml,Denmark,resid EUR_d6,shell.conductance,0.950611986,0.932988824,0.914223564,0.895458404,0.876693145,0.857927885,,,,,,,,,,
policy_shell_ff55mixscn.xml,Denmark,resid EUR_d7,shell.conductance,0.950611986,0.932988824,0.913605083,0.894221342,0.874837601,0.85545376,,,,,,,,,,
policy_shell_ff55mixscn.xml,Denmark,resid EUR_d8,shell.conductance,0.950611986,0.932988824,0.912903638,0.892818453,0.872733268,0.852648082,,,,,,,,,,
policy_shell_ff55mixscn.xml,Denmark,resid EUR_d9,shell.conductance,0.950611986,0.932988824,0.912058132,0.891127441,0.870196749,0.849266058,,,,,,,,,,
policy_shell_ff55mixscn.xml,Estonia,resid EUR_d1,shell.conductance,,,,,,,,,,,,,,,,
policy_shell_ff55mixscn.xml,Estonia,resid EUR_d10,shell.conductance,,,,,,,,,,,,,,,,
policy_shell_ff55mixscn.xml,Estonia,resid EUR_d2,shell.conductance,,,,,,,,,,,,,,,,
policy_shell_ff55mixscn.xml,Estonia,resid EUR_d3,shell.conductance,,,,,,,,,,,,,,,,
policy_shell_ff55mixscn.xml,Estonia,resid EUR_d4,shell.conductance,,,,,,,,,,,,,,,,
policy_shell_ff55mixscn.xml,Estonia,resid EUR_d5,shell.conductance,,,,,,,,,,,,,,,,
policy_shell_ff55mixscn.xml,Estonia,resid EUR_d6,shell.conductance,,,,,,,,,,,,,,,,
policy_shell_ff55mixscn.xml,Estonia,resid EUR_d7,shell.conductance,,,,,,,,,,,,,,,,
policy_shell_ff55mixscn.xml,Estonia,resid EUR_d8,shell.conductance,,,,,,,,,,,,,,,,
policy_shell_ff55mixscn.xml,Estonia,resid EUR_d9,shell.conductance,,,,,,,,,,,,,,,,
policy_shell_ff55mixscn.xml,Finland,resid EUR_d1,shell.conductance,,,,,,,,,,,,,,,,
policy_shell_ff55mixscn.xml,Finland,resid EUR_d10,shell.conductance,,,,,,,,,,,,,,,,
policy_shell_ff55mixscn.xml,Finland,resid EUR_d2,shell.conductance,,,,,,,,,,,,,,,,
policy_shell_ff55mixscn.xml,Finland,resid EUR_d3,shell.conductance,,,,,,,,,,,,,,,,
policy_shell_ff55mixscn.xml,Finland,resid EUR_d4,shell.conductance,,,,,,,,,,,,,,,,
policy_shell_ff55mixscn.xml,Finland,resid EUR_d5,shell.conductance,,,,,,,,,,,,,,,,
policy_shell_ff55mixscn.xml,Finland,resid EUR_d6,shell.conductance,,,,,,,,,,,,,,,,
policy_shell_ff55mixscn.xml,Finland,resid EUR_d7,shell.conductance,,,,,,,,,,,,,,,,
policy_shell_ff55mixscn.xml,Finland,resid EUR_d8,shell.conductance,,,,,,,,,,,,,,,,
policy_shell_ff55mixscn.xml,Finland,resid EUR_d9,shell.conductance,,,,,,,,,,,,,,,,
policy_shell_ff55mixscn.xml,France,resid EUR_d1,shell.conductance,0.945593678,0.911173222,0.898101999,0.885030872,0.871959649,0.858888426,,,,,,,,,,
policy_shell_ff55mixscn.xml,France,resid EUR_d10,shell.conductance,0.945593678,0.911173222,0.888824732,0.86647634,0.844127949,0.821779558,,,,,,,,,,
policy_shell_ff55mixscn.xml,France,resid EUR_d2,shell.conductance,0.945593678,0.911173222,0.895952082,0.880730845,0.865509705,0.850288468,,,,,,,,,,
policy_shell_ff55mixscn.xml,France,resid EUR_d3,shell.conductance,0.945593678,0.911173222,0.894854099,0.878534879,0.862215756,0.845896536,,,,,,,,,,
policy_shell_ff55mixscn.xml,France,resid EUR_d4,shell.conductance,0.945593678,0.911173222,0.894079717,0.876986309,0.859892901,0.842799396,,,,,,,,,,
policy_shell_ff55mixscn.xml,France,resid EUR_d5,shell.conductance,0.945593678,0.911173222,0.893432531,0.875691841,0.85795115,0.840210362,,,,,,,,,,
policy_shell_ff55mixscn.xml,France,resid EUR_d6,shell.conductance,0.945593678,0.911173222,0.892846741,0.874520357,0.856193876,0.837867395,,,,,,,,,,
policy_shell_ff55mixscn.xml,France,resid EUR_d7,shell.conductance,0.945593678,0.911173222,0.892242721,0.87331222,0.85438172,0.835451121,,,,,,,,,,
policy_shell_ff55mixscn.xml,France,resid EUR_d8,shell.conductance,0.945593678,0.911173222,0.891557678,0.871942134,0.852326591,0.832711047,,,,,,,,,,
policy_shell_ff55mixscn.xml,France,resid EUR_d9,shell.conductance,0.945593678,0.911173222,0.890731942,0.870290662,0.849849382,0.829408103,,,,,,,,,,
policy_shell_ff55mixscn.xml,Germany,resid EUR_d1,shell.conductance,0.947417234,0.918155084,0.904983703,0.891812419,0.878641037,0.865469656,,,,,,,,,,
policy_shell_ff55mixscn.xml,Germany,resid EUR_d10,shell.conductance,0.947417234,0.918155084,0.895635349,0.873115713,0.850596077,0.828076442,,,,,,,,,,
policy_shell_ff55mixscn.xml,Germany,resid EUR_d2,shell.conductance,0.947417234,0.918155084,0.902817312,0.887479443,0.87214167,0.856803801,,,,,,,,,,
policy_shell_ff55mixscn.xml,Germany,resid EUR_d3,shell.conductance,0.947417234,0.918155084,0.901710916,0.88526665,0.868822482,0.852378216,,,,,,,,,,
policy_shell_ff55mixscn.xml,Germany,resid EUR_d4,shell.conductance,0.947417234,0.918155084,0.9009306,0.883706214,0.866481828,0.849257344,,,,,,,,,,
policy_shell_ff55mixscn.xml,Germany,resid EUR_d5,shell.conductance,0.947417234,0.918155084,0.900278456,0.882401827,0.864525198,0.846648472,,,,,,,,,,
policy_shell_ff55mixscn.xml,Germany,resid EUR_d6,shell.conductance,0.947417234,0.918155084,0.899688176,0.881221367,0.862754459,0.844287552,,,,,,,,,,
policy_shell_ff55mixscn.xml,Germany,resid EUR_d7,shell.conductance,0.947417234,0.918155084,0.899079529,0.880003973,0.860928417,0.841852763,,,,,,,,,,
policy_shell_ff55mixscn.xml,Germany,resid EUR_d8,shell.conductance,0.947417234,0.918155084,0.898389236,0.878623389,0.858857541,0.839091693,,,,,,,,,,
policy_shell_ff55mixscn.xml,Germany,resid EUR_d9,shell.conductance,0.947417234,0.918155084,0.897557173,0.876959262,0.856361351,0.83576344,,,,,,,,,,
policy_shell_ff55mixscn.xml,Greece,resid EUR_d1,shell.conductance,0.957495244,0.928727349,0.915404304,0.902081356,0.888758311,0.875435265,,,,,,,,,,
policy_shell_ff55mixscn.xml,Greece,resid EUR_d10,shell.conductance,0.957495244,0.928727349,0.905948307,0.883169364,0.860390422,0.83761148,,,,,,,,,,
policy_shell_ff55mixscn.xml,Greece,resid EUR_d2,shell.conductance,0.957495244,0.928727349,0.913212968,0.897698487,0.882184106,0.866669625,,,,,,,,,,
policy_shell_ff55mixscn.xml,Greece,resid EUR_d3,shell.conductance,0.957495244,0.928727349,0.912093832,0.895460215,0.878826698,0.862193081,,,,,,,,,,
policy_shell_ff55mixscn.xml,Greece,resid EUR_d4,shell.conductance,0.957495244,0.928727349,0.911304531,0.893881811,0.876459092,0.859036273,,,,,,,,,,
policy_shell_ff55mixscn.xml,Greece,resid EUR_d5,shell.conductance,0.957495244,0.928727349,0.910644877,0.892562405,0.874479932,0.856397361,,,,,,,,,,
policy_shell_ff55mixscn.xml,Greece,resid EUR_d6,shell.conductance,0.957495244,0.928727349,0.910047801,0.891368352,0.872688804,0.854009256,,,,,,,,,,
policy_shell_ff55mixscn.xml,Greece,resid EUR_d7,shell.conductance,0.957495244,0.928727349,0.909432145,0.89013694,0.870841736,0.851546431,,,,,,,,,,
policy_shell_ff55mixscn.xml,Greece,resid EUR_d8,shell.conductance,0.957495244,0.928727349,0.908733904,0.888740459,0.868747014,0.848753568,,,,,,,,,,
policy_shell_ff55mixscn.xml,Greece,resid EUR_d9,shell.conductance,0.957495244,0.928727349,0.90789226,0.88705717,0.866222081,0.845386991,,,,,,,,,,
policy_shell_ff55mixscn.xml,Hungary,resid EUR_d1,shell.conductance,1.067587206,1.038818004,1.019103132,0.999388357,0.979673484,0.959958709,,,,,,,,,,
policy_shell_ff55mixscn.xml,Hungary,resid EUR_d10,shell.conductance,1.067587206,1.038818004,1.007793829,0.976769653,0.945745377,0.914721201,,,,,,,,,,
policy_shell_ff55mixscn.xml,Hungary,resid EUR_d2,shell.conductance,1.067587206,1.038818004,1.016241168,0.993664331,0.971087495,0.948510658,,,,,,,,,,
policy_shell_ff55mixscn.xml,Hungary,resid EUR_d3,shell.conductance,1.067587206,1.038818004,1.014968119,0.991118234,0.967268349,0.943418562,,,,,,,,,,
policy_shell_ff55mixscn.xml,Hungary,resid EUR_d4,shell.conductance,1.067587206,1.038818004,1.013999105,0.989180107,0.964361208,0.93954221,,,,,,,,,,
policy_shell_ff55mixscn.xml,Hungary,resid EUR_d5,shell.conductance,1.067587206,1.038818004,1.013326207,0.987834411,0.962342614,0.936850817,,,,,,,,,,
policy_shell_ff55mixscn.xml,Hungary,resid EUR_d6,shell.conductance,1.067587206,1.038818004,1.012641553,0.986465003,0.960288551,0.934112001,,,,,,,,,,
policy_shell_ff55mixscn.xml,Hungary,resid EUR_d7,shell.conductance,1.067587206,1.038818004,1.012019089,0.985220273,0.958421358,0.931622542,,,,,,,,,,
policy_shell_ff55mixscn.xml,Hungary,resid EUR_d8,shell.conductance,1.067587206,1.038818004,1.011205521,0.983593039,0.955980556,0.928368073,,,,,,,,,,
policy_shell_ff55mixscn.xml,Hungary,resid EUR_d9,shell.conductance,1.067587206,1.038818004,1.010233475,0.981648947,0.953064418,0.924479889,,,,,,,,,,
policy_shell_ff55mixscn.xml,Ireland,resid EUR_d1,shell.conductance,0.923217816,0.888839072,0.876088243,0.863337508,0.850586679,0.837835851,,,,,,,,,,
policy_shell_ff55mixscn.xml,Ireland,resid EUR_d10,shell.conductance,0.923217816,0.888839072,0.867038375,0.845237775,0.823437174,0.801636574,,,,,,,,,,
policy_shell_ff55mixscn.xml,Ireland,resid EUR_d2,shell.conductance,0.923217816,0.888839072,0.873991024,0.859142881,0.844294832,0.82944669,,,,,,,,,,
policy_shell_ff55mixscn.xml,Ireland,resid EUR_d3,shell.conductance,0.923217816,0.888839072,0.872919954,0.857000741,0.841081623,0.82516241,,,,,,,,,,
policy_shell_ff55mixscn.xml,Ireland,resid EUR_d4,shell.conductance,0.923217816,0.888839072,0.872164553,0.855490129,0.838815704,0.822141185,,,,,,,,,,
policy_shell_ff55mixscn.xml,Ireland,resid EUR_d5,shell.conductance,0.923217816,0.888839072,0.871533231,0.85422739,0.836921549,0.819615613,,,,,,,,,,
policy_shell_ff55mixscn.xml,Ireland,resid EUR_d6,shell.conductance,0.923217816,0.888839072,0.870961799,0.853084621,0.835207348,0.817330075,,,,,,,,,,
policy_shell_ff55mixscn.xml,Ireland,resid EUR_d7,shell.conductance,0.923217816,0.888839072,0.870372585,0.851906097,0.83343961,0.814973028,,,,,,,,,,
policy_shell_ff55mixscn.xml,Ireland,resid EUR_d8,shell.conductance,0.923217816,0.888839072,0.869704333,0.850569594,0.831434855,0.812300116,,,,,,,,,,
policy_shell_ff55mixscn.xml,Ireland,resid EUR_d9,shell.conductance,0.923217816,0.888839072,0.868898837,0.848958602,0.829018367,0.809078132,,,,,,,,,,
policy_shell_ff55mixscn.xml,Italy,resid EUR_d1,shell.conductance,0.952443333,0.909112399,0.89607074,0.883029176,0.869987516,0.856945857,,,,,,,,,,
policy_shell_ff55mixscn.xml,Italy,resid EUR_d10,shell.conductance,0.952443333,0.909112399,0.886814455,0.86451661,0.842218764,0.819920919,,,,,,,,,,
policy_shell_ff55mixscn.xml,Italy,resid EUR_d2,shell.conductance,0.952443333,0.909112399,0.893925685,0.878738874,0.86355216,0.84836535,,,,,,,,,,
policy_shell_ff55mixscn.xml,Italy,resid EUR_d3,shell.conductance,0.952443333,0.909112399,0.892830185,0.876547875,0.860265661,0.843983351,,,,,,,,,,
policy_shell_ff55mixscn.xml,Italy,resid EUR_d4,shell.conductance,0.952443333,0.909112399,0.892057555,0.875002807,0.85794806,0.840893216,,,,,,,,,,
policy_shell_ff55mixscn.xml,Italy,resid EUR_d5,shell.conductance,0.952443333,0.909112399,0.891411833,0.873711267,0.856010701,0.838310038,,,,,,,,,,
policy_shell_ff55mixscn.xml,Italy,resid EUR_d6,shell.conductance,0.952443333,0.909112399,0.890827367,0.872542433,0.854257402,0.83597237,,,,,,,,,,
policy_shell_ff55mixscn.xml,Italy,resid EUR_d7,shell.conductance,0.952443333,0.909112399,0.890224714,0.871337029,0.852449344,0.833561561,,,,,,,,,,
policy_shell_ff55mixscn.xml,Italy,resid EUR_d8,shell.conductance,0.952443333,0.909112399,0.88954122,0.869970042,0.850398863,0.830827684,,,,,,,,,,
policy_shell_ff55mixscn.xml,Italy,resid EUR_d9,shell.conductance,0.952443333,0.909112399,0.888717352,0.868322305,0.847927257,0.82753221,,,,,,,,,,
policy_shell_ff55mixscn.xml,Latvia,resid EUR_d1,shell.conductance,,,,,,,,,,,,,,,,
policy_shell_ff55mixscn.xml,Latvia,resid EUR_d10,shell.conductance,,,,,,,,,,,,,,,,
policy_shell_ff55mixscn.xml,Latvia,resid EUR_d2,shell.conductance,,,,,,,,,,,,,,,,
policy_shell_ff55mixscn.xml,Latvia,resid EUR_d3,shell.conductance,,,,,,,,,,,,,,,,
policy_shell_ff55mixscn.xml,Latvia,resid EUR_d4,shell.conductance,,,,,,,,,,,,,,,,
policy_shell_ff55mixscn.xml,Latvia,resid EUR_d5,shell.conductance,,,,,,,,,,,,,,,,
policy_shell_ff55mixscn.xml,Latvia,resid EUR_d6,shell.conductance,,,,,,,,,,,,,,,,
policy_shell_ff55mixscn.xml,Latvia,resid EUR_d7,shell.conductance,,,,,,,,,,,,,,,,
policy_shell_ff55mixscn.xml,Latvia,resid EUR_d8,shell.conductance,,,,,,,,,,,,,,,,
policy_shell_ff55mixscn.xml,Latvia,resid EUR_d9,shell.conductance,,,,,,,,,,,,,,,,
policy_shell_ff55mixscn.xml,Lithuania,resid EUR_d1,shell.conductance,1.155949719,1.11266845,1.090455742,1.06824313,1.046030421,1.02381781,,,,,,,,,,
policy_shell_ff55mixscn.xml,Lithuania,resid EUR_d10,shell.conductance,1.155949719,1.11266845,1.078543634,1.044418817,1.010294001,0.976169184,,,,,,,,,,
policy_shell_ff55mixscn.xml,Lithuania,resid EUR_d2,shell.conductance,1.155949719,1.11266845,1.087439962,1.062211376,1.036982887,1.011754399,,,,,,,,,,
policy_shell_ff55mixscn.xml,Lithuania,resid EUR_d3,shell.conductance,1.155949719,1.11266845,1.086098748,1.059529045,1.032959342,1.006389738,,,,,,,,,,
policy_shell_ff55mixscn.xml,Lithuania,resid EUR_d4,shell.conductance,1.155949719,1.11266845,1.085077911,1.057487372,1.029896833,1.002306293,,,,,,,,,,
policy_shell_ff55mixscn.xml,Lithuania,resid EUR_d5,shell.conductance,1.155949719,1.11266845,1.084369236,1.056069922,1.027770708,0.999471394,,,,,,,,,,
policy_shell_ff55mixscn.xml,Lithuania,resid EUR_d6,shell.conductance,1.155949719,1.11266845,1.08364799,1.05462753,1.02560717,0.99658671,,,,,,,,,,
policy_shell_ff55mixscn.xml,Lithuania,resid EUR_d7,shell.conductance,1.155949719,1.11266845,1.082992619,1.053316688,1.023640856,0.993964925,,,,,,,,,,
policy_shell_ff55mixscn.xml,Lithuania,resid EUR_d8,shell.conductance,1.155949719,1.11266845,1.082135662,1.051602974,1.021070286,0.990537597,,,,,,,,,,
policy_shell_ff55mixscn.xml,Lithuania,resid EUR_d9,shell.conductance,1.155949719,1.11266845,1.081112209,1.049555968,1.017999627,0.986443386,,,,,,,,,,
policy_shell_ff55mixscn.xml,Luxembourg,resid EUR_d1,shell.conductance,,,,,,,,,,,,,,,,
policy_shell_ff55mixscn.xml,Luxembourg,resid EUR_d10,shell.conductance,,,,,,,,,,,,,,,,
policy_shell_ff55mixscn.xml,Luxembourg,resid EUR_d2,shell.conductance,,,,,,,,,,,,,,,,
policy_shell_ff55mixscn.xml,Luxembourg,resid EUR_d3,shell.conductance,,,,,,,,,,,,,,,,
policy_shell_ff55mixscn.xml,Luxembourg,resid EUR_d4,shell.conductance,,,,,,,,,,,,,,,,
policy_shell_ff55mixscn.xml,Luxembourg,resid EUR_d5,shell.conductance,,,,,,,,,,,,,,,,
policy_shell_ff55mixscn.xml,Luxembourg,resid EUR_d6,shell.conductance,,,,,,,,,,,,,,,,
policy_shell_ff55mixscn.xml,Luxembourg,resid EUR_d7,shell.conductance,,,,,,,,,,,,,,,,
policy_shell_ff55mixscn.xml,Luxembourg,resid EUR_d8,shell.conductance,,,,,,,,,,,,,,,,
policy_shell_ff55mixscn.xml,Luxembourg,resid EUR_d9,shell.conductance,,,,,,,,,,,,,,,,
policy_shell_ff55mixscn.xml,Malta,resid EUR_d1,shell.conductance,,,,,,,,,,,,,,,,
policy_shell_ff55mixscn.xml,Malta,resid EUR_d10,shell.conductance,,,,,,,,,,,,,,,,
policy_shell_ff55mixscn.xml,Malta,resid EUR_d2,shell.conductance,,,,,,,,,,,,,,,,
policy_shell_ff55mixscn.xml,Malta,resid EUR_d3,shell.conductance,,,,,,,,,,,,,,,,
policy_shell_ff55mixscn.xml,Malta,resid EUR_d4,shell.conductance,,,,,,,,,,,,,,,,
policy_shell_ff55mixscn.xml,Malta,resid EUR_d5,shell.conductance,,,,,,,,,,,,,,,,
policy_shell_ff55mixscn.xml,Malta,resid EUR_d6,shell.conductance,,,,,,,,,,,,,,,,
policy_shell_ff55mixscn.xml,Malta,resid EUR_d7,shell.conductance,,,,,,,,,,,,,,,,
policy_shell_ff55mixscn.xml,Malta,resid EUR_d8,shell.conductance,,,,,,,,,,,,,,,,
policy_shell_ff55mixscn.xml,Malta,resid EUR_d9,shell.conductance,,,,,,,,,,,,,,,,
policy_shell_ff55mixscn.xml,Netherlands,resid EUR_d1,shell.conductance,0.976329241,0.976329241,0.976329241,0.976329241,0.976329241,0.976329241,,,,,,,,,,
policy_shell_ff55mixscn.xml,Netherlands,resid EUR_d10,shell.conductance,0.940331194,0.899829143,0.877758891,0.855688736,0.833618582,0.811548427,,,,,,,,,,
policy_shell_ff55mixscn.xml,Netherlands,resid EUR_d2,shell.conductance,0.940331194,0.899829143,0.884797505,0.869765772,0.854734135,0.839702402,,,,,,,,,,
policy_shell_ff55mixscn.xml,Netherlands,resid EUR_d3,shell.conductance,0.940331194,0.899829143,0.883713192,0.867597146,0.851481196,0.83536515,,,,,,,,,,
policy_shell_ff55mixscn.xml,Netherlands,resid EUR_d4,shell.conductance,0.940331194,0.899829143,0.882948451,0.866067856,0.84918726,0.832306569,,,,,,,,,,
policy_shell_ff55mixscn.xml,Netherlands,resid EUR_d5,shell.conductance,0.940331194,0.899829143,0.882309323,0.864789504,0.847269684,0.829749768,,,,,,,,,,
policy_shell_ff55mixscn.xml,Netherlands,resid EUR_d6,shell.conductance,0.940331194,0.899829143,0.881730826,0.863632605,0.845534288,0.827435971,,,,,,,,,,
policy_shell_ff55mixscn.xml,Netherlands,resid EUR_d7,shell.conductance,0.940331194,0.899829143,0.881134326,0.86243951,0.843744693,0.82504978,,,,,,,,,,
policy_shell_ff55mixscn.xml,Netherlands,resid EUR_d8,shell.conductance,0.940331194,0.899829143,0.880457812,0.861086481,0.84171515,0.82234382,,,,,,,,,,
policy_shell_ff55mixscn.xml,Netherlands,resid EUR_d9,shell.conductance,0.940331194,0.899829143,0.879642356,0.85945557,0.839268783,0.819081997,,,,,,,,,,
policy_shell_ff55mixscn.xml,Poland,resid EUR_d1,shell.conductance,1.075207452,1.030593084,1.011034305,0.991475623,0.971916845,0.952358163,,,,,,,,,,
policy_shell_ff55mixscn.xml,Poland,resid EUR_d10,shell.conductance,1.075207452,1.030593084,0.999814544,0.969036005,0.938257366,0.907478826,,,,,,,,,,
policy_shell_ff55mixscn.xml,Poland,resid EUR_d2,shell.conductance,1.075207452,1.030593084,1.008195001,0.985796918,0.963398836,0.941000753,,,,,,,,,,
policy_shell_ff55mixscn.xml,Poland,resid EUR_d3,shell.conductance,1.075207452,1.030593084,1.006932032,0.98327098,0.959609928,0.935948974,,,,,,,,,,
policy_shell_ff55mixscn.xml,Poland,resid EUR_d4,shell.conductance,1.075207452,1.030593084,1.00597069,0.981348199,0.956725805,0.932103313,,,,,,,,,,
policy_shell_ff55mixscn.xml,Poland,resid EUR_d5,shell.conductance,1.075207452,1.030593084,1.00530312,0.980013157,0.954723193,0.92943323,,,,,,,,,,
policy_shell_ff55mixscn.xml,Poland,resid EUR_d6,shell.conductance,1.075207452,1.030593084,1.004623887,0.978654591,0.952685394,0.926716098,,,,,,,,,,
policy_shell_ff55mixscn.xml,Poland,resid EUR_d7,shell.conductance,1.075207452,1.030593084,1.004006351,0.977419717,0.950832984,0.92424635,,,,,,,,,,
policy_shell_ff55mixscn.xml,Poland,resid EUR_d8,shell.conductance,1.075207452,1.030593084,1.003199225,0.975805366,0.948411507,0.921017648,,,,,,,,,,
policy_shell_ff55mixscn.xml,Poland,resid EUR_d9,shell.conductance,1.075207452,1.030593084,1.002234875,0.973876666,0.945518458,0.917160249,,,,,,,,,,
policy_shell_ff55mixscn.xml,Portugal,resid EUR_d1,shell.conductance,0.952945012,0.91111946,0.898049008,0.884978652,0.871908201,0.858837749,,,,,,,,,,
policy_shell_ff55mixscn.xml,Portugal,resid EUR_d10,shell.conductance,0.952945012,0.91111946,0.888772288,0.866425216,0.844078143,0.82173107,,,,,,,,,,
policy_shell_ff55mixscn.xml,Portugal,resid EUR_d2,shell.conductance,0.952945012,0.91111946,0.895899218,0.880678879,0.865458637,0.850238298,,,,,,,,,,
policy_shell_ff55mixscn.xml,Portugal,resid EUR_d3,shell.conductance,0.952945012,0.91111946,0.8948013,0.878483043,0.862164883,0.845846626,,,,,,,,,,
policy_shell_ff55mixscn.xml,Portugal,resid EUR_d4,shell.conductance,0.952945012,0.91111946,0.894026963,0.876934564,0.859842164,0.842749668,,,,,,,,,,
policy_shell_ff55mixscn.xml,Portugal,resid EUR_d5,shell.conductance,0.952945012,0.91111946,0.893379816,0.875640172,0.857900528,0.840160787,,,,,,,,,,
policy_shell_ff55mixscn.xml,Portugal,resid EUR_d6,shell.conductance,0.952945012,0.91111946,0.89279406,0.874468758,0.856143358,0.837817958,,,,,,,,,,
policy_shell_ff55mixscn.xml,Portugal,resid EUR_d7,shell.conductance,0.952945012,0.91111946,0.892190076,0.873260692,0.854331309,0.835401827,,,,,,,,,,
policy_shell_ff55mixscn.xml,Portugal,resid EUR_d8,shell.conductance,0.952945012,0.91111946,0.891505073,0.871890687,0.852276301,0.832661914,,,,,,,,,,
policy_shell_ff55mixscn.xml,Portugal,resid EUR_d9,shell.conductance,0.952945012,0.91111946,0.890679386,0.870239312,0.849799239,0.829359165,,,,,,,,,,
policy_shell_ff55mixscn.xml,Romania,resid EUR_d1,shell.conductance,,,,,,,,,,,,,,,,
policy_shell_ff55mixscn.xml,Romania,resid EUR_d10,shell.conductance,,,,,,,,,,,,,,,,
policy_shell_ff55mixscn.xml,Romania,resid EUR_d2,shell.conductance,,,,,,,,,,,,,,,,
policy_shell_ff55mixscn.xml,Romania,resid EUR_d3,shell.conductance,,,,,,,,,,,,,,,,
policy_shell_ff55mixscn.xml,Romania,resid EUR_d4,shell.conductance,,,,,,,,,,,,,,,,
policy_shell_ff55mixscn.xml,Romania,resid EUR_d5,shell.conductance,,,,,,,,,,,,,,,,
policy_shell_ff55mixscn.xml,Romania,resid EUR_d6,shell.conductance,,,,,,,,,,,,,,,,
policy_shell_ff55mixscn.xml,Romania,resid EUR_d7,shell.conductance,,,,,,,,,,,,,,,,
policy_shell_ff55mixscn.xml,Romania,resid EUR_d8,shell.conductance,,,,,,,,,,,,,,,,
policy_shell_ff55mixscn.xml,Romania,resid EUR_d9,shell.conductance,,,,,,,,,,,,,,,,
policy_shell_ff55mixscn.xml,Slovakia,resid EUR_d1,shell.conductance,1.052496461,1.011354672,0.992161003,0.972967429,0.953773761,0.934580187,,,,,,,,,,
policy_shell_ff55mixscn.xml,Slovakia,resid EUR_d10,shell.conductance,1.052496461,1.011354672,0.981150685,0.950946699,0.920742614,0.890538628,,,,,,,,,,
policy_shell_ff55mixscn.xml,Slovakia,resid EUR_d2,shell.conductance,1.052496461,1.011354672,0.989374701,0.967394731,0.94541476,0.92343479,,,,,,,,,,
policy_shell_ff55mixscn.xml,Slovakia,resid EUR_d3,shell.conductance,1.052496461,1.011354672,0.988135308,0.964915945,0.941696581,0.918477314,,,,,,,,,,
policy_shell_ff55mixscn.xml,Slovakia,resid EUR_d4,shell.conductance,1.052496461,1.011354672,0.987191912,0.963029056,0.938866297,0.914703441,,,,,,,,,,
policy_shell_ff55mixscn.xml,Slovakia,resid EUR_d5,shell.conductance,1.052496461,1.011354672,0.986536804,0.961718936,0.936901069,0.912083201,,,,,,,,,,
policy_shell_ff55mixscn.xml,Slovakia,resid EUR_d6,shell.conductance,1.052496461,1.011354672,0.98587025,0.960385731,0.93490131,0.909416791,,,,,,,,,,
policy_shell_ff55mixscn.xml,Slovakia,resid EUR_d7,shell.conductance,1.052496461,1.011354672,0.985264242,0.959173909,0.933083479,0.906993146,,,,,,,,,,
policy_shell_ff55mixscn.xml,Slovakia,resid EUR_d8,shell.conductance,1.052496461,1.011354672,0.984472183,0.957589694,0.930707205,0.903824716,,,,,,,,,,
policy_shell_ff55mixscn.xml,Slovakia,resid EUR_d9,shell.conductance,1.052496461,1.011354672,0.983525835,0.955696998,0.927868161,0.900039324,,,,,,,,,,
policy_shell_ff55mixscn.xml,Slovenia,resid EUR_d1,shell.conductance,1.030965126,0.991982819,0.973156793,0.95433086,0.935504834,0.916678901,,,,,,,,,,
policy_shell_ff55mixscn.xml,Slovenia,resid EUR_d10,shell.conductance,1.030965126,0.991982819,0.96235737,0.932731922,0.903106378,0.873480929,,,,,,,,,,
policy_shell_ff55mixscn.xml,Slovenia,resid EUR_d2,shell.conductance,1.030965126,0.991982819,0.970423861,0.948864903,0.927305945,0.905746986,,,,,,,,,,
policy_shell_ff55mixscn.xml,Slovenia,resid EUR_d3,shell.conductance,1.030965126,0.991982819,0.969208208,0.946433596,0.923658985,0.900884468,,,,,,,,,,
policy_shell_ff55mixscn.xml,Slovenia,resid EUR_d4,shell.conductance,1.030965126,0.991982819,0.968282882,0.94458285,0.920882913,0.897182881,,,,,,,,,,
policy_shell_ff55mixscn.xml,Slovenia,resid EUR_d5,shell.conductance,1.030965126,0.991982819,0.967640322,0.943297824,0.918955327,0.89461283,,,,,,,,,,
policy_shell_ff55mixscn.xml,Slovenia,resid EUR_d6,shell.conductance,1.030965126,0.991982819,0.966986535,0.941990156,0.916993872,0.891997493,,,,,,,,,,
policy_shell_ff55mixscn.xml,Slovenia,resid EUR_d7,shell.conductance,1.030965126,0.991982819,0.966392135,0.940801545,0.915210861,0.889620272,,,,,,,,,,
policy_shell_ff55mixscn.xml,Slovenia,resid EUR_d8,shell.conductance,1.030965126,0.991982819,0.965615247,0.939247675,0.912880103,0.886512531,,,,,,,,,,
policy_shell_ff55mixscn.xml,Slovenia,resid EUR_d9,shell.conductance,1.030965126,0.991982819,0.964687026,0.937391232,0.910095439,0.882799646,,,,,,,,,,
policy_shell_ff55mixscn.xml,Spain,resid EUR_d1,shell.conductance,0.952236253,0.915384549,0.902252912,0.889121372,0.875989736,0.862858099,,,,,,,,,,
policy_shell_ff55mixscn.xml,Spain,resid EUR_d10,shell.conductance,0.952236253,0.915384549,0.892932767,0.870481084,0.848029401,0.825577719,,,,,,,,,,
policy_shell_ff55mixscn.xml,Spain,resid EUR_d2,shell.conductance,0.952236253,0.915384549,0.900093058,0.884801471,0.86950998,0.854218393,,,,,,,,,,
policy_shell_ff55mixscn.xml,Spain,resid EUR_d3,shell.conductance,0.952236253,0.915384549,0.898990001,0.882595355,0.866200808,0.849806162,,,,,,,,,,
policy_shell_ff55mixscn.xml,Spain,resid EUR_d4,shell.conductance,0.952236253,0.915384549,0.89821204,0.881039628,0.863867216,0.846694707,,,,,,,,,,
policy_shell_ff55mixscn.xml,Spain,resid EUR_d5,shell.conductance,0.952236253,0.915384549,0.897561863,0.879739177,0.861916491,0.844093707,,,,,,,,,,
policy_shell_ff55mixscn.xml,Spain,resid EUR_d6,shell.conductance,0.952236253,0.915384549,0.896973365,0.878562279,0.860151095,0.841739912,,,,,,,,,,
policy_shell_ff55mixscn.xml,Spain,resid EUR_d7,shell.conductance,0.952236253,0.915384549,0.896366554,0.877348558,0.858330563,0.83931247,,,,,,,,,,
policy_shell_ff55mixscn.xml,Spain,resid EUR_d8,shell.conductance,0.952236253,0.915384549,0.895678344,0.87597214,0.856265936,0.836559731,,,,,,,,,,
policy_shell_ff55mixscn.xml,Spain,resid EUR_d9,shell.conductance,0.952236253,0.915384549,0.894848792,0.874313035,0.853777278,0.833241521,,,,,,,,,,
policy_shell_ff55mixscn.xml,Sweden,resid EUR_d1,shell.conductance,0.945793848,0.920928848,0.907717676,0.894506601,0.881295429,0.868084256,,,,,,,,,,
policy_shell_ff55mixscn.xml,Sweden,resid EUR_d10,shell.conductance,0.945793848,0.920928848,0.89834108,0.875753412,0.853165744,0.830578076,,,,,,,,,,
policy_shell_ff55mixscn.xml,Sweden,resid EUR_d2,shell.conductance,0.945793848,0.920928848,0.90554474,0.890160535,0.874776427,0.859392221,,,,,,,,,,
policy_shell_ff55mixscn.xml,Sweden,resid EUR_d3,shell.conductance,0.945793848,0.920928848,0.904435002,0.887941057,0.871447211,0.854953267,,,,,,,,,,
policy_shell_ff55mixscn.xml,Sweden,resid EUR_d4,shell.conductance,0.945793848,0.920928848,0.903652329,0.886375907,0.869099486,0.851822966,,,,,,,,,,
policy_shell_ff55mixscn.xml,Sweden,resid EUR_d5,shell.conductance,0.945793848,0.920928848,0.902998214,0.88506758,0.867136945,0.849206213,,,,,,,,,,
policy_shell_ff55mixscn.xml,Sweden,resid EUR_d6,shell.conductance,0.945793848,0.920928848,0.902406152,0.883883554,0.865360857,0.84683816,,,,,,,,,,
policy_shell_ff55mixscn.xml,Sweden,resid EUR_d7,shell.conductance,0.945793848,0.920928848,0.901795665,0.882662482,0.863529298,0.844396016,,,,,,,,,,
policy_shell_ff55mixscn.xml,Sweden,resid EUR_d8,shell.conductance,0.945793848,0.920928848,0.901103287,0.881277727,0.861452166,0.841626605,,,,,,,,,,
policy_shell_ff55mixscn.xml,Sweden,resid EUR_d9,shell.conductance,0.945793848,0.920928848,0.90026871,0.879608573,0.858948435,0.838288297,,,,,,,,,,
policy_shell_ff55mixscn.xml,Austria,comm EUR,shell.conductance,0.944539797,0.912525709,0.895546144,0.878566482,0.861586916,0.844607351,,,,,,,,,,
policy_shell_ff55mixscn.xml,Belgium,comm EUR,shell.conductance,0.953330748,0.909161605,0.892244636,0.875327571,0.858410602,0.841493633,,,,,,,,,,
policy_shell_ff55mixscn.xml,Bulgaria,comm EUR,shell.conductance,,,,,,,,,,,,,,,,
policy_shell_ff55mixscn.xml,Croatia,comm EUR,shell.conductance,,,,,,,,,,,,,,,,
policy_shell_ff55mixscn.xml,Cyprus,comm EUR,shell.conductance,0.96095079,0.93128214,0.91395357,0.896624901,0.87929633,0.86196776,,,,,,,,,,
policy_shell_ff55mixscn.xml,Czech Republic,comm EUR,shell.conductance,1.090085978,1.05285585,1.027639869,1.002423888,0.977207907,0.951991926,,,,,,,,,,
policy_shell_ff55mixscn.xml,Denmark,comm EUR,shell.conductance,0.957326703,0.939579058,0.922096105,0.904613052,0.887130099,0.869647146,,,,,,,,,,
policy_shell_ff55mixscn.xml,Estonia,comm EUR,shell.conductance,,,,,,,,,,,,,,,,
policy_shell_ff55mixscn.xml,Finland,comm EUR,shell.conductance,,,,,,,,,,,,,,,,
policy_shell_ff55mixscn.xml,France,comm EUR,shell.conductance,0.952272948,0.91760936,0.900535201,0.883460946,0.866386788,0.84931263,,,,,,,,,,
policy_shell_ff55mixscn.xml,Germany,comm EUR,shell.conductance,0.954109384,0.924640539,0.90743555,0.890230463,0.873025475,0.855820486,,,,,,,,,,
policy_shell_ff55mixscn.xml,Greece,comm EUR,shell.conductance,0.96425858,0.935287482,0.917884383,0.900481186,0.883078087,0.865674988,,,,,,,,,,
policy_shell_ff55mixscn.xml,Hungary,comm EUR,shell.conductance,1.075185692,1.046211727,1.021154873,0.99609802,0.971041166,0.945984312,,,,,,,,,,
policy_shell_ff55mixscn.xml,Ireland,comm EUR,shell.conductance,0.929739032,0.895117451,0.878461805,0.861806064,0.845150418,0.828494771,,,,,,,,,,
policy_shell_ff55mixscn.xml,Italy,comm EUR,shell.conductance,0.959170985,0.91553398,0.898498439,0.881462801,0.86442726,0.847391719,,,,,,,,,,
policy_shell_ff55mixscn.xml,Latvia,comm EUR,shell.conductance,,,,,,,,,,,,,,,,
policy_shell_ff55mixscn.xml,Lithuania,comm EUR,shell.conductance,1.164554804,1.120951342,1.093023554,1.065095766,1.037167978,1.00924019,,,,,,,,,,
policy_shell_ff55mixscn.xml,Luxembourg,comm EUR,shell.conductance,,,,,,,,,,,,,,,,
policy_shell_ff55mixscn.xml,Malta,comm EUR,shell.conductance,,,,,,,,,,,,,,,,
policy_shell_ff55mixscn.xml,Netherlands,comm EUR,shell.conductance,0.946973291,0.906185151,0.889323566,0.872461884,0.855600299,0.838738714,,,,,,,,,,
policy_shell_ff55mixscn.xml,Poland,comm EUR,shell.conductance,1.082860174,1.037928266,1.013069802,0.988211338,0.963352874,0.93849441,,,,,,,,,,
policy_shell_ff55mixscn.xml,Portugal,comm EUR,shell.conductance,0.959676208,0.917555218,0.900482067,0.883408819,0.866335669,0.849262518,,,,,,,,,,
policy_shell_ff55mixscn.xml,Romania,comm EUR,shell.conductance,,,,,,,,,,,,,,,,
policy_shell_ff55mixscn.xml,Slovakia,comm EUR,shell.conductance,1.059987539,1.018552925,0.994158502,0.969764079,0.945369656,0.920975233,,,,,,,,,,
policy_shell_ff55mixscn.xml,Slovenia,comm EUR,shell.conductance,1.038302956,0.999043195,0.975116031,0.951188868,0.927261704,0.903334541,,,,,,,,,,
policy_shell_ff55mixscn.xml,Spain,comm EUR,shell.conductance,0.958962443,0.921850433,0.904697361,0.887544191,0.870391118,0.853238045,,,,,,,,,,
policy_shell_ff55mixscn.xml,Sweden,comm EUR,shell.conductance,0.952474531,0.927433896,0.91017693,0.892919867,0.875662901,0.858405936,,,,,,,,,,
policy_shell_refscn2025dummy.xml,Austria,resid EUR_d1,shell.conductance,1,,,,,,,,,,,,,,,
policy_shell_refscn2025dummy.xml,Austria,resid EUR_d10,shell.conductance,1,,,,,,,,,,,,,,,
policy_shell_refscn2025dummy.xml,Austria,resid EUR_d2,shell.conductance,1,,,,,,,,,,,,,,,
policy_shell_refscn2025dummy.xml,Austria,resid EUR_d3,shell.conductance,1,,,,,,,,,,,,,,,
policy_shell_refscn2025dummy.xml,Austria,resid EUR_d4,shell.conductance,1,,,,,,,,,,,,,,,
policy_shell_refscn2025dummy.xml,Austria,resid EUR_d5,shell.conductance,1,,,,,,,,,,,,,,,
policy_shell_refscn2025dummy.xml,Austria,resid EUR_d6,shell.conductance,1,,,,,,,,,,,,,,,
policy_shell_refscn2025dummy.xml,Austria,resid EUR_d7,shell.conductance,1,,,,,,,,,,,,,,,
policy_shell_refscn2025dummy.xml,Austria,resid EUR_d8,shell.conductance,1,,,,,,,,,,,,,,,
policy_shell_refscn2025dummy.xml,Austria,resid EUR_d9,shell.conductance,1,,,,,,,,,,,,,,,
policy_shell_refscn2025dummy.xml,Belgium,resid EUR_d1,shell.conductance,1,,,,,,,,,,,,,,,
policy_shell_refscn2025dummy.xml,Belgium,resid EUR_d10,shell.conductance,1,,,,,,,,,,,,,,,
policy_shell_refscn2025dummy.xml,Belgium,resid EUR_d2,shell.conductance,1,,,,,,,,,,,,,,,
policy_shell_refscn2025dummy.xml,Belgium,resid EUR_d3,shell.conductance,1,,,,,,,,,,,,,,,
policy_shell_refscn2025dummy.xml,Belgium,resid EUR_d4,shell.conductance,1,,,,,,,,,,,,,,,
policy_shell_refscn2025dummy.xml,Belgium,resid EUR_d5,shell.conductance,1,,,,,,,,,,,,,,,
policy_shell_refscn2025dummy.xml,Belgium,resid EUR_d6,shell.conductance,1,,,,,,,,,,,,,,,
policy_shell_refscn2025dummy.xml,Belgium,resid EUR_d7,shell.conductance,1,,,,,,,,,,,,,,,
policy_shell_refscn2025dummy.xml,Belgium,resid EUR_d8,shell.conductance,1,,,,,,,,,,,,,,,
policy_shell_refscn2025dummy.xml,Belgium,resid EUR_d9,shell.conductance,1,,,,,,,,,,,,,,,
policy_shell_refscn2025dummy.xml,Bulgaria,resid EUR_d1,shell.conductance,1,,,,,,,,,,,,,,,
policy_shell_refscn2025dummy.xml,Bulgaria,resid EUR_d10,shell.conductance,1,,,,,,,,,,,,,,,
policy_shell_refscn2025dummy.xml,Bulgaria,resid EUR_d2,shell.conductance,1,,,,,,,,,,,,,,,
policy_shell_refscn2025dummy.xml,Bulgaria,resid EUR_d3,shell.conductance,1,,,,,,,,,,,,,,,
policy_shell_refscn2025dummy.xml,Bulgaria,resid EUR_d4,shell.conductance,1,,,,,,,,,,,,,,,
policy_shell_refscn2025dummy.xml,Bulgaria,resid EUR_d5,shell.conductance,1,,,,,,,,,,,,,,,
policy_shell_refscn2025dummy.xml,Bulgaria,resid EUR_d6,shell.conductance,1,,,,,,,,,,,,,,,
policy_shell_refscn2025dummy.xml,Bulgaria,resid EUR_d7,shell.conductance,1,,,,,,,,,,,,,,,
policy_shell_refscn2025dummy.xml,Bulgaria,resid EUR_d8,shell.conductance,1,,,,,,,,,,,,,,,
policy_shell_refscn2025dummy.xml,Bulgaria,resid EUR_d9,shell.conductance,1,,,,,,,,,,,,,,,
policy_shell_refscn2025dummy.xml,Croatia,resid EUR_d1,shell.conductance,1,,,,,,,,,,,,,,,
policy_shell_refscn2025dummy.xml,Croatia,resid EUR_d10,shell.conductance,1,,,,,,,,,,,,,,,
policy_shell_refscn2025dummy.xml,Croatia,resid EUR_d2,shell.conductance,1,,,,,,,,,,,,,,,
policy_shell_refscn2025dummy.xml,Croatia,resid EUR_d3,shell.conductance,1,,,,,,,,,,,,,,,
policy_shell_refscn2025dummy.xml,Croatia,resid EUR_d4,shell.conductance,1,,,,,,,,,,,,,,,
policy_shell_refscn2025dummy.xml,Croatia,resid EUR_d5,shell.conductance,1,,,,,,,,,,,,,,,
policy_shell_refscn2025dummy.xml,Croatia,resid EUR_d6,shell.conductance,1,,,,,,,,,,,,,,,
policy_shell_refscn2025dummy.xml,Croatia,resid EUR_d7,shell.conductance,1,,,,,,,,,,,,,,,
policy_shell_refscn2025dummy.xml,Croatia,resid EUR_d8,shell.conductance,1,,,,,,,,,,,,,,,
policy_shell_refscn2025dummy.xml,Croatia,resid EUR_d9,shell.conductance,1,,,,,,,,,,,,,,,
policy_shell_refscn2025dummy.xml,Cyprus,resid EUR_d1,shell.conductance,1,,,,,,,,,,,,,,,
policy_shell_refscn2025dummy.xml,Cyprus,resid EUR_d10,shell.conductance,1,,,,,,,,,,,,,,,
policy_shell_refscn2025dummy.xml,Cyprus,resid EUR_d2,shell.conductance,1,,,,,,,,,,,,,,,
policy_shell_refscn2025dummy.xml,Cyprus,resid EUR_d3,shell.conductance,1,,,,,,,,,,,,,,,
policy_shell_refscn2025dummy.xml,Cyprus,resid EUR_d4,shell.conductance,1,,,,,,,,,,,,,,,
policy_shell_refscn2025dummy.xml,Cyprus,resid EUR_d5,shell.conductance,1,,,,,,,,,,,,,,,
policy_shell_refscn2025dummy.xml,Cyprus,resid EUR_d6,shell.conductance,1,,,,,,,,,,,,,,,
policy_shell_refscn2025dummy.xml,Cyprus,resid EUR_d7,shell.conductance,1,,,,,,,,,,,,,,,
policy_shell_refscn2025dummy.xml,Cyprus,resid EUR_d8,shell.conductance,1,,,,,,,,,,,,,,,
policy_shell_refscn2025dummy.xml,Cyprus,resid EUR_d9,shell.conductance,1,,,,,,,,,,,,,,,
policy_shell_refscn2025dummy.xml,Czech Republic,resid EUR_d1,shell.conductance,1,,,,,,,,,,,,,,,
policy_shell_refscn2025dummy.xml,Czech Republic,resid EUR_d10,shell.conductance,1,,,,,,,,,,,,,,,
policy_shell_refscn2025dummy.xml,Czech Republic,resid EUR_d2,shell.conductance,1,,,,,,,,,,,,,,,
policy_shell_refscn2025dummy.xml,Czech Republic,resid EUR_d3,shell.conductance,1,,,,,,,,,,,,,,,
policy_shell_refscn2025dummy.xml,Czech Republic,resid EUR_d4,shell.conductance,1,,,,,,,,,,,,,,,
policy_shell_refscn2025dummy.xml,Czech Republic,resid EUR_d5,shell.conductance,1,,,,,,,,,,,,,,,
policy_shell_refscn2025dummy.xml,Czech Republic,resid EUR_d6,shell.conductance,1,,,,,,,,,,,,,,,
policy_shell_refscn2025dummy.xml,Czech Republic,resid EUR_d7,shell.conductance,1,,,,,,,,,,,,,,,
policy_shell_refscn2025dummy.xml,Czech Republic,resid EUR_d8,shell.conductance,1,,,,,,,,,,,,,,,
policy_shell_refscn2025dummy.xml,Czech Republic,resid EUR_d9,shell.conductance,1,,,,,,,,,,,,,,,
policy_shell_refscn2025dummy.xml,Denmark,resid EUR_d1,shell.conductance,1,,,,,,,,,,,,,,,
policy_shell_refscn2025dummy.xml,Denmark,resid EUR_d10,shell.conductance,1,,,,,,,,,,,,,,,
policy_shell_refscn2025dummy.xml,Denmark,resid EUR_d2,shell.conductance,1,,,,,,,,,,,,,,,
policy_shell_refscn2025dummy.xml,Denmark,resid EUR_d3,shell.conductance,1,,,,,,,,,,,,,,,
policy_shell_refscn2025dummy.xml,Denmark,resid EUR_d4,shell.conductance,1,,,,,,,,,,,,,,,
policy_shell_refscn2025dummy.xml,Denmark,resid EUR_d5,shell.conductance,1,,,,,,,,,,,,,,,
policy_shell_refscn2025dummy.xml,Denmark,resid EUR_d6,shell.conductance,1,,,,,,,,,,,,,,,
policy_shell_refscn2025dummy.xml,Denmark,resid EUR_d7,shell.conductance,1,,,,,,,,,,,,,,,
policy_shell_refscn2025dummy.xml,Denmark,resid EUR_d8,shell.conductance,1,,,,,,,,,,,,,,,
policy_shell_refscn2025dummy.xml,Denmark,resid EUR_d9,shell.conductance,1,,,,,,,,,,,,,,,
policy_shell_refscn2025dummy.xml,Estonia,resid EUR_d1,shell.conductance,1,,,,,,,,,,,,,,,
policy_shell_refscn2025dummy.xml,Estonia,resid EUR_d10,shell.conductance,1,,,,,,,,,,,,,,,
policy_shell_refscn2025dummy.xml,Estonia,resid EUR_d2,shell.conductance,1,,,,,,,,,,,,,,,
policy_shell_refscn2025dummy.xml,Estonia,resid EUR_d3,shell.conductance,1,,,,,,,,,,,,,,,
policy_shell_refscn2025dummy.xml,Estonia,resid EUR_d4,shell.conductance,1,,,,,,,,,,,,,,,
policy_shell_refscn2025dummy.xml,Estonia,resid EUR_d5,shell.conductance,1,,,,,,,,,,,,,,,
policy_shell_refscn2025dummy.xml,Estonia,resid EUR_d6,shell.conductance,1,,,,,,,,,,,,,,,
policy_shell_refscn2025dummy.xml,Estonia,resid EUR_d7,shell.conductance,1,,,,,,,,,,,,,,,
policy_shell_refscn2025dummy.xml,Estonia,resid EUR_d8,shell.conductance,1,,,,,,,,,,,,,,,
policy_shell_refscn2025dummy.xml,Estonia,resid EUR_d9,shell.conductance,1,,,,,,,,,,,,,,,
policy_shell_refscn2025dummy.xml,Finland,resid EUR_d1,shell.conductance,1,,,,,,,,,,,,,,,
policy_shell_refscn2025dummy.xml,Finland,resid EUR_d10,shell.conductance,1,,,,,,,,,,,,,,,
policy_shell_refscn2025dummy.xml,Finland,resid EUR_d2,shell.conductance,1,,,,,,,,,,,,,,,
policy_shell_refscn2025dummy.xml,Finland,resid EUR_d3,shell.conductance,1,,,,,,,,,,,,,,,
policy_shell_refscn2025dummy.xml,Finland,resid EUR_d4,shell.conductance,1,,,,,,,,,,,,,,,
policy_shell_refscn2025dummy.xml,Finland,resid EUR_d5,shell.conductance,1,,,,,,,,,,,,,,,
policy_shell_refscn2025dummy.xml,Finland,resid EUR_d6,shell.conductance,1,,,,,,,,,,,,,,,
policy_shell_refscn2025dummy.xml,Finland,resid EUR_d7,shell.conductance,1,,,,,,,,,,,,,,,
policy_shell_refscn2025dummy.xml,Finland,resid EUR_d8,shell.conductance,1,,,,,,,,,,,,,,,
policy_shell_refscn2025dummy.xml,Finland,resid EUR_d9,shell.conductance,1,,,,,,,,,,,,,,,
policy_shell_refscn2025dummy.xml,France,resid EUR_d1,shell.conductance,1,,,,,,,,,,,,,,,
policy_shell_refscn2025dummy.xml,France,resid EUR_d10,shell.conductance,1,,,,,,,,,,,,,,,
policy_shell_refscn2025dummy.xml,France,resid EUR_d2,shell.conductance,1,,,,,,,,,,,,,,,
policy_shell_refscn2025dummy.xml,France,resid EUR_d3,shell.conductance,1,,,,,,,,,,,,,,,
policy_shell_refscn2025dummy.xml,France,resid EUR_d4,shell.conductance,1,,,,,,,,,,,,,,,
policy_shell_refscn2025dummy.xml,France,resid EUR_d5,shell.conductance,1,,,,,,,,,,,,,,,
policy_shell_refscn2025dummy.xml,France,resid EUR_d6,shell.conductance,1,,,,,,,,,,,,,,,
policy_shell_refscn2025dummy.xml,France,resid EUR_d7,shell.conductance,1,,,,,,,,,,,,,,,
policy_shell_refscn2025dummy.xml,France,resid EUR_d8,shell.conductance,1,,,,,,,,,,,,,,,
policy_shell_refscn2025dummy.xml,France,resid EUR_d9,shell.conductance,1,,,,,,,,,,,,,,,
policy_shell_refscn2025dummy.xml,Germany,resid EUR_d1,shell.conductance,1,,,,,,,,,,,,,,,
policy_shell_refscn2025dummy.xml,Germany,resid EUR_d10,shell.conductance,1,,,,,,,,,,,,,,,
policy_shell_refscn2025dummy.xml,Germany,resid EUR_d2,shell.conductance,1,,,,,,,,,,,,,,,
policy_shell_refscn2025dummy.xml,Germany,resid EUR_d3,shell.conductance,1,,,,,,,,,,,,,,,
policy_shell_refscn2025dummy.xml,Germany,resid EUR_d4,shell.conductance,1,,,,,,,,,,,,,,,
policy_shell_refscn2025dummy.xml,Germany,resid EUR_d5,shell.conductance,1,,,,,,,,,,,,,,,
policy_shell_refscn2025dummy.xml,Germany,resid EUR_d6,shell.conductance,1,,,,,,,,,,,,,,,
policy_shell_refscn2025dummy.xml,Germany,resid EUR_d7,shell.conductance,1,,,,,,,,,,,,,,,
policy_shell_refscn2025dummy.xml,Germany,resid EUR_d8,shell.conductance,1,,,,,,,,,,,,,,,
policy_shell_refscn2025dummy.xml,Germany,resid EUR_d9,shell.conductance,1,,,,,,,,,,,,,,,
policy_shell_refscn2025dummy.xml,Greece,resid EUR_d1,shell.conductance,1,,,,,,,,,,,,,,,
policy_shell_refscn2025dummy.xml,Greece,resid EUR_d10,shell.conductance,1,,,,,,,,,,,,,,,
policy_shell_refscn2025dummy.xml,Greece,resid EUR_d2,shell.conductance,1,,,,,,,,,,,,,,,
policy_shell_refscn2025dummy.xml,Greece,resid EUR_d3,shell.conductance,1,,,,,,,,,,,,,,,
policy_shell_refscn2025dummy.xml,Greece,resid EUR_d4,shell.conductance,1,,,,,,,,,,,,,,,
policy_shell_refscn2025dummy.xml,Greece,resid EUR_d5,shell.conductance,1,,,,,,,,,,,,,,,
policy_shell_refscn2025dummy.xml,Greece,resid EUR_d6,shell.conductance,1,,,,,,,,,,,,,,,
policy_shell_refscn2025dummy.xml,Greece,resid EUR_d7,shell.conductance,1,,,,,,,,,,,,,,,
policy_shell_refscn2025dummy.xml,Greece,resid EUR_d8,shell.conductance,1,,,,,,,,,,,,,,,
policy_shell_refscn2025dummy.xml,Greece,resid EUR_d9,shell.conductance,1,,,,,,,,,,,,,,,
policy_shell_refscn2025dummy.xml,Hungary,resid EUR_d1,shell.conductance,1,,,,,,,,,,,,,,,
policy_shell_refscn2025dummy.xml,Hungary,resid EUR_d10,shell.conductance,1,,,,,,,,,,,,,,,
policy_shell_refscn2025dummy.xml,Hungary,resid EUR_d2,shell.conductance,1,,,,,,,,,,,,,,,
policy_shell_refscn2025dummy.xml,Hungary,resid EUR_d3,shell.conductance,1,,,,,,,,,,,,,,,
policy_shell_refscn2025dummy.xml,Hungary,resid EUR_d4,shell.conductance,1,,,,,,,,,,,,,,,
policy_shell_refscn2025dummy.xml,Hungary,resid EUR_d5,shell.conductance,1,,,,,,,,,,,,,,,
policy_shell_refscn2025dummy.xml,Hungary,resid EUR_d6,shell.conductance,1,,,,,,,,,,,,,,,
policy_shell_refscn2025dummy.xml,Hungary,resid EUR_d7,shell.conductance,1,,,,,,,,,,,,,,,
policy_shell_refscn2025dummy.xml,Hungary,resid EUR_d8,shell.conductance,1,,,,,,,,,,,,,,,
policy_shell_refscn2025dummy.xml,Hungary,resid EUR_d9,shell.conductance,1,,,,,,,,,,,,,,,
policy_shell_refscn2025dummy.xml,Ireland,resid EUR_d1,shell.conductance,1,,,,,,,,,,,,,,,
policy_shell_refscn2025dummy.xml,Ireland,resid EUR_d10,shell.conductance,1,,,,,,,,,,,,,,,
policy_shell_refscn2025dummy.xml,Ireland,resid EUR_d2,shell.conductance,1,,,,,,,,,,,,,,,
policy_shell_refscn2025dummy.xml,Ireland,resid EUR_d3,shell.conductance,1,,,,,,,,,,,,,,,
policy_shell_refscn2025dummy.xml,Ireland,resid EUR_d4,shell.conductance,1,,,,,,,,,,,,,,,
policy_shell_refscn2025dummy.xml,Ireland,resid EUR_d5,shell.conductance,1,,,,,,,,,,,,,,,
policy_shell_refscn2025dummy.xml,Ireland,resid EUR_d6,shell.conductance,1,,,,,,,,,,,,,,,
policy_shell_refscn2025dummy.xml,Ireland,resid EUR_d7,shell.conductance,1,,,,,,,,,,,,,,,
policy_shell_refscn2025dummy.xml,Ireland,resid EUR_d8,shell.conductance,1,,,,,,,,,,,,,,,
policy_shell_refscn2025dummy.xml,Ireland,resid EUR_d9,shell.conductance,1,,,,,,,,,,,,,,,
policy_shell_refscn2025dummy.xml,Italy,resid EUR_d1,shell.conductance,1,,,,,,,,,,,,,,,
policy_shell_refscn2025dummy.xml,Italy,resid EUR_d10,shell.conductance,1,,,,,,,,,,,,,,,
policy_shell_refscn2025dummy.xml,Italy,resid EUR_d2,shell.conductance,1,,,,,,,,,,,,,,,
policy_shell_refscn2025dummy.xml,Italy,resid EUR_d3,shell.conductance,1,,,,,,,,,,,,,,,
policy_shell_refscn2025dummy.xml,Italy,resid EUR_d4,shell.conductance,1,,,,,,,,,,,,,,,
policy_shell_refscn2025dummy.xml,Italy,resid EUR_d5,shell.conductance,1,,,,,,,,,,,,,,,
policy_shell_refscn2025dummy.xml,Italy,resid EUR_d6,shell.conductance,1,,,,,,,,,,,,,,,
policy_shell_refscn2025dummy.xml,Italy,resid EUR_d7,shell.conductance,1,,,,,,,,,,,,,,,
policy_shell_refscn2025dummy.xml,Italy,resid EUR_d8,shell.conductance,1,,,,,,,,,,,,,,,
policy_shell_refscn2025dummy.xml,Italy,resid EUR_d9,shell.conductance,1,,,,,,,,,,,,,,,
policy_shell_refscn2025dummy.xml,Latvia,resid EUR_d1,shell.conductance,1,,,,,,,,,,,,,,,
policy_shell_refscn2025dummy.xml,Latvia,resid EUR_d10,shell.conductance,1,,,,,,,,,,,,,,,
policy_shell_refscn2025dummy.xml,Latvia,resid EUR_d2,shell.conductance,1,,,,,,,,,,,,,,,
policy_shell_refscn2025dummy.xml,Latvia,resid EUR_d3,shell.conductance,1,,,,,,,,,,,,,,,
policy_shell_refscn2025dummy.xml,Latvia,resid EUR_d4,shell.conductance,1,,,,,,,,,,,,,,,
policy_shell_refscn2025dummy.xml,Latvia,resid EUR_d5,shell.conductance,1,,,,,,,,,,,,,,,
policy_shell_refscn2025dummy.xml,Latvia,resid EUR_d6,shell.conductance,1,,,,,,,,,,,,,,,
policy_shell_refscn2025dummy.xml,Latvia,resid EUR_d7,shell.conductance,1,,,,,,,,,,,,,,,
policy_shell_refscn2025dummy.xml,Latvia,resid EUR_d8,shell.conductance,1,,,,,,,,,,,,,,,
policy_shell_refscn2025dummy.xml,Latvia,resid EUR_d9,shell.conductance,1,,,,,,,,,,,,,,,
policy_shell_refscn2025dummy.xml,Lithuania,resid EUR_d1,shell.conductance,1,,,,,,,,,,,,,,,
policy_shell_refscn2025dummy.xml,Lithuania,resid EUR_d10,shell.conductance,1,,,,,,,,,,,,,,,
policy_shell_refscn2025dummy.xml,Lithuania,resid EUR_d2,shell.conductance,1,,,,,,,,,,,,,,,
policy_shell_refscn2025dummy.xml,Lithuania,resid EUR_d3,shell.conductance,1,,,,,,,,,,,,,,,
policy_shell_refscn2025dummy.xml,Lithuania,resid EUR_d4,shell.conductance,1,,,,,,,,,,,,,,,
policy_shell_refscn2025dummy.xml,Lithuania,resid EUR_d5,shell.conductance,1,,,,,,,,,,,,,,,
policy_shell_refscn2025dummy.xml,Lithuania,resid EUR_d6,shell.conductance,1,,,,,,,,,,,,,,,
policy_shell_refscn2025dummy.xml,Lithuania,resid EUR_d7,shell.conductance,1,,,,,,,,,,,,,,,
policy_shell_refscn2025dummy.xml,Lithuania,resid EUR_d8,shell.conductance,1,,,,,,,,,,,,,,,
policy_shell_refscn2025dummy.xml,Lithuania,resid EUR_d9,shell.conductance,1,,,,,,,,,,,,,,,
policy_shell_refscn2025dummy.xml,Luxembourg,resid EUR_d1,shell.conductance,1,,,,,,,,,,,,,,,
policy_shell_refscn2025dummy.xml,Luxembourg,resid EUR_d10,shell.conductance,1,,,,,,,,,,,,,,,
policy_shell_refscn2025dummy.xml,Luxembourg,resid EUR_d2,shell.conductance,1,,,,,,,,,,,,,,,
policy_shell_refscn2025dummy.xml,Luxembourg,resid EUR_d3,shell.conductance,1,,,,,,,,,,,,,,,
policy_shell_refscn2025dummy.xml,Luxembourg,resid EUR_d4,shell.conductance,1,,,,,,,,,,,,,,,
policy_shell_refscn2025dummy.xml,Luxembourg,resid EUR_d5,shell.conductance,1,,,,,,,,,,,,,,,
policy_shell_refscn2025dummy.xml,Luxembourg,resid EUR_d6,shell.conductance,1,,,,,,,,,,,,,,,
policy_shell_refscn2025dummy.xml,Luxembourg,resid EUR_d7,shell.conductance,1,,,,,,,,,,,,,,,
policy_shell_refscn2025dummy.xml,Luxembourg,resid EUR_d8,shell.conductance,1,,,,,,,,,,,,,,,
policy_shell_refscn2025dummy.xml,Luxembourg,resid EUR_d9,shell.conductance,1,,,,,,,,,,,,,,,
policy_shell_refscn2025dummy.xml,Malta,resid EUR_d1,shell.conductance,1,,,,,,,,,,,,,,,
policy_shell_refscn2025dummy.xml,Malta,resid EUR_d10,shell.conductance,1,,,,,,,,,,,,,,,
policy_shell_refscn2025dummy.xml,Malta,resid EUR_d2,shell.conductance,1,,,,,,,,,,,,,,,
policy_shell_refscn2025dummy.xml,Malta,resid EUR_d3,shell.conductance,1,,,,,,,,,,,,,,,
policy_shell_refscn2025dummy.xml,Malta,resid EUR_d4,shell.conductance,1,,,,,,,,,,,,,,,
policy_shell_refscn2025dummy.xml,Malta,resid EUR_d5,shell.conductance,1,,,,,,,,,,,,,,,
policy_shell_refscn2025dummy.xml,Malta,resid EUR_d6,shell.conductance,1,,,,,,,,,,,,,,,
policy_shell_refscn2025dummy.xml,Malta,resid EUR_d7,shell.conductance,1,,,,,,,,,,,,,,,
policy_shell_refscn2025dummy.xml,Malta,resid EUR_d8,shell.conductance,1,,,,,,,,,,,,,,,
policy_shell_refscn2025dummy.xml,Malta,resid EUR_d9,shell.conductance,1,,,,,,,,,,,,,,,
policy_shell_refscn2025dummy.xml,Netherlands,resid EUR_d1,shell.conductance,1,,,,,,,,,,,,,,,
policy_shell_refscn2025dummy.xml,Netherlands,resid EUR_d10,shell.conductance,1,,,,,,,,,,,,,,,
policy_shell_refscn2025dummy.xml,Netherlands,resid EUR_d2,shell.conductance,1,,,,,,,,,,,,,,,
policy_shell_refscn2025dummy.xml,Netherlands,resid EUR_d3,shell.conductance,1,,,,,,,,,,,,,,,
policy_shell_refscn2025dummy.xml,Netherlands,resid EUR_d4,shell.conductance,1,,,,,,,,,,,,,,,
policy_shell_refscn2025dummy.xml,Netherlands,resid EUR_d5,shell.conductance,1,,,,,,,,,,,,,,,
policy_shell_refscn2025dummy.xml,Netherlands,resid EUR_d6,shell.conductance,1,,,,,,,,,,,,,,,
policy_shell_refscn2025dummy.xml,Netherlands,resid EUR_d7,shell.conductance,1,,,,,,,,,,,,,,,
policy_shell_refscn2025dummy.xml,Netherlands,resid EUR_d8,shell.conductance,1,,,,,,,,,,,,,,,
policy_shell_refscn2025dummy.xml,Netherlands,resid EUR_d9,shell.conductance,1,,,,,,,,,,,,,,,
policy_shell_refscn2025dummy.xml,Poland,resid EUR_d1,shell.conductance,1,,,,,,,,,,,,,,,
policy_shell_refscn2025dummy.xml,Poland,resid EUR_d10,shell.conductance,1,,,,,,,,,,,,,,,
policy_shell_refscn2025dummy.xml,Poland,resid EUR_d2,shell.conductance,1,,,,,,,,,,,,,,,
policy_shell_refscn2025dummy.xml,Poland,resid EUR_d3,shell.conductance,1,,,,,,,,,,,,,,,
policy_shell_refscn2025dummy.xml,Poland,resid EUR_d4,shell.conductance,1,,,,,,,,,,,,,,,
policy_shell_refscn2025dummy.xml,Poland,resid EUR_d5,shell.conductance,1,,,,,,,,,,,,,,,
policy_shell_refscn2025dummy.xml,Poland,resid EUR_d6,shell.conductance,1,,,,,,,,,,,,,,,
policy_shell_refscn2025dummy.xml,Poland,resid EUR_d7,shell.conductance,1,,,,,,,,,,,,,,,
policy_shell_refscn2025dummy.xml,Poland,resid EUR_d8,shell.conductance,1,,,,,,,,,,,,,,,
policy_shell_refscn2025dummy.xml,Poland,resid EUR_d9,shell.conductance,1,,,,,,,,,,,,,,,
policy_shell_refscn2025dummy.xml,Portugal,resid EUR_d1,shell.conductance,1,,,,,,,,,,,,,,,
policy_shell_refscn2025dummy.xml,Portugal,resid EUR_d10,shell.conductance,1,,,,,,,,,,,,,,,
policy_shell_refscn2025dummy.xml,Portugal,resid EUR_d2,shell.conductance,1,,,,,,,,,,,,,,,
policy_shell_refscn2025dummy.xml,Portugal,resid EUR_d3,shell.conductance,1,,,,,,,,,,,,,,,
policy_shell_refscn2025dummy.xml,Portugal,resid EUR_d4,shell.conductance,1,,,,,,,,,,,,,,,
policy_shell_refscn2025dummy.xml,Portugal,resid EUR_d5,shell.conductance,1,,,,,,,,,,,,,,,
policy_shell_refscn2025dummy.xml,Portugal,resid EUR_d6,shell.conductance,1,,,,,,,,,,,,,,,
policy_shell_refscn2025dummy.xml,Portugal,resid EUR_d7,shell.conductance,1,,,,,,,,,,,,,,,
policy_shell_refscn2025dummy.xml,Portugal,resid EUR_d8,shell.conductance,1,,,,,,,,,,,,,,,
policy_shell_refscn2025dummy.xml,Portugal,resid EUR_d9,shell.conductance,1,,,,,,,,,,,,,,,
policy_shell_refscn2025dummy.xml,Romania,resid EUR_d1,shell.conductance,1,,,,,,,,,,,,,,,
policy_shell_refscn2025dummy.xml,Romania,resid EUR_d10,shell.conductance,1,,,,,,,,,,,,,,,
policy_shell_refscn2025dummy.xml,Romania,resid EUR_d2,shell.conductance,1,,,,,,,,,,,,,,,
policy_shell_refscn2025dummy.xml,Romania,resid EUR_d3,shell.conductance,1,,,,,,,,,,,,,,,
policy_shell_refscn2025dummy.xml,Romania,resid EUR_d4,shell.conductance,1,,,,,,,,,,,,,,,
policy_shell_refscn2025dummy.xml,Romania,resid EUR_d5,shell.conductance,1,,,,,,,,,,,,,,,
policy_shell_refscn2025dummy.xml,Romania,resid EUR_d6,shell.conductance,1,,,,,,,,,,,,,,,
policy_shell_refscn2025dummy.xml,Romania,resid EUR_d7,shell.conductance,1,,,,,,,,,,,,,,,
policy_shell_refscn2025dummy.xml,Romania,resid EUR_d8,shell.conductance,1,,,,,,,,,,,,,,,
policy_shell_refscn2025dummy.xml,Romania,resid EUR_d9,shell.conductance,1,,,,,,,,,,,,,,,
policy_shell_refscn2025dummy.xml,Slovakia,resid EUR_d1,shell.conductance,1,,,,,,,,,,,,,,,
policy_shell_refscn2025dummy.xml,Slovakia,resid EUR_d10,shell.conductance,1,,,,,,,,,,,,,,,
policy_shell_refscn2025dummy.xml,Slovakia,resid EUR_d2,shell.conductance,1,,,,,,,,,,,,,,,
policy_shell_refscn2025dummy.xml,Slovakia,resid EUR_d3,shell.conductance,1,,,,,,,,,,,,,,,
policy_shell_refscn2025dummy.xml,Slovakia,resid EUR_d4,shell.conductance,1,,,,,,,,,,,,,,,
policy_shell_refscn2025dummy.xml,Slovakia,resid EUR_d5,shell.conductance,1,,,,,,,,,,,,,,,
policy_shell_refscn2025dummy.xml,Slovakia,resid EUR_d6,shell.conductance,1,,,,,,,,,,,,,,,
policy_shell_refscn2025dummy.xml,Slovakia,resid EUR_d7,shell.conductance,1,,,,,,,,,,,,,,,
policy_shell_refscn2025dummy.xml,Slovakia,resid EUR_d8,shell.conductance,1,,,,,,,,,,,,,,,
policy_shell_refscn2025dummy.xml,Slovakia,resid EUR_d9,shell.conductance,1,,,,,,,,,,,,,,,
policy_shell_refscn2025dummy.xml,Slovenia,resid EUR_d1,shell.conductance,1,,,,,,,,,,,,,,,
policy_shell_refscn2025dummy.xml,Slovenia,resid EUR_d10,shell.conductance,1,,,,,,,,,,,,,,,
policy_shell_refscn2025dummy.xml,Slovenia,resid EUR_d2,shell.conductance,1,,,,,,,,,,,,,,,
policy_shell_refscn2025dummy.xml,Slovenia,resid EUR_d3,shell.conductance,1,,,,,,,,,,,,,,,
policy_shell_refscn2025dummy.xml,Slovenia,resid EUR_d4,shell.conductance,1,,,,,,,,,,,,,,,
policy_shell_refscn2025dummy.xml,Slovenia,resid EUR_d5,shell.conductance,1,,,,,,,,,,,,,,,
policy_shell_refscn2025dummy.xml,Slovenia,resid EUR_d6,shell.conductance,1,,,,,,,,,,,,,,,
policy_shell_refscn2025dummy.xml,Slovenia,resid EUR_d7,shell.conductance,1,,,,,,,,,,,,,,,
policy_shell_refscn2025dummy.xml,Slovenia,resid EUR_d8,shell.conductance,1,,,,,,,,,,,,,,,
policy_shell_refscn2025dummy.xml,Slovenia,resid EUR_d9,shell.conductance,1,,,,,,,,,,,,,,,
policy_shell_refscn2025dummy.xml,Spain,resid EUR_d1,shell.conductance,1,,,,,,,,,,,,,,,
policy_shell_refscn2025dummy.xml,Spain,resid EUR_d10,shell.conductance,1,,,,,,,,,,,,,,,
policy_shell_refscn2025dummy.xml,Spain,resid EUR_d2,shell.conductance,1,,,,,,,,,,,,,,,
policy_shell_refscn2025dummy.xml,Spain,resid EUR_d3,shell.conductance,1,,,,,,,,,,,,,,,
policy_shell_refscn2025dummy.xml,Spain,resid EUR_d4,shell.conductance,1,,,,,,,,,,,,,,,
policy_shell_refscn2025dummy.xml,Spain,resid EUR_d5,shell.conductance,1,,,,,,,,,,,,,,,
policy_shell_refscn2025dummy.xml,Spain,resid EUR_d6,shell.conductance,1,,,,,,,,,,,,,,,
policy_shell_refscn2025dummy.xml,Spain,resid EUR_d7,shell.conductance,1,,,,,,,,,,,,,,,
policy_shell_refscn2025dummy.xml,Spain,resid EUR_d8,shell.conductance,1,,,,,,,,,,,,,,,
policy_shell_refscn2025dummy.xml,Spain,resid EUR_d9,shell.conductance,1,,,,,,,,,,,,,,,
policy_shell_refscn2025dummy.xml,Sweden,resid EUR_d1,shell.conductance,1,,,,,,,,,,,,,,,
policy_shell_refscn2025dummy.xml,Sweden,resid EUR_d10,shell.conductance,1,,,,,,,,,,,,,,,
policy_shell_refscn2025dummy.xml,Sweden,resid EUR_d2,shell.conductance,1,,,,,,,,,,,,,,,
policy_shell_refscn2025dummy.xml,Sweden,resid EUR_d3,shell.conductance,1,,,,,,,,,,,,,,,
policy_shell_refscn2025dummy.xml,Sweden,resid EUR_d4,shell.conductance,1,,,,,,,,,,,,,,,
policy_shell_refscn2025dummy.xml,Sweden,resid EUR_d5,shell.conductance,1,,,,,,,,,,,,,,,
policy_shell_refscn2025dummy.xml,Sweden,resid EUR_d6,shell.conductance,1,,,,,,,,,,,,,,,
policy_shell_refscn2025dummy.xml,Sweden,resid EUR_d7,shell.conductance,1,,,,,,,,,,,,,,,
policy_shell_refscn2025dummy.xml,Sweden,resid EUR_d8,shell.conductance,1,,,,,,,,,,,,,,,
policy_shell_refscn2025dummy.xml,Sweden,resid EUR_d9,shell.conductance,1,,,,,,,,,,,,,,,
policy_shell_refscn2025dummy.xml,Austria,comm EUR,shell.conductance,1,,,,,,,,,,,,,,,
policy_shell_refscn2025dummy.xml,Belgium,comm EUR,shell.conductance,1,,,,,,,,,,,,,,,
policy_shell_refscn2025dummy.xml,Bulgaria,comm EUR,shell.conductance,1,,,,,,,,,,,,,,,
policy_shell_refscn2025dummy.xml,Croatia,comm EUR,shell.conductance,1,,,,,,,,,,,,,,,
policy_shell_refscn2025dummy.xml,Cyprus,comm EUR,shell.conductance,1,,,,,,,,,,,,,,,
policy_shell_refscn2025dummy.xml,Czech Republic,comm EUR,shell.conductance,1,,,,,,,,,,,,,,,
policy_shell_refscn2025dummy.xml,Denmark,comm EUR,shell.conductance,1,,,,,,,,,,,,,,,
policy_shell_refscn2025dummy.xml,Estonia,comm EUR,shell.conductance,1,,,,,,,,,,,,,,,
policy_shell_refscn2025dummy.xml,Finland,comm EUR,shell.conductance,1,,,,,,,,,,,,,,,
policy_shell_refscn2025dummy.xml,France,comm EUR,shell.conductance,1,,,,,,,,,,,,,,,
policy_shell_refscn2025dummy.xml,Germany,comm EUR,shell.conductance,1,,,,,,,,,,,,,,,
policy_shell_refscn2025dummy.xml,Greece,comm EUR,shell.conductance,1,,,,,,,,,,,,,,,
policy_shell_refscn2025dummy.xml,Hungary,comm EUR,shell.conductance,1,,,,,,,,,,,,,,,
policy_shell_refscn2025dummy.xml,Ireland,comm EUR,shell.conductance,1,,,,,,,,,,,,,,,
policy_shell_refscn2025dummy.xml,Italy,comm EUR,shell.conductance,1,,,,,,,,,,,,,,,
policy_shell_refscn2025dummy.xml,Latvia,comm EUR,shell.conductance,1,,,,,,,,,,,,,,,
policy_shell_refscn2025dummy.xml,Lithuania,comm EUR,shell.conductance,1,,,,,,,,,,,,,,,
policy_shell_refscn2025dummy.xml,Luxembourg,comm EUR,shell.conductance,1,,,,,,,,,,,,,,,
policy_shell_refscn2025dummy.xml,Malta,comm EUR,shell.conductance,1,,,,,,,,,,,,,,,
policy_shell_refscn2025dummy.xml,Netherlands,comm EUR,shell.conductance,1,,,,,,,,,,,,,,,
policy_shell_refscn2025dummy.xml,Poland,comm EUR,shell.conductance,1,,,,,,,,,,,,,,,
policy_shell_refscn2025dummy.xml,Portugal,comm EUR,shell.conductance,1,,,,,,,,,,,,,,,
policy_shell_refscn2025dummy.xml,Romania,comm EUR,shell.conductance,1,,,,,,,,,,,,,,,
policy_shell_refscn2025dummy.xml,Slovakia,comm EUR,shell.conductance,1,,,,,,,,,,,,,,,
policy_shell_refscn2025dummy.xml,Slovenia,comm EUR,shell.conductance,1,,,,,,,,,,,,,,,
policy_shell_refscn2025dummy.xml,Spain,comm EUR,shell.conductance,1,,,,,,,,,,,,,,,
policy_shell_refscn2025dummy.xml,Sweden,comm EUR,shell.conductance,1,,,,,,,,,,,,,,,
