# File: A_CCap_Constraint.csv,,,,,,,,,,,,,,,,,,,,,,,
# Title: Carbon caps for specific industries,,,,,,,,,,,,,,,,,,,,,,,
# Units: MTC,,,,,,,,,,,,,,,,,,,,,,,
# Comments: For linked regions (share same market/policy/constraint) only include the constraint for one region,,,,,,,,,,,,,,,,,,,,,,,
#  If using GDP intensity base year  in GDPIntensity_BaseYear column (must be historical year); then percent change in year columns,,,,,,,,,,,,,,,,,,,,,,,
# Column types: ccccciiinnnnnnnnnnnnnnnn,,,,,,,,,,,,,,,,,,,,,,,
# ----------,,,,,,,,,,,,,,,,,,,,,,,
xml,market,ghgpolicy,link.type,mapping.name,year.fillout,GDPIntensity_BaseYear,adjust.year,2025,2030,2035,2040,2045,2050,2055,2060,2065,2070,2075,2080,2085,2090,2095,2100
policy_ccapbuild_can.xml,Canada,CO2_building,,BUILD_SECTORS_NOCOOL,2030,,2025,19.9403927,19.9403927,,,,,,,,,,,,,,
policy_ccapind_chn.xml,China,CO2_industry,,CO2_CHINA_INDUSTRY,,2021,2025,-28,-28,-28,-28,-28,-28,-28,-28,-28,-28,-28,-28,-28,-28,-28,-28
policy_ccap_eu.xml,EU,CO2_ETS,,ETS,2030,,2025,295.7070042,218.1861022,,,,,,,,,,,,,,
policy_ccap_eu_ets2dummy.xml,EU,CO2_ETS2,,ETS2,2030,,2025,,0,,,,,,,,,,,,,,
policy_fgas_eu.xml,EU,FGAS,FGAS,,2050,,2025,48.5,27.1,13.4,6.6,3.3,1.7,,,,,,,,,,
policy_ccap_efta.xml,Switzerland,CO2_ETS,,ETS,2030,,2025,45,36.5,,,,,,,,,,,,,,
policy_ccap_iron_steel_cement_jpn.xml,Japan,CO2_ironsteel,,IRONSTEEL,2030,,2025,35.7,28.6,,,,,,,,,,,,,,
policy_ccap_iron_steel_cement_jpn.xml,Japan,CO2_cement,,CEMENT,2030,,2025,,10.14,,,,,,,,,,,,,,
policy_ccaptran_rus.xml,Russia,CO2_4W,,TRN_4W,2050,,2025,,25,25,25,25,25,,,,,,,,,,
policy_ccap_kor.xml,South Korea,CO2,,,2025,,2025,174,,,,,,,,,,,,,,,
policy_ccapbuild_kor.xml,South Korea,CO2_building,,BUILD_SECTORS_NOCOOL,2030,,2025,12.79493806,11.29493806,,,,,,,,,,,,,,
policy_caps_CP_CO2only.xml,Argentina,CO2,,,,,2025,52.59788328,53.61475356,,,,,,,,,,,,,,
policy_caps_CP_CO2only.xml,Australia_NZ,CO2,,,,,2025,119.2985527,98.19673593,,,,,,,,,,,,,,
policy_caps_CP_CO2only.xml,Brazil,CO2,,,,,2025,126.9551795,127.5761825,,,,,,,,,,,,,,
policy_caps_CP_CO2only.xml,Canada,CO2,,,,,2025,141.5439871,101.7470791,,,,,,,,,,,,,,
policy_caps_CP_CO2only.xml,China,CO2,,,,,2025,3472.470594,3604.167804,,,,,,,,,,,,,,
policy_caps_CP_CO2only.xml,EU,CO2,,,,,2025,637.1964536,446.4828997,,,,,,,,,,,,,,
policy_caps_CP_CO2only.xml,Turkey,CO2,,,,,2025,147.6303913,156.2409023,,,,,,,,,,,,,,
policy_caps_CP_CO2only.xml,India,CO2,,,,,2025,952.7606213,1144.351348,,,,,,,,,,,,,,
policy_caps_CP_CO2only.xml,Indonesia,CO2,,,,,2025,190.755551,219.6346358,,,,,,,,,,,,,,
policy_caps_CP_CO2only.xml,Japan,CO2,,,,,2025,290.7184513,244.7161603,,,,,,,,,,,,,,
policy_caps_CP_CO2only.xml,Mexico,CO2,,,,,2025,135.7397412,137.5436386,,,,,,,,,,,,,,
policy_caps_CP_CO2only.xml,Middle East,CO2,,,,,2025,626.0701417,645.1492793,,,,,,,,,,,,,,
policy_caps_CP_CO2only.xml,Russia,CO2,,,,,2025,471.4291363,450.1018661,,,,,,,,,,,,,,
policy_caps_CP_CO2only.xml,South Africa,CO2,,,,,2025,137.5819791,135.9461255,,,,,,,,,,,,,,
policy_caps_CP_CO2only.xml,South Korea,CO2,,,,,2025,176.3275547,168.9977837,,,,,,,,,,,,,,
policy_caps_CP_CO2only.xml,USA,CO2,,,,,2025,1149.337928,1021.231997,,,,,,,,,,,,,,
policy_GHG_constraint_post2030_CP.xml,Africa_Eastern,GHG,ALL_GHG_NOAGPR,,,,2035,,,1330.945329,1627.68064,1987.495588,2413.702367,2907.653525,3469.653574,4098.553366,4785.546832,5514.55717,6264.305737,7014.458559,7764.134886,8493.48018,9179.877614
policy_GHG_constraint_post2030_CP.xml,Africa_Northern,GHG,ALL_GHG_NOAGPR,,,,2035,,,1290.181937,1430.562203,1559.386642,1678.631163,1798.813777,1920.789491,2031.210789,2115.545889,2174.633774,2215.001245,2236.418979,2228.532114,2204.576174,2172.77417
policy_GHG_constraint_post2030_CP.xml,Africa_Southern,GHG,ALL_GHG_NOAGPR,,,,2035,,,1202.905385,1399.66234,1651.958718,1967.171194,2345.260226,2785.472926,3283.283059,3836.923484,4434.02531,5061.103459,5702.040589,6341.332232,6959.873468,7547.893465
policy_GHG_constraint_post2030_CP.xml,Africa_Western,GHG,ALL_GHG_NOAGPR,,,,2035,,,2964.18125,3681.153645,4543.65854,5565.869887,6754.770883,8105.947283,9595.467586,11226.85909,12952.385,14714.80978,16461.77263,18145.37313,19730.56764,21182.1697
policy_GHG_constraint_post2030_CP.xml,Argentina,GHG,ALL_GHG_NOAGPR_ARG,,,,2035,,,402.572872,387.2956381,369.5107362,351.7190222,333.9366393,315.9366635,306.3500329,294.2964443,280.4587169,265.5515677,251.0484868,235.9810409,222.1589308,209.9806001
policy_GHG_constraint_post2030_CP.xml,Australia_NZ,GHG,ALL_GHG_NOAGPR,,,,2035,,,674.6280031,635.5795024,598.2167597,558.7248748,521.9197467,488.0618007,456.9307249,424.1013389,392.6872359,365.0793829,339.5928737,315.826341,295.4041143,276.9344052
policy_GHG_constraint_post2030_CP.xml,Brazil,GHG,ALL_GHG_NOAGPR_BRA,,,,2035,,,1204.608348,1137.198538,1066.070134,988.3987279,909.0614952,831.2669791,770.2576805,710.5782686,656.6912378,607.4865446,556.2370679,508.8161939,465.2804175,426.8410865
policy_GHG_constraint_post2030_CP.xml,Canada,GHG,ALL_GHG_NOAGPR_LUC0175,,,,2035,,,406.3291701,318.4445197,249.118916,194.5314932,151.8053194,118.2949534,94.13522612,74.67748464,58.76023649,46.45499676,36.93373259,29.42953879,23.59063529,18.95263309
policy_GHG_constraint_post2030_CP.xml,Central America and Caribbean,GHG,ALL_GHG_NOAGPR,,,,2035,,,493.8596735,523.4392223,552.3547875,579.3206582,603.7485644,625.2866698,644.6777222,660.1720707,671.7643666,679.8666408,684.8140829,684.1391543,678.9475606,672.09267
policy_GHG_constraint_post2030_CP.xml,Central Asia,GHG,ALL_GHG_NOAGPR,,,,2035,,,1130.159682,1220.216176,1275.202895,1301.278842,1314.909845,1336.284507,1367.128265,1392.151104,1398.560121,1397.710087,1394.930583,1379.593625,1356.143197,1324.601815
policy_GHG_constraint_post2030_CP.xml,China,GHG,ALL_GHG_NOAGPR,,,,2035,,,14665.00606,13582.55292,12235.22015,10828.31601,9610.494798,8474.097417,7398.385005,6414.293695,5566.360305,4774.200916,4045.059623,3343.737865,2772.603308,2390.158335
policy_GHG_constraint_post2030_CP.xml,Colombia,GHG,ALL_GHG_NOAGPR_COL,,,,2035,,,263.7674493,257.890967,248.6572229,237.4776601,224.7374398,210.828236,208.5351662,204.5376353,199.2311062,194.2358726,189.7791538,184.2313857,177.7555534,170.9708669
policy_GHG_constraint_post2030_CP.xml,EU,GHG,GHG_NO_LUC_AGPRzero,,,,2035,,,1800.260498,1395.911494,1084.134479,841.0469473,652.0088772,506.0985156,393.243905,305.1725033,235.5731863,182.075302,141.2329218,109.665202,85.35092125,66.54602386
policy_GHG_constraint_post2030_CP.xml,Ukraine,GHG,ALL_GHG_NOAGPR,,,,2035,,,629.8718017,635.4477351,630.438649,615.6487976,598.3715958,581.759385,566.477827,552.8495248,536.0493062,514.9733686,488.2279177,459.3416502,439.4121983,423.9307315
policy_GHG_constraint_post2030_CP.xml,Turkey,GHG,ALL_GHG_NOAGPR,,,,2035,,,766.0782285,747.6389918,719.2078341,686.0506224,647.2619987,607.7619935,569.489916,531.3576324,491.39878,452.6573355,415.2346671,377.8873204,341.932767,311.7391273
policy_GHG_constraint_post2030_CP.xml,Switzerland,GHG,GHG_NO_LUC_AGPR,,,,2035,,,409.0471385,357.3768861,311.8187893,272.0744769,238.3781282,208.9650977,185.4855797,163.7374023,143.8369989,126.6097763,111.4271168,98.1057462,86.81490966,77.22647984
policy_GHG_constraint_post2030_CP.xml,India,GHG,ALL_GHG_NOAGPR_IND,,,,2035,,,5551.392786,5937.178208,6156.925135,6258.449641,6302.707465,6311.948773,6393.732515,6400.231814,6334.54012,6202.234333,6036.659435,5840.119543,5629.410787,5402.551031
policy_GHG_constraint_post2030_CP.xml,Indonesia,GHG,ALL_GHG_NOAGPR,,,,2035,,,1513.941659,1473.322785,1408.587049,1328.249136,1238.526088,1145.772123,1091.482386,1025.823282,952.4764106,882.8699783,810.0743289,736.750218,667.8335153,602.1897016
policy_GHG_constraint_post2030_CP.xml,Japan,GHG,GHG_NO_LUC_AGPR,,,,2035,,,849.8065233,733.2899139,631.3044679,541.1820272,466.3815475,406.2416069,354.7006189,309.1663574,268.6358318,233.6590763,204.6929114,180.34578,159.8166087,142.0539331
policy_GHG_constraint_post2030_CP.xml,Mexico,GHG,ALL_GHG_NOAGPR_MEX,,,,2035,,,730.41958,724.9596579,713.9976984,698.9395392,678.3410464,653.1207662,644.2822689,632.0655194,614.61608,594.6389167,570.3814468,543.8211081,519.2503927,497.3384474
policy_GHG_constraint_post2030_CP.xml,Middle East,GHG,ALL_GHG_NOAGPR,,,,2035,,,3290.608179,3257.271961,3187.080568,3095.272954,3002.987774,2927.388472,2860.272113,2784.333414,2711.80885,2645.897351,2580.844237,2502.052691,2428.653975,2363.280122
policy_GHG_constraint_post2030_CP.xml,Pakistan,GHG,ALL_GHG_NOAGPR,,,,2035,,,703.7968418,828.987895,976.9633839,1144.060381,1326.21847,1517.558489,1718.632339,1927.339386,2131.714624,2309.912686,2473.417649,2618.571373,2753.818382,2866.828664
policy_GHG_constraint_post2030_CP.xml,Russia,GHG,ALL_GHG_NOAGPR_RUS,,,,2035,,,2096.858548,1958.976109,1814.941468,1666.211186,1544.813101,1463.373418,1396.704864,1327.531853,1260.735521,1193.534114,1134.1319,1072.693394,1018.235099,974.5147973
policy_GHG_constraint_post2030_CP.xml,South Africa,GHG,ALL_GHG_NOAGPR,,,,2035,,,697.013587,725.287706,741.9179969,756.4618896,770.329432,780.0019688,773.775335,764.7941059,756.0157897,744.8299903,724.9670742,702.2623321,679.1016907,655.2299454
policy_GHG_constraint_post2030_CP.xml,South America_Northern,GHG,ALL_GHG_NOAGPR,,,,2035,,,487.6498223,479.4507442,473.910387,469.6967667,463.9197589,453.8937435,438.4490765,421.3245888,405.1907189,384.9437496,358.8836203,332.386014,306.6954595,282.7861373
policy_GHG_constraint_post2030_CP.xml,South America_Southern,GHG,ALL_GHG_NOAGPR,,,,2035,,,765.8175971,792.2729163,813.1136021,829.50364,842.5704535,850.4415689,863.319776,870.4472243,871.9216068,870.1299857,861.0372683,844.6447616,825.8516678,804.5146011
policy_GHG_constraint_post2030_CP.xml,South Asia,GHG,ALL_GHG_NOAGPR,,,,2035,,,616.5529851,660.6795756,700.6336871,731.7739649,758.6161354,780.0461145,793.6449844,800.2057061,798.7166179,786.4641484,766.0717611,745.1792081,720.2475155,690.3499916
policy_GHG_constraint_post2030_CP.xml,South Korea,GHG,ALL_GHG_NOAGPR,,,,2035,,,609.3404509,529.9117311,454.8150658,385.4702498,327.8980168,275.3972993,237.3686858,202.9782656,171.1168,144.2969906,123.5927387,104.1655954,89.47031421,78.57177758
policy_GHG_constraint_post2030_CP.xml,Southeast Asia,GHG,ALL_GHG_NOAGPR,,,,2035,,,3167.772884,3279.732078,3367.911334,3421.956996,3454.513845,3469.253036,3475.029856,3458.810023,3415.456813,3364.968665,3297.134937,3214.273371,3123.189018,3022.934558
policy_GHG_constraint_post2030_CP.xml,Taiwan,GHG,ALL_GHG_NOAGPR,,,,2035,,,398.5943307,359.646256,318.98725,277.8757943,238.8148788,205.0407241,181.8101621,160.8300053,141.4374338,123.5660687,106.986901,91.98965356,78.61271516,66.85234449
policy_GHG_constraint_post2030_CP.xml,USA,GHG,GHG_NO_LUC_AGPR,,,,2035,,,4266.251904,3659.879168,3136.422721,2684.983782,2299.529579,1964.121568,1656.504116,1387.415029,1156.086724,965.721003,808.438286,677.314071,570.2281584,481.9573166
policy_caps_CP_NDC_noEU.xml,Africa_Eastern,GHG,ALL_GHG_NOAGPR,,,,2025,878.9839662,998.8373524,,,,,,,,,,,,,,
policy_caps_CP_NDC_noEU.xml,Africa_Southern,GHG,ALL_GHG_NOAGPR,,,,2025,653.7905407,587.205093,,,,,,,,,,,,,,
policy_caps_CP_NDC_noEU.xml,Africa_Western,GHG,ALL_GHG_NOAGPR,,,,2025,1454.546261,1385.581013,,,,,,,,,,,,,,
policy_caps_CP_NDC_noEU.xml,Argentina,GHG,ALL_GHG_NOAGPR,,,,2025,402.9273927,349,,,,,,,,,,,,,,
policy_caps_CP_NDC_noEU.xml,Australia_NZ,GHG,ALL_GHG_NOAGPR,,,,2025,557.8462616,362,,,,,,,,,,,,,,
policy_caps_CP_NDC_noEU.xml,Brazil,GHG,ALL_GHG_NOAGPR,,,,2025,1482,1176,,,,,,,,,,,,,,
policy_caps_CP_NDC_noEU.xml,Canada,GHG,ALL_GHG_NOAGPR_LUC0175,,,,2025,600,438,,,,,,,,,,,,,,
policy_caps_CP_NDC_noEU.xml,Central America and Caribbean,GHG,ALL_GHG_NOAGPR,,,,2025,359.4470503,336.8569778,,,,,,,,,,,,,,
policy_caps_CP_NDC_noEU.xml,Central Asia,GHG,ALL_GHG_NOAGPR,,,,2025,810.2677628,837.1278718,,,,,,,,,,,,,,
policy_caps_CP_NDC_noEU.xml,China,CO2,CO2_FFI,,,,2025,12014.14577,12163.34872,,,,,,,,,,,,,,
policy_caps_CP_NDC_noEU.xml,Colombia,GHG,ALL_GHG_NOAGPR,,,,2025,207.4959177,169.5,,,,,,,,,,,,,,
policy_caps_CP_NDC_noEU.xml,Europe_Eastern,GHG,ALL_GHG_NOAGPR,,,,2025,509.1012919,479,,,,,,,,,,,,,,
policy_caps_CP_NDC_noEU.xml,Europe_Non_EU,GHG,ALL_GHG_NOAGPR,,,,2025,736.311956,780,,,,,,,,,,,,,,
policy_caps_CP_NDC_noEU.xml,European Free Trade Association,GHG,GHG_NO_LUC_AGPR,,,,2025,437.48995,312,,,,,,,,,,,,,,
policy_caps_CP_NDC_noEU.xml,India,GHG,ALL_GHG_NOAGPR,,,,2025,4826.60577,5634.887525,,,,,,,,,,,,,,
policy_caps_CP_NDC_noEU.xml,Indonesia,GHG,ALL_GHG_NOAGPR,,,,2025,1683.584142,1954.0759,,,,,,,,,,,,,,
policy_caps_CP_NDC_noEU.xml,Japan,GHG,GHG_NO_LUC_AGPR,,,,2025,1003.818606,760,,,,,,,,,,,,,,
policy_caps_CP_NDC_noEU.xml,Mexico,GHG,ALL_GHG_NOAGPR,,,,2025,710.1660508,644,,,,,,,,,,,,,,
policy_caps_CP_NDC_noEU.xml,Middle East,GHG,ALL_GHG_NOAGPR,,,,2025,2792.054726,2604.528063,,,,,,,,,,,,,,
policy_caps_CP_NDC_noEU.xml,Russia,GHG,ALL_GHG_NOAGPR,,,,2025,2429.382012,2472,,,,,,,,,,,,,,
policy_caps_CP_NDC_noEU.xml,South Africa,GHG,ALL_GHG_NOAGPR,,,,2025,552.7570449,500,,,,,,,,,,,,,,
policy_caps_CP_NDC_noEU.xml,South America_Southern,GHG,ALL_GHG_NOAGPR,,,,2025,561.1033398,479.5323977,,,,,,,,,,,,,,
policy_caps_CP_NDC_noEU.xml,South Korea,GHG,ALL_GHG_NOAGPR,,,,2025,592.6503528,437,,,,,,,,,,,,,,
policy_caps_CP_NDC_noEU.xml,Southeast Asia,GHG,ALL_GHG_NOAGPR,,,,2025,2596.865212,2578.362703,,,,,,,,,,,,,,
policy_caps_CP_NDC_noEU.xml,USA,GHG,GHG_NO_LUC_AGPR,,,,2025,4856.800691,3774.9,,,,,,,,,,,,,,
policy_GHG_constraint_2030_NDC_2020removals.xml,Africa_Eastern,GHG,ALL_GHG_NOAGPR,,,,2025,878.9839662,998.8373524,,,,,,,,,,,,,,
policy_GHG_constraint_2030_NDC_2020removals.xml,Africa_Southern,GHG,ALL_GHG_NOAGPR,,,,2025,653.7905407,587.205093,,,,,,,,,,,,,,
policy_GHG_constraint_2030_NDC_2020removals.xml,Africa_Western,GHG,ALL_GHG_NOAGPR,,,,2025,1454.546261,1385.581013,,,,,,,,,,,,,,
policy_GHG_constraint_2030_NDC_2020removals.xml,Argentina,GHG,ALL_GHG_NOAGPR_ARG,,,,2025,370,349,,,,,,,,,,,,,,
policy_GHG_constraint_2030_NDC_2020removals.xml,Australia_NZ,GHG,ALL_GHG_NOAGPR,,,,2025,557.8462616,362,,,,,,,,,,,,,,
policy_GHG_constraint_2030_NDC_2020removals.xml,Brazil,GHG,ALL_GHG_NOAGPR_BRA,,,,2025,1282,1176,,,,,,,,,,,,,,
policy_GHG_constraint_2030_NDC_2020removals.xml,Canada,GHG,ALL_GHG_NOAGPR_LUC0175,,,,2025,600,438,,,,,,,,,,,,,,
policy_GHG_constraint_2030_NDC_2020removals.xml,Central America and Caribbean,GHG,ALL_GHG_NOAGPR,,,,2025,359.4470503,336.8569778,,,,,,,,,,,,,,
policy_GHG_constraint_2030_NDC_2020removals.xml,Central Asia,GHG,ALL_GHG_NOAGPR,,,,2025,810.2677628,837.1278718,,,,,,,,,,,,,,
policy_GHG_constraint_2030_NDC_2020removals.xml,China,GHG,CO2_FFI,,,,2025,12250,12163.34872,,,,,,,,,,,,,,
policy_GHG_constraint_2030_NDC_2020removals.xml,Colombia,GHG,ALL_GHG_NOAGPR_COL,,,,2025,200,169.5,,,,,,,,,,,,,,
policy_GHG_constraint_2030_NDC_2020removals.xml,Ukraine,GHG,ALL_GHG_NOAGPR,,,,2025,509.1012919,479,,,,,,,,,,,,,,
policy_GHG_constraint_2030_NDC_2020removals.xml,Turkey,GHG,ALL_GHG_NOAGPR,,,,2025,736.311956,780,,,,,,,,,,,,,,
policy_GHG_constraint_2030_NDC_2020removals.xml,Switzerland,GHG,GHG_NO_LUC_AGPR,,,,2025,437.48995,312,,,,,,,,,,,,,,
policy_GHG_constraint_2030_NDC_2020removals.xml,India,GHG,ALL_GHG_NOAGPR_IND,,,,2025,4500,5634.887525,,,,,,,,,,,,,,
policy_GHG_constraint_2030_NDC_2020removalsNOINCLUDE.xml,Indonesia,GHG,ALL_GHG_NOAGPR,,,,2025,1683.584142,1954.0759,,,,,,,,,,,,,,
policy_GHG_constraint_2030_NDC_2020removals.xml,Japan,GHG,GHG_NO_LUC_AGPR,,,,2025,1040,813,,,,,,,,,,,,,,
policy_GHG_constraint_2030_NDC_2020removals.xml,Mexico,GHG,ALL_GHG_NOAGPR_MEX,,,,2025,650,644,,,,,,,,,,,,,,
policy_GHG_constraint_2030_NDC_2020removals.xml,Middle East,GHG,ALL_GHG_NOAGPR,,,,2025,2792.054726,2604.528063,,,,,,,,,,,,,,
policy_GHG_constraint_2030_NDC_2020removals.xml,Russia,GHG,ALL_GHG_NOAGPR_RUS,,,,2025,2120,2170,,,,,,,,,,,,,,
policy_GHG_constraint_2030_NDC_2020removals.xml,South Africa,GHG,ALL_GHG_NOAGPR,,,,2025,552.7570449,500,,,,,,,,,,,,,,
policy_GHG_constraint_2030_NDC_2020removals.xml,South America_Southern,GHG,ALL_GHG_NOAGPR,,,,2025,561.1033398,479.5323977,,,,,,,,,,,,,,
policy_GHG_constraint_2030_NDC_2020removals.xml,South Korea,GHG,ALL_GHG_NOAGPR,,,,2025,592.6503528,437,,,,,,,,,,,,,,
policy_GHG_constraint_2030_NDC_2020removals.xml,Southeast Asia,GHG,ALL_GHG_NOAGPR,,,,2025,2596.865212,2578.362703,,,,,,,,,,,,,,
policy_GHG_constraint_2030_NDC_2020removals.xml,USA,GHG,GHG_NO_LUC_AGPR,,,,2025,4856.800691,3774.9,,,,,,,,,,,,,,
policy_GHG_constraint_post2030_CP_nonzero.xml,Argentina,GHG,ALL_GHG_NOAGPR,,,,2035,,,509.3428936,527.2133264,535.5207368,539.4516943,542.1421457,543.4670255,542.876406,555.7899436,563.7279673,567.2118853,567.0443957,566.0015416,561.7316987,558.3511428
policy_GHG_constraint_post2030_CP_nonzero.xml,Australia_NZ,GHG,ALL_GHG_NOAGPR,,,,2035,,,675.1332345,659.4948865,640.174331,620.8236534,597.4327024,575.0108223,554.0237894,534.4231504,511.0764272,487.5782194,467.0529561,447.6294907,428.9333133,413.3703035
policy_GHG_constraint_post2030_CP_nonzero.xml,Brazil,GHG,ALL_GHG_NOAGPR,,,,2035,,,1986.309581,,,,,,,,,,,,,
policy_GHG_constraint_post2030_CP_nonzero.xml,Canada,GHG,ALL_GHG_NOAGPR,,,,2035,,,542.453285,491.3233917,442.438276,397.699541,356.8352724,319.9589909,286.4857458,261.9500243,238.7731156,215.8781821,196.1043031,179.1461016,164.0201066,151.0715699
policy_GHG_constraint_post2030_CP_nonzero.xml,EU,GHG,ALL_GHG_NOAGPR,,,,2035,,,1872.373635,1483.572548,1184.804987,947.7367053,757.2518396,604.6292608,483.3773201,386.8376712,309.1916195,245.8236846,195.6881199,156.3381324,125.0297528,100.2232073
policy_GHG_constraint_post2030_CP_nonzero.xml,Japan,GHG,ALL_GHG_NOAGPR,,,,2035,,,918.6808185,828.2860217,741.3033748,661.9407578,588.5503456,526.0676635,475.2746422,430.409831,389.1100603,350.6744825,316.3609522,287.4504651,262.6795062,241.4360468
policy_GHG_constraint_post2030_CP_nonzero.xml,Russia,GHG,ALL_GHG_NOAGPR,,,,2035,,,2578.514518,2674.509802,2735.141177,2773.887097,2787.608314,2829.131913,2933.64774,3065.017768,3188.958371,,,,,
policy_GHG_constraint_post2030_CP_nonzero.xml,South America_Southern,GHG,ALL_GHG_NOAGPR,,,,2035,,,828.9586726,937.573156,1051.832668,1170.617719,,,,,,,,,,
policy_GHG_constraint_post2030_CP_nonzero.xml,South Korea,GHG,ALL_GHG_NOAGPR,,,,2035,,,,,,539.3812535,481.5724412,431.5382587,381.8123275,346.6757382,312.2908901,277.3397902,246.3692836,222.2961788,197.3663441,178.5819302
policy_GHG_constraint_post2030_CP_nonzero.xml,USA,GHG,ALL_GHG_NOAGPR,,,,2035,,,4951.589357,4693.516498,4393.179879,4107.780367,3836.848713,3585.356903,3341.351336,3074.727858,2809.83581,2554.61435,2328.343195,2126.682102,1944.044431,1785.768397
policy_GHG_constraint_2030_NDC_withCP.xml,Africa_Eastern,GHG,ALL_GHG,,,,2025,880.3181858,998.8373524,,,,,,,,,,,,,,
policy_GHG_constraint_2030_NDC_withCP.xml,Africa_Northern,GHG,ALL_GHG,,,,2025,1045.671403,1162.679958,,,,,,,,,,,,,,
policy_GHG_constraint_2030_NDC_withCP.xml,Africa_Southern,GHG,ALL_GHG,,,,2025,653.4103983,587.205093,,,,,,,,,,,,,,
policy_GHG_constraint_2030_NDC_withCP.xml,Africa_Western,GHG,ALL_GHG,,,,2025,1455.233588,1385.581013,,,,,,,,,,,,,,
policy_GHG_constraint_2030_NDC_withCP.xml,Argentina,GHG,ALL_GHG,,,,2025,401.9143388,349,,,,,,,,,,,,,,
policy_GHG_constraint_2030_NDC_withCP.xml,Australia_NZ,GHG,ALL_GHG,,,,2025,559.4280203,362,,,,,,,,,,,,,,
policy_GHG_constraint_2030_NDC_withCP.xml,Brazil,GHG,ALL_GHG,,,,2025,1432.775175,1176,,,,,,,,,,,,,,
policy_GHG_constraint_2030_NDC_withCP.xml,Canada,GHG,ALL_GHG,,,,2025,497.1164453,438,,,,,,,,,,,,,,
policy_GHG_constraint_2030_NDC_withCP.xml,Central America and Caribbean,GHG,ALL_GHG,,,,2025,359.8988001,336.8569778,,,,,,,,,,,,,,
policy_GHG_constraint_2030_NDC_withCP.xml,Central Asia,GHG,ALL_GHG,,,,2025,807.5459166,837.1278718,,,,,,,,,,,,,,
policy_GHG_constraint_2030_NDC_withCP.xml,China,CO2,CO2_FFI,,,,2025,12250,12163.34872,,,,,,,,,,,,,,
policy_GHG_constraint_2030_NDC_withCP.xml,Colombia,GHG,ALL_GHG,,,,2025,207.425323,169.5,,,,,,,,,,,,,,
policy_GHG_constraint_2030_NDC_withCP.xml,EU,GHG,ALL_GHG,,,,2025,2995.443365,2302,,,,,,,,,,,,,,
policy_GHG_constraint_2030_NDC_withCP.xml,Ukraine,GHG,ALL_GHG,,,,2025,514.4554728,479,,,,,,,,,,,,,,
policy_GHG_constraint_2030_NDC_withCP.xml,Turkey,GHG,ALL_GHG,,,,2025,742.4035004,780,,,,,,,,,,,,,,
policy_GHG_constraint_2030_NDC_withCP.xml,Switzerland,GHG,ALL_GHG,,,,2025,436.8581541,312,,,,,,,,,,,,,,
policy_GHG_constraint_2030_NDC_withCP.xml,India,GHG,ALL_GHG,,,,2025,4858.200248,5634.887525,,,,,,,,,,,,,,
policy_GHG_constraint_2030_NDC_withCP.xml,Indonesia,GHG,ALL_GHG,,,,2025,1688.30587,1954.0759,,,,,,,,,,,,,,
policy_GHG_constraint_2030_NDC_withCP.xml,Japan,GHG,ALL_GHG,,,,2025,1007.397923,760,,,,,,,,,,,,,,
policy_GHG_constraint_2030_NDC_withCP.xml,Mexico,GHG,ALL_GHG,,,,2025,716.8430569,644,,,,,,,,,,,,,,
policy_GHG_constraint_2030_NDC_withCP.xml,Middle East,GHG,ALL_GHG,,,,2025,2790.188322,2604.528063,,,,,,,,,,,,,,
policy_GHG_constraint_2030_NDC_withCP.xml,Russia,GHG,ALL_GHG,,,,2025,2432.511332,2472,,,,,,,,,,,,,,
policy_GHG_constraint_2030_NDC_withCP.xml,South Africa,GHG,ALL_GHG,,,,2025,551.0367046,500,,,,,,,,,,,,,,
policy_GHG_constraint_2030_NDC_withCP.xml,South America_Southern,GHG,ALL_GHG,,,,2025,561.6514076,479.5323977,,,,,,,,,,,,,,
policy_GHG_constraint_2030_NDC_withCP.xml,South Asia,GHG,ALL_GHG,,,,2025,526.1401942,582.854764,,,,,,,,,,,,,,
policy_GHG_constraint_2030_NDC_withCP.xml,South Korea,GHG,ALL_GHG,,,,2025,592.1109171,437,,,,,,,,,,,,,,
policy_GHG_constraint_2030_NDC_withCP.xml,Southeast Asia,GHG,ALL_GHG,,,,2025,2613.403045,2578.362703,,,,,,,,,,,,,,
policy_GHG_constraint_2030_NDC_withCP.xml,USA,GHG,GHG_NO_LUC_DEMAND,,,,2025,4834.201722,3774.9,,,,,,,,,,,,,,
policy_GHG_constraint_post2030_NDC.xml,Africa_Eastern,GHG,ALL_GHG_NOAGPR,,,,2035,,,1201.012198,1450.492099,1749.08659,2097.721458,2495.546846,2940.818044,3430.61199,3955.774668,4501.627812,5049.993919,5584.329435,6104.202271,6594.478999,7038.671075
policy_GHG_constraint_post2030_NDC.xml,Africa_Northern,GHG,ALL_GHG_NOAGPR,,,,2035,,,1290.181937,1430.562203,1559.386642,1678.631163,1798.813777,1920.789491,2031.210789,2115.545889,2174.633774,2215.001245,2236.418979,2228.532114,2204.576174,2172.77417
policy_GHG_constraint_post2030_NDC.xml,Africa_Southern,GHG,ALL_GHG_NOAGPR,,,,2035,,,537.1863014,499.1332455,470.4269247,447.337078,425.8763651,403.916135,380.1896995,354.7928991,327.4083178,298.4259026,268.4858273,238.4357258,208.9738409,180.9739655
policy_GHG_constraint_post2030_NDC.xml,Africa_Western,GHG,ALL_GHG_NOAGPR,,,,2035,,,1467.521276,1545.571898,1617.843737,1680.697496,1729.787457,1760.400623,1767.256139,1753.546334,1715.672288,1652.969581,1568.239634,1465.977644,1351.844199,1230.78763
policy_GHG_constraint_post2030_NDC.xml,Argentina,GHG,ALL_GHG_NOAGPR_ARG,,,,2035,,,316.332919,280.8293209,247.2446292,217.1678956,190.2671439,166.1115058,148.6337997,131.7603151,115.8693348,101.2391293,88.31960147,76.60843074,66.55231876,58.04683546
policy_GHG_constraint_post2030_NDC.xml,Australia_NZ,GHG,ALL_GHG_NOAGPR,,,,2035,,,244.9337349,164.6198507,110.5347866,73.64893786,49.0795181,32.7415669,21.8676988,14.47939598,9.564354551,6.343431726,4.209433088,2.792810518,1.86353581,1.246310337
policy_GHG_constraint_post2030_NDC.xml,Brazil,GHG,ALL_GHG_NOAGPR_BRA,,,,2035,,,1083.275073,987.0976863,893.1832671,799.3149572,709.5940826,626.3083644,560.1633369,498.7943493,444.940343,397.2905062,351.125533,310.0233249,273.6397466,242.3045571
policy_GHG_constraint_post2030_NDC.xml,Canada,GHG,ALL_GHG_NOAGPR_LUC0175,,,,2035,,,318.3670404,230.0208715,165.8912719,119.4235889,85.91530852,61.7210276,45.27958804,33.1148921,24.02152441,17.50785051,12.83237263,9.42650244,6.96610684,5.159450093
policy_GHG_constraint_post2030_NDC.xml,Central America and Caribbean,GHG,ALL_GHG_NOAGPR,,,,2035,,,307.1603828,277.8956672,250.3153685,224.1002215,199.3578126,176.2423185,155.1056322,135.5800941,117.7632074,101.7349727,87.47281479,74.59311505,63.18942568,53.39384706
policy_GHG_constraint_post2030_NDC.xml,Central Asia,GHG,ALL_GHG_NOAGPR,,,,2035,,,868.0365064,879.3324675,862.2114218,825.5112583,782.6485047,746.2560524,716.3352889,684.4025369,645.0962622,604.8931064,566.411787,525.5923261,484.7541517,444.2418651
policy_GHG_constraint_post2030_NDC.xml,China,GHG,ALL_GHG_NOAGPR,,,,2035,,,13767.76706,12485.99307,11013.20929,9543.846524,8294.089056,7161.051869,6121.822255,5197.00399,4416.069952,3708.734485,3076.878867,2490.451656,2022.060057,1706.842334
policy_GHG_constraint_post2030_NDC.xml,Colombia,GHG,ALL_GHG_NOAGPR_COL,,,,2035,,,143.5825641,119.2042747,97.5959896,79.14597769,63.59994064,50.66234059,42.55111765,35.43888865,29.3115783,24.26535741,20.13172325,16.59477079,13.59583895,11.10401761
policy_GHG_constraint_post2030_NDC.xml,EU,GHG,GHG_NO_LUC_AGPRzero,,,,2035,,,1800.260498,1395.911494,1084.134479,841.0469473,652.0088772,506.0985156,393.243905,305.1725033,235.5731863,182.075302,141.2329218,109.665202,85.35092125,66.54602386
policy_GHG_constraint_post2030_NDC.xml,Ukraine,GHG,ALL_GHG_NOAGPR,,,,2035,,,496.6467679,501.0433281,497.0937206,485.4320906,471.809213,458.7106733,446.6613383,435.9155766,422.6687949,406.0506573,384.9621727,362.1856786,346.4715319,334.264571
policy_GHG_constraint_post2030_NDC.xml,Turkey,GHG,ALL_GHG_NOAGPR,,,,2035,,,766.0782285,747.6389918,719.2078341,686.0506224,647.2619987,607.7619935,569.489916,531.3576324,491.39878,452.6573355,415.2346671,377.8873204,341.932767,311.7391273
policy_GHG_constraint_post2030_NDC.xml,Switzerland,GHG,GHG_NO_LUC_AGPR,,,,2035,,,225.2706672,161.3249388,115.3774913,82.51831963,59.26151368,42.58178388,30.98161202,22.41741426,16.14180129,11.64641837,8.401557439,6.063272895,4.39795468,3.20675982
policy_GHG_constraint_post2030_NDC.xml,India,GHG,ALL_GHG_NOAGPR_IND,,,,2035,,,5551.392786,5937.178208,6156.925135,6258.449641,6302.707465,6311.948773,6393.732515,6400.231814,6334.54012,6202.234333,6036.659435,5840.119543,5629.410787,5402.551031
policy_GHG_constraint_post2030_NDC.xml,Indonesia,GHG,ALL_GHG_NOAGPR,,,,2035,,,1713.489254,1737.777752,1731.42666,1701.46897,1653.384005,1594.009504,1582.46265,1549.934588,1499.750893,1448.724256,1385.28118,1312.977909,1240.307696,1165.517058
policy_GHG_constraint_post2030_NDC.xml,Japan,GHG,GHG_NO_LUC_AGPR,,,,2035,,,645.2528197,507.9514201,398.9531948,312.0060865,245.3000728,194.9293956,155.2714104,123.4691327,97.87386203,77.66441184,62.0695822,49.89058775,40.33398787,32.70688111
policy_GHG_constraint_post2030_NDC.xml,Mexico,GHG,ALL_GHG_NOAGPR_MEX,,,,2035,,,637.6952087,622.3372287,602.6705196,580.0880779,553.5713714,524.0711009,508.3280711,490.344386,468.8287337,445.999966,420.6472769,394.3482757,370.2302616,348.6729923
policy_GHG_constraint_post2030_NDC.xml,Middle East,GHG,ALL_GHG_NOAGPR,,,,2035,,,2337.913578,2065.01746,1802.935443,1562.440593,1352.619212,1176.575424,1025.803539,891.0365258,774.37401,674.1896997,586.7976184,507.6219889,439.6702137,381.7631722
policy_GHG_constraint_post2030_NDC.xml,Pakistan,GHG,ALL_GHG_NOAGPR,,,,2035,,,703.7968418,828.987895,976.9633839,1144.060381,1326.21847,1517.558489,1718.632339,1927.339386,2131.714624,2309.912686,2473.417649,2618.571373,2753.818382,2866.828664
policy_GHG_constraint_post2030_NDC.xml,Russia,GHG,ALL_GHG_NOAGPR_RUS,,,,2035,,,2056.349594,1921.13089,1779.878836,1634.021856,1514.969046,1435.102687,1369.722094,1301.885428,1236.379526,1170.476374,1112.221745,1051.970162,998.5639404,955.6882654
policy_GHG_constraint_post2030_NDC.xml,South Africa,GHG,ALL_GHG_NOAGPR,,,,2035,,,483.9823617,463.6587684,436.6605304,409.897204,384.2945847,358.2476439,327.1917892,297.7363895,270.9680725,245.7787221,220.2446056,196.4202423,174.8725128,155.3389434
policy_GHG_constraint_post2030_NDC.xml,South America_Northern,GHG,ALL_GHG_NOAGPR,,,,2035,,,518.6634212,520.5319568,525.2009193,531.3401948,535.7026813,535.0088875,527.535645,517.4582385,507.9767548,492.6148192,468.8022502,443.2049902,417.4409948,392.8906704
policy_GHG_constraint_post2030_NDC.xml,South America_Southern,GHG,ALL_GHG_NOAGPR,,,,2035,,,407.3959077,343.3037981,286.9904876,238.477302,197.309255,162.2176811,134.1336912,110.1592851,89.88114196,73.06136041,58.88952433,47.05466301,37.47512606,29.73633634
policy_GHG_constraint_post2030_NDC.xml,South Asia,GHG,ALL_GHG_NOAGPR,,,,2035,,,616.5529851,660.6795756,700.6336871,731.7739649,758.6161354,780.0461145,793.6449844,800.2057061,798.7166179,786.4641484,766.0717611,745.1792081,720.2475155,690.3499916
policy_GHG_constraint_post2030_NDC.xml,South Korea,GHG,ALL_GHG_NOAGPR,,,,2035,,,315.2194165,220.0598447,151.6199774,103.1565402,70.44156716,47.49350413,32.86111376,22.55759048,15.26582002,10.33401478,7.105408936,4.807338901,3.314696109,2.336768295
policy_GHG_constraint_post2030_NDC.xml,Southeast Asia,GHG,ALL_GHG_NOAGPR,,,,2035,,,2494.193069,2384.549866,2261.104849,2121.419759,1977.566107,1833.884838,1696.237395,1559.002503,1421.545982,1293.257926,1170.12661,1053.345769,945.1014386,844.6969211
policy_GHG_constraint_post2030_NDC.xml,Taiwan,GHG,ALL_GHG_NOAGPR,,,,2035,,,398.5943307,359.646256,318.98725,277.8757943,238.8148788,205.0407241,181.8101621,160.8300053,141.4374338,123.5660687,106.986901,91.98965356,78.61271516,66.85234449
policy_GHG_constraint_post2030_NDC.xml,USA,GHG,GHG_NO_LUC_AGPR,,,,2035,,,2876.589315,2163.923505,1626.123543,1220.687233,916.738615,686.6235245,507.792898,372.944569,272.5035069,199.6076345,146.5264855,107.6473016,79.47041818,58.89917421
policy_GHG_constraint_LTT_NDC.xml,Africa_Eastern,GHG,ALL_GHG_NOAGPR,,,,2035,,,1201.012198,1450.492099,1749.08659,2097.721458,2495.546846,2940.818044,3430.61199,3955.774668,4501.627812,5049.993919,5584.329435,6104.202271,6594.478999,7038.671075
policy_GHG_constraint_LTT_NDC.xml,Africa_Northern,GHG,ALL_GHG_NOAGPR,,,,2035,,,1290.181937,1430.562203,1559.386642,1678.631163,1798.813777,1920.789491,2031.210789,2115.545889,2174.633774,2215.001245,2236.418979,2228.532114,2204.576174,2172.77417
policy_GHG_constraint_LTT_NDC.xml,Africa_Southern,GHG,ALL_GHG_NOAGPR,,,,2035,,,537.1863014,499.1332455,470.4269247,447.337078,425.8763651,403.916135,380.1896995,354.7928991,327.4083178,298.4259026,268.4858273,238.4357258,208.9738409,180.9739655
policy_GHG_constraint_LTT_NDC.xml,Africa_Western,GHG,ALL_GHG_NOAGPR,,,,2035,,,1311.08606,1234.646287,1155.317122,1071.278917,980.358813,880.2003115,883.6280695,876.773167,857.836144,826.4847905,784.119817,732.988822,675.9220995,615.393815
policy_GHG_constraint_LTT_NDC.xml,Argentina,GHG,ALL_GHG_NOAGPR_ARG,,,,2035,,,261.75,174.5,87.25,0,0,0,0,0,0,0,0,0,0,0
policy_GHG_constraint_LTT_NDC.xml,Australia_NZ,GHG,ALL_GHG_NOAGPR,,,,2035,,,271.5,181,90.5,0,0,0,0,0,0,0,0,0,0,0
policy_GHG_constraint_LTT_NDC.xml,Brazil,GHG,ALL_GHG_NOAGPR_BRA,,,,2035,,,882,588,294,0,0,0,0,0,0,0,0,0,0,0
policy_GHG_constraint_LTT_NDC.xml,Canada,GHG,ALL_GHG_NOAGPR_LUC0175,,,,2035,,,328.5,219,109.5,0,0,0,0,0,0,0,0,0,0,0
policy_GHG_constraint_LTT_NDC.xml,Central America and Caribbean,GHG,ALL_GHG_NOAGPR,,,,2035,,,279.9015581,223.1620781,167.2648065,112.0501108,99.6789063,88.12115925,77.5528161,67.79004705,58.8816037,50.86748635,43.7364074,37.29655753,31.59471284,26.69692353
policy_GHG_constraint_LTT_NDC.xml,Central Asia,GHG,ALL_GHG_NOAGPR,,,,2035,,,782.8215331,718.7088577,640.3876788,552.2769411,461.0849083,373.1280262,358.1676445,342.2012684,322.5481311,302.4465532,283.2058935,262.796163,242.3770759,222.1209326
policy_GHG_constraint_LTT_NDC.xml,China,GHG,FFI_LUC,,,,2035,,,9949.564495,7959.651596,5969.738697,3979.825798,1989.912899,0,0,0,0,0,0,0,0,0
policy_GHG_constraint_LTT_NDC.xml,Colombia,GHG,ALL_GHG_NOAGPR_COL,,,,2035,,,127.125,84.75,42.375,0,0,0,0,0,0,0,0,0,0,0
policy_GHG_constraint_LTT_NDC.xml,EU,GHG,GHG_NO_LUC_AGPRzero,,,,2035,,,1800.260498,1325.050588,817.5252938,310,310,310,310,310,310,310,310,310,310,310
policy_GHG_constraint_LTT_NDC.xml,Ukraine,GHG,ALL_GHG_NOAGPR,,,,2035,,,467.9736213,443.1893774,410.9968684,373.3293536,335.6132725,299.8128904,266.1501419,234.5801883,203.0495284,171.6234793,140.4849047,111.2627998,86.43243427,64.08897065
policy_GHG_constraint_LTT_NDC.xml,Turkey,GHG,ALL_GHG_NOAGPR,,,,2035,,,659.5195571,483.6935487,324.9100231,220.2491591,161.8154997,151.9404984,142.372479,132.8394081,122.849695,113.1643339,103.8086668,94.47183011,85.48319175,77.93478182
policy_GHG_constraint_LTT_NDC.xml,Switzerland,GHG,GHG_NO_LUC_AGPR,,,,2035,,,225.2706672,161.3249388,100.5,30,30,30,30,30,30,30,30,30,30,30
policy_GHG_constraint_LTT_NDC.xml,India,GHG,ALL_GHG_NOAGPR_IND,,,,2035,,,4503.122326,3859.819137,3216.515947,2573.212758,1929.909568,1286.606379,643.3031895,0,0,0,0,0,0,0
policy_GHG_constraint_LTT_NDC.xml,Indonesia,GHG,ALL_GHG_NOAGPR,,,,2035,,,1371.141366,1094.094244,817.047122,540,270,0,0,0,0,0,0,0,0,0
policy_GHG_constraint_LTT_NDC.xml,Japan,GHG,GHG_NO_LUC_AGPR,,,,2035,,,621.675,430.35,239.025,47.7,47.7,47.7,47.7,47.7,47.7,47.7,47.7,47.7,47.7,47.7
policy_GHG_constraint_LTT_NDC.xml,Mexico,GHG,ALL_GHG_NOAGPR_MEX,,,,2035,,,558,472,386,300,214,128,42,0,0,0,0,0,0,0
policy_GHG_constraint_LTT_NDC.xml,Middle East,GHG,ALL_GHG_NOAGPR,,,,2035,,,2251.040631,1893.779851,1543.015052,1205.217565,945.8454907,706.7634613,616.1954814,535.2415547,465.1629165,404.9826607,352.4866383,304.9262007,264.107881,229.3233867
policy_GHG_constraint_LTT_NDC.xml,Pakistan,GHG,ALL_GHG_NOAGPR,,,,2035,,,703.7968418,828.987895,976.9633839,1144.060381,1326.21847,1517.558489,1718.632339,1927.339386,2131.714624,2309.912686,2473.417649,2618.571373,2753.818382,2866.828664
policy_GHG_constraint_LTT_NDC.xml,Russia,GHG,FFI_LUC,,,,2035,,,1424.261771,1139.409417,854.5570624,569.7047083,284.8523541,0,0,0,0,0,0,0,0,0
policy_GHG_constraint_LTT_NDC.xml,South Africa,GHG,ALL_GHG_NOAGPR,,,,2035,,,375,250,125,0,0,0,0,0,0,0,0,0,0,0
policy_GHG_constraint_LTT_NDC.xml,South America_Northern,GHG,ALL_GHG_NOAGPR,,,,2035,,,518.6634212,520.5319568,525.2009193,531.3401948,535.7026813,535.0088875,527.535645,517.4582385,507.9767548,492.6148192,468.8022502,443.2049902,417.4409948,392.8906704
policy_GHG_constraint_LTT_NDC.xml,South America_Southern,GHG,ALL_GHG_NOAGPR,,,,2035,,,377.1269012,277.6660428,181.0526067,87.29439932,72.22487319,59.37963451,49.09951557,40.32370604,32.9009102,26.74404447,21.55645678,17.22431656,13.71773578,10.88495885
policy_GHG_constraint_LTT_NDC.xml,South Asia,GHG,ALL_GHG_NOAGPR,,,,2035,,,616.5529851,660.6795756,700.6336871,731.7739649,758.6161354,780.0461145,793.6449844,800.2057061,798.7166179,786.4641484,766.0717611,745.1792081,720.2475155,690.3499916
policy_GHG_constraint_LTT_NDC.xml,South Korea,GHG,ALL_GHG_NOAGPR,,,,2035,,,327.75,218.5,109.25,0,0,0,0,0,0,0,0,0,0,0
policy_GHG_constraint_LTT_NDC.xml,Southeast Asia,GHG,ALL_GHG_NOAGPR,,,,2035,,,2281.704143,1972.18143,1655.688802,1330.994936,1171.789523,1012.671163,856.5998845,787.296264,717.8807209,653.0952526,590.9139381,531.9396133,477.2762265,426.5719452
policy_GHG_constraint_LTT_NDC.xml,Taiwan,GHG,ALL_GHG_NOAGPR,,,,2035,,,398.5943307,359.646256,318.98725,277.8757943,238.8148788,205.0407241,181.8101621,160.8300053,141.4374338,123.5660687,106.986901,91.98965356,78.61271516,66.85234449
policy_GHG_constraint_LTT_NDC.xml,USA,GHG,GHG_NO_LUC_AGPR,,,,2035,,,2876.589315,2163.923505,1553.475,813,813,813,813,813,813,813,813,813,813,813
policy_GHG_constraint_LTT_NDC_noEU.xml,Africa_Eastern,GHG,ALL_GHG_NOAGPR,,,,2035,,,1139.551869,1275.617481,1416.124251,1560.032514,1705.220261,1848.660752,1988.347591,2114.96411,2226.405148,2316.275798,2382.055566,2423.823429,2442.937091,2441.242708
policy_GHG_constraint_LTT_NDC_noEU.xml,Africa_Northern,GHG,ALL_GHG_NOAGPR,,,,2035,,,1288.112228,1435.128256,1586.955541,1741.44646,1896.290366,2045.423503,2180.309704,2287.381881,2369.501462,2427.041218,2462.158368,2478.652964,2478.327261,2460.935204
policy_GHG_constraint_LTT_NDC_noEU.xml,Africa_Southern,GHG,ALL_GHG_NOAGPR,,,,2035,,,550.6848411,507.7845188,465.1477412,424.1555349,385.0646515,347.7680165,312.0772758,277.4385001,244.3778418,213.0022216,183.7147657,156.8940902,132.6808444,111.1173174
policy_GHG_constraint_LTT_NDC_noEU.xml,Africa_Western,GHG,ALL_GHG_NOAGPR,,,,2035,,,1275.162539,1156.611492,1034.053376,908.7163489,780.701827,649.3076155,629.434608,604.4388495,575.18265,541.2085025,504.3653205,468.0274237,425.3477025,387.8975502
policy_GHG_constraint_LTT_NDC_noEU.xml,Argentina,GHG,ALL_GHG_NOAGPR_ARG,,,,2035,,,261.75,174.5,87.25,0,0,0,0,0,0,0,0,0,0,0
policy_GHG_constraint_LTT_NDC_noEU.xml,Australia_NZ,GHG,ALL_GHG_NOAGPR,,,,2035,,,271.5,181,90.5,0,0,0,0,0,0,0,0,0,0,0
policy_GHG_constraint_LTT_NDC_noEU.xml,Brazil,GHG,ALL_GHG_NOAGPR_BRA,,,,2035,,,882,588,294,0,0,0,0,0,0,0,0,0,0,0
policy_GHG_constraint_LTT_NDC_noEU.xml,Canada,GHG,ALL_GHG_NOAGPR_LUC0175,,,,2035,,,328.5,219,109.5,0,0,0,0,0,0,0,0,0,0,0
policy_GHG_constraint_LTT_NDC_noEU.xml,Central America and Caribbean,GHG,ALL_GHG_NOAGPR,,,,2035,,,282.0026505,226.8972813,171.8680803,117.0468615,104.7284784,92.99190845,82.0359151,71.7269744,62.20233475,53.4632237,45.57914794,38.5976809,32.50018552,27.23464516
policy_GHG_constraint_LTT_NDC_noEU.xml,Central Asia,GHG,ALL_GHG_NOAGPR,,,,2035,,,771.1295196,694.5659825,609.8277222,521.0443067,431.4882291,342.7298111,324.5984249,306.2520662,287.3292692,268.3744292,250.0501749,232.6325441,216.0034908,199.9509206
policy_GHG_constraint_LTT_NDC_noEU.xml,China,GHG,FFI_LUC,,,,2035,,,9949.564495,7959.651596,5969.738697,3979.825798,1989.912899,0,0,0,0,0,0,0,0,0
policy_GHG_constraint_LTT_NDC_noEU.xml,Colombia,GHG,ALL_GHG_NOAGPR_COL,,,,2035,,,127.125,84.75,42.375,0,0,0,0,0,0,0,0,0,0,0
policy_GHG_constraint_LTT_NDC_noEU.xml,Europe_Eastern,GHG,ALL_GHG_NOAGPR,,,,2035,,,469.6441017,447.2762719,414.1897893,375.4975312,334.5643224,293.0421766,250.7779315,207.9338558,165.305537,123.9666884,84.73177109,47.8877358,13.43196301,-18.57210728
policy_GHG_constraint_LTT_NDC_noEU.xml,Europe_Non_EU,GHG,ALL_GHG_NOAGPR,,,,2035,,,663.1444845,487.5667223,325.9930883,216.8224147,155.0937906,141.7783411,128.1693149,114.5392117,101.4258652,89.153521,77.97769918,67.99448355,59.16351665,51.38100943
policy_GHG_constraint_LTT_NDC_noEU.xml,European Free Trade Association,GHG,GHG_NO_LUC_AGPR,,,,2035,,,241.5,171,100.5,30,30,30,30,30,30,30,30,30,30,30
policy_GHG_constraint_LTT_NDC_noEU.xml,India,GHG,ALL_GHG_NOAGPR_IND,,,,2035,,,4057.104301,3477.517973,2897.931644,2318.345315,1738.758986,1159.172658,579.5863287,0,0,0,0,0,0,0
policy_GHG_constraint_LTT_NDC_noEU.xml,Indonesia,GHG,ALL_GHG_NOAGPR,,,,2035,,,1333.004462,1068.669641,804.3348205,540,270,0,0,0,0,0,0,0,0,0
policy_GHG_constraint_LTT_NDC_noEU.xml,Japan,GHG,GHG_NO_LUC_AGPR,,,,2035,,,621.675,430.35,239.025,47.7,47.7,47.7,47.7,47.7,47.7,47.7,47.7,47.7,47.7,47.7
policy_GHG_constraint_LTT_NDC_noEU.xml,Mexico,GHG,ALL_GHG_NOAGPR_MEX,,,,2035,,,558,472,386,300,214,128,42,0,0,0,0,0,0,0
policy_GHG_constraint_LTT_NDC_noEU.xml,Middle East,GHG,ALL_GHG_NOAGPR,,,,2035,,,2280.641135,1949.32572,1612.007846,1276.64077,1011.289102,758.7395793,652.1215087,555.9560365,470.4646603,395.8446164,331.6651757,277.1441696,231.1065676,192.2709988
policy_GHG_constraint_LTT_NDC_noEU.xml,Pakistan,GHG,ALL_GHG_NOAGPR,,,,2035,,,678.7782327,786.8885858,916.1188848,1062.862204,1222.875341,1392.354322,1569.308214,1743.834511,1913.000374,2069.081234,2207.402754,2326.716122,2425.545454,2505.214822
policy_GHG_constraint_LTT_NDC_noEU.xml,Russia,GHG,FFI_LUC,,,,2035,,,1424.261771,1139.409417,854.5570624,569.7047083,284.8523541,0,0,0,0,0,0,0,0,0
policy_GHG_constraint_LTT_NDC_noEU.xml,South Africa,GHG,ALL_GHG_NOAGPR,,,,2035,,,375,250,125,0,0,0,0,0,0,0,0,0,0,0
policy_GHG_constraint_LTT_NDC_noEU.xml,South America_Northern,GHG,ALL_GHG_NOAGPR,,,,2035,,,724.2037993,829.313556,857.1453502,812.0125373,734.8213161,664.2202696,600.4025153,542.71632,490.5725684,443.438747,400.8335055,363.2686912,330.1726453,298.4499206
policy_GHG_constraint_LTT_NDC_noEU.xml,South America_Southern,GHG,ALL_GHG_NOAGPR,,,,2035,,,374.6691645,274.6918658,178.5318594,85.42439841,70.8204174,58.40624317,47.97028769,39.15154529,31.72322214,25.50335161,20.35941256,16.15194015,12.74287392,10.0050918
policy_GHG_constraint_LTT_NDC_noEU.xml,South Asia,GHG,ALL_GHG_NOAGPR,,,,2035,,,648.5562453,697.4331674,728.7297245,746.0392702,751.7887495,748.2381605,737.5736495,717.8559639,691.2694967,657.64715,618.6535101,576.9787329,534.70272,493.1429953
policy_GHG_constraint_LTT_NDC_noEU.xml,South Korea,GHG,ALL_GHG_NOAGPR,,,,2035,,,327.75,218.5,109.25,0,0,0,0,0,0,0,0,0,0,0
policy_GHG_constraint_LTT_NDC_noEU.xml,Southeast Asia,GHG,ALL_GHG_NOAGPR,,,,2035,,,2311.103748,1992.634761,1648.137852,1292.684203,1103.181691,917.0549296,736.6844989,648.3288965,565.9846767,490.6210026,423.0211549,363.3118785,311.141251,265.9760168
policy_GHG_constraint_LTT_NDC_noEU.xml,Taiwan,GHG,ALL_GHG_NOAGPR,,,,2035,,,431.7837404,392.8686555,355.1221481,321.0022951,290.1606503,262.2822462,237.082377,214.3036911,193.7135632,175.1017184,158.2780849,143.0708526,129.3247191,116.8993031
policy_GHG_constraint_LTT_NDC_noEU.xml,USA,GHG,GHG_NO_LUC_AGPR,,,,2035,,,2856.250457,2136.708881,1553.475,813,813,813,813,813,813,813,813,813,813,813
necp_co2_2030.xml,Austria,CO2,,,,,2025,14.55569848,11.90960503,6.63049917,1.351393308,1.278959368,1.206525428,,,,,,,,,,
necp_co2_2030.xml,Belgium,CO2,,,,,2025,27.17443285,23.57465872,17.89625905,12.21785938,1.701799641,0.300566981,,,,,,,,,,
necp_co2_2030.xml,Bulgaria,CO2,,,,,2025,8.470301429,5.791251783,4.85220901,3.913166236,2.961743352,2.010320468,,,,,,,,,,
necp_co2_2030.xml,Croatia,CO2,,,,,2025,4.306675986,3.817569577,3.117589363,2.417609148,1.711789532,1.005969917,,,,,,,,,,
necp_co2_2030.xml,Cyprus,CO2,,,,,2025,1.885575759,1.522902461,1.168812923,0.814723386,0.446076453,0.077429519,,,,,,,,,,
necp_co2_2030.xml,Czech Republic,CO2,,,,,2025,20.5291992,14.27572834,10.91924693,7.562765523,4.193433072,0.82410062,,,,,,,,,,
necp_co2_2030.xml,Denmark,CO2,,,,,2025,6.540218649,4.355297802,3.291387861,2.227477919,1.113738959,0,,,,,,,,,,
necp_co2_2030.xml,Estonia,CO2,,,,,2025,3.554696057,3.498674006,2.78574654,2.072819074,1.339721759,0.606624444,,,,,,,,,,
necp_co2_2030.xml,Finland,CO2,,,,,2025,10.32172057,9.328860014,4.175299911,4.065553811,3.928371186,3.791188561,,,,,,,,,,
necp_co2_2030.xml,France,CO2,,,,,2025,71.36263068,58.60502751,45.68453849,32.76404947,19.63634217,6.508634877,,,,,,,,,,
necp_co2_2030.xml,Germany,CO2,,,,,2025,149.1282703,115.4083055,79.85024463,44.29218378,8.453160396,7.048347734,,,,,,,,,,
necp_co2_2030.xml,Greece,CO2,,,,,2025,14.65515961,11.55838135,8.92515645,6.29193155,3.562833668,0.833735786,,,,,,,,,,
necp_co2_2030.xml,Hungary,CO2,,,,,2025,11.18773699,9.57145783,7.464836008,5.358214186,3.244473183,1.13073218,,,,,,,,,,
necp_co2_2030.xml,Ireland,CO2,,,,,2025,9.163965047,7.699638693,5.786145614,3.872652534,1.936326267,0,,,,,,,,,,
necp_co2_2030.xml,Italy,CO2,,,,,2025,88.55068251,86.99067488,60.70793309,43.09885202,25.33177675,7.564701468,,,,,,,,,,
necp_co2_2030.xml,Latvia,CO2,,,,,2025,1.696505946,1.261473701,0.978798583,0.696123464,0.401632048,0.107140632,,,,,,,,,,
necp_co2_2030.xml,Lithuania,CO2,,,,,2025,3.00692748,2.200083178,1.866612512,1.533141846,1.194601855,0.856061864,,,,,,,,,,
necp_co2_2030.xml,Luxembourg,CO2,,,,,2025,2.022944268,1.35712906,1.046890697,0.736652333,0.41791309,0.099173846,,,,,,,,,,
necp_co2_2030.xml,Malta,CO2,,,,,2025,1.621469286,1.470181895,1.135177956,0.800174016,0.400087008,0,,,,,,,,,,
necp_co2_2030.xml,Netherlands,CO2,,,,,2025,45.83581405,38.74822934,29.38073048,20.01323161,10.00661581,0,,,,,,,,,,
necp_co2_2030.xml,Poland,CO2,,,,,2025,78.67364407,71.55520212,55.75262954,39.95005695,24.1114073,8.27275764,,,,,,,,,,
necp_co2_2030.xml,Portugal,CO2,,,,,2025,10.37587386,7.400499896,5.645143371,3.116995354,0.536403951,0.274187027,,,,,,,,,,
necp_co2_2030.xml,Romania,CO2,,,,,2025,14.65170715,10.07677097,8.617654484,7.158538002,5.686825672,4.215113342,,,,,,,,,,
necp_co2_2030.xml,Slovakia,CO2,,,,,2025,8.04073856,7.603292593,6.058380399,4.513468204,2.966619259,1.419770313,,,,,,,,,,
necp_co2_2030.xml,Slovenia,CO2,,,,,2025,3.221253637,2.890568629,2.177359605,1.464150581,0.747324327,0.030498073,,,,,,,,,,
necp_co2_2030.xml,Spain,CO2,,,,,2025,62.05665852,50.922269,40.74242578,30.56258256,19.91915933,9.275736104,,,,,,,,,,
necp_co2_2030.xml,Sweden,CO2,,,,,2025,9.556000114,7.642367771,6.170987006,5.341474676,4.34348538,3.384397202,,,,,,,,,,
eucomb_co2_2030.xml,EU,CO2,,,,,2025,682.146501,571.0361016,422.8286954,288.2078409,151.5726208,60.84371403,,,,,,,,,,
necp_ltt_2050.xml,Austria,CO2,,,,,2025,,,5.209093562,1.313429257,1.259977342,1.206525428,,,,,,,,,,
necp_ltt_2050.xml,Belgium,CO2,,,,,2025,,,16.7483009,10.40859509,5.354581037,0.300566981,,,,,,,,,,
necp_ltt_2050.xml,Bulgaria,CO2,,,,,2025,,,4.694694069,3.59946397,2.804892219,2.010320468,,,,,,,,,,
necp_ltt_2050.xml,Croatia,CO2,,,,,2025,,,2.792783958,2.058125838,1.532047877,1.005969917,,,,,,,,,,
necp_ltt_2050.xml,Cyprus,CO2,,,,,2025,,,1.120404295,0.713190417,0.395309968,0.077429519,,,,,,,,,,
necp_ltt_2050.xml,Czech Republic,CO2,,,,,2025,,,10.09910507,6.258095709,3.541098164,0.82410062,,,,,,,,,,
necp_ltt_2050.xml,Denmark,CO2,,,,,2025,,,4.523841035,2.689596101,1.34479805,0,,,,,,,,,,
necp_ltt_2050.xml,Estonia,CO2,,,,,2025,,,1.490278246,1.138256816,0.87244063,0.606624444,,,,,,,,,,
necp_ltt_2050.xml,Finland,CO2,,,,,2025,,,3.861080632,3.841111469,3.816150015,3.791188561,,,,,,,,,,
necp_ltt_2050.xml,France,CO2,,,,,2025,,,44.7992055,29.2471631,17.87789899,6.508634877,,,,,,,,,,
necp_ltt_2050.xml,Germany,CO2,,,,,2025,,,67.63360294,42.80609967,8.183856097,7.048347734,,,,,,,,,,
necp_ltt_2050.xml,Greece,CO2,,,,,2025,,,8.295379518,5.360556267,3.097146026,0.833735786,,,,,,,,,,
necp_ltt_2050.xml,Hungary,CO2,,,,,2025,,,6.835270564,4.471184423,2.800958301,1.13073218,,,,,,,,,,
necp_ltt_2050.xml,Ireland,CO2,,,,,2025,,,5.207886551,2.82462454,1.105505273,-0.613613993,,,,,,,,,,
necp_ltt_2050.xml,Italy,CO2,,,,,2025,,,43.15258908,28.53510968,18.04990557,7.564701468,,,,,,,,,,
necp_ltt_2050.xml,Latvia,CO2,,,,,2025,,,0.828872313,0.547386657,0.327263645,0.107140632,,,,,,,,,,
necp_ltt_2050.xml,Lithuania,CO2,,,,,2025,,,2.130015005,1.611901426,1.233981645,0.856061864,,,,,,,,,,
necp_ltt_2050.xml,Luxembourg,CO2,,,,,2025,,,1.036932715,0.662833081,0.381003464,0.099173846,,,,,,,,,,
necp_ltt_2050.xml,Malta,CO2,,,,,2025,,,1.548883866,1.068854773,0.534200765,-0.000453242,,,,,,,,,,
necp_ltt_2050.xml,Netherlands,CO2,,,,,2025,,,26.74754544,16.31950552,7.643937482,-1.031630554,,,,,,,,,,
necp_ltt_2050.xml,Poland,CO2,,,,,2025,,,33.89691638,23.25908643,15.76592204,8.27275764,,,,,,,,,,
necp_ltt_2050.xml,Portugal,CO2,,,,,2025,,,6.444561767,3.540121726,0.575432575,0.274187027,,,,,,,,,,
necp_ltt_2050.xml,Romania,CO2,,,,,2025,,,10.97018903,8.194087011,6.204600176,4.215113342,,,,,,,,,,
necp_ltt_2050.xml,Slovakia,CO2,,,,,2025,,,4.51934171,3.230440571,2.325105442,1.419770313,,,,,,,,,,
necp_ltt_2050.xml,Slovenia,CO2,,,,,2025,,,1.711285964,1.016609449,0.523553761,0.030498073,,,,,,,,,,
necp_ltt_2050.xml,Spain,CO2,,,,,2025,,,35.97190283,25.62061999,17.44817804,9.275736104,,,,,,,,,,
necp_ltt_2050.xml,Sweden,CO2,,,,,2025,,,7.529827727,6.295815556,4.811171033,3.384397202,,,,,,,,,,
ff55_ltt_2050,EU,CO2,,,,,2025,,,359.7997907,236.6318645,129.8109156,59.19801624,,,,,,,,,,