# File: A_Shareweights.csv,,,,,,,,,,,,,,,,,,,,
# Title: Shareweight Overwrites,,,,,,,,,,,,,,,,,,,,
# Units: NA,,,,,,,,,,,,,,,,,,,,
# Comments: Will write the last year forward to 2100,,,,,,,,,,,,,,,,,,,,
# Column types: cccccnnnnnnnnnnnnnnnn,,,,,,,,,,,,,,,,,,,,
# ----------,,,,,,,,,,,,,,,,,,,,
xml,region,supplysector,subsector,stub.technology,2025,2030,2035,2040,2045,2050,2055,2060,2065,2070,2075,2080,2085,2090,2095,2100
policy_coalPhaseout_can.xml,Canada,electricity,coal,,0,,,,,,,,,,,,,,,
policy_coalPhaseout_mex.xml,Mexico,electricity,coal,,0,,,,,,,,,,,,,,,
policy_4Wfuel_po_efta.xml,European Free Trade Association,trn_pass_road_LDV_4W,Car,Liquids,,,,0,0,0,,,,,,,,,,
policy_4Wfuel_po_efta.xml,European Free Trade Association,trn_pass_road_LDV_4W,Car,Hybrid Liquids,,,,0,0,0,,,,,,,,,,
policy_4Wfuel_po_efta.xml,European Free Trade Association,trn_pass_road_LDV_4W,Car,NG,0,0,0,0,0,0,,,,,,,,,,
policy_4Wfuel_po_efta.xml,European Free Trade Association,trn_pass_road_LDV_4W,Large Car and Truck,Liquids,,,,0,0,0,,,,,,,,,,
policy_4Wfuel_po_efta.xml,European Free Trade Association,trn_pass_road_LDV_4W,Large Car and Truck,Hybrid Liquids,,,,0,0,0,,,,,,,,,,
policy_4Wfuel_po_efta.xml,European Free Trade Association,trn_pass_road_LDV_4W,Large Car and Truck,NG,0,0,0,0,0,0,,,,,,,,,,
policy_can_BEV_2020.xml,Canada,trn_pass_road_LDV_4W,Car,BEV,0.5,1,,,,,,,,,,,,,,
policy_can_BEV_2020.xml,Canada,trn_pass_road_LDV_4W,Large Car and Truck,BEV,0.5,1,,,,,,,,,,,,,,
policy_fuelst_mkt_efta_shwts.xml,European Free Trade Association,trn_freight_road,Light truck,BEV,1,1,1,1,1,1,,,,,,,,,,
policy_fuelst_mkt_efta_shwts.xml,European Free Trade Association,trn_freight_road,Light truck,FCEV,1,1,1,1,1,1,,,,,,,,,,
policy_fuelst_mkt_efta_shwts.xml,European Free Trade Association,trn_freight_road,Medium truck,BEV,1,1,1,1,1,1,,,,,,,,,,
policy_fuelst_mkt_efta_shwts.xml,European Free Trade Association,trn_freight_road,Medium truck,FCEV,1,1,1,1,1,1,,,,,,,,,,
policy_fuelst_mkt_efta_shwts.xml,European Free Trade Association,trn_freight_road,Heavy truck,BEV,1,1,1,1,1,1,,,,,,,,,,
policy_fuelst_mkt_efta_shwts.xml,European Free Trade Association,trn_freight_road,Heavy truck,FCEV,1,1,1,1,1,1,,,,,,,,,,
policy_fuelst_mkt_ind_shwts.xml,India,trn_freight_road,Light truck,BEV,0.25,0.5,0.75,1,1,1,,,,,,,,,,
policy_fuelst_mkt_ind_shwts.xml,India,trn_freight_road,Light truck,FCEV,0.25,0.5,0.75,1,1,1,,,,,,,,,,
policy_fuelst_mkt_ind_shwts.xml,India,trn_freight_road,Medium truck,BEV,0.2,0.4,0.6,0.8,1,1,,,,,,,,,,
policy_fuelst_mkt_ind_shwts.xml,India,trn_freight_road,Medium truck,FCEV,0.2,0.4,0.6,0.8,1,1,,,,,,,,,,
policy_fuelst_mkt_ind_shwts.xml,India,trn_freight_road,Heavy truck,BEV,0.166666667,0.333333333,0.5,0.666666667,0.833333333,1,,,,,,,,,,
policy_fuelst_mkt_ind_shwts.xml,India,trn_freight_road,Heavy truck,FCEV,0.166666667,0.333333333,0.5,0.666666667,0.833333333,1,,,,,,,,,,
USA_no.new.coal.nuclear,USA,electricity,nuclear,,0,0,0,0,0,0,,,,,,,,,,
USA_no.new.coal.nuclear,USA,electricity,coal,coal (conv pul),0,0,0,0,0,0,,,,,,,,,,
USA_no.new.coal.nuclear,USA,electricity,coal,coal (IGCC),0,0,0,0,0,0,,,,,,,,,,
USA_no.new.coal.nuclear,USA,electricity,coal,coal (IGCC CCS),0,0,0,0,0,0,,,,,,,,,,
USA_no.new.coal.nuclear,USA,electricity,coal,coal (conv pul CCS),0,0,0,0,0,0,,,,,,,,,,
USA_no.new.gas2025_restart2040,USA,electricity,gas,gas (CC),0,0,0,1,1,1,,,,,,,,,,
USA_no.new.gas2025_restart2040,USA,electricity,gas,gas (steam/CT),0,0,0,6,6,6,,,,,,,,,,
USA_LDV_EV_Shrwt,USA,trn_pass_road_LDV_4W,Car,BEV,0.25,0.45,1,,,,,,,,,,,,,
USA_LDV_EV_Shrwt,USA,trn_pass_road_LDV_4W,Large Car and Truck,BEV,0.15,0.3,1,,,,,,,,,,,,,
USA_LDV_EV_Shrwt,USA,trn_pass_road_LDV_4W,Car,FCEV,0.25,0.45,1,,,,,,,,,,,,,
USA_LDV_EV_Shrwt,USA,trn_pass_road_LDV_4W,Large Car and Truck,FCEV,0.15,0.3,1,,,,,,,,,,,,,
policy_fuelst_mkt_efta_shwts.xml,European Free Trade Association,trn_pass_road_LDV_4W,Car,BEV,0.75,1,1,,,,,,,,,,,,,
policy_fuelst_mkt_efta_shwts.xml,European Free Trade Association,trn_pass_road_LDV_4W,Large Car and Truck,BEV,0.75,1,1,,,,,,,,,,,,,
policy_fuelst_mkt_efta_shwts.xml,European Free Trade Association,trn_pass_road_LDV_4W,Car,FCEV,0.75,1,1,,,,,,,,,,,,,
policy_fuelst_mkt_efta_shwts.xml,European Free Trade Association,trn_pass_road_LDV_4W,Large Car and Truck,FCEV,0.75,1,1,,,,,,,,,,,,,
policy_coalPhaseout_efta.xml,European Free Trade Association,electricity,coal,coal (conv pul),0,0,0,0,0,0,,,,,,,,,,
policy_coalPhaseout_efta.xml,European Free Trade Association,electricity,coal,coal (IGCC),0,0,0,0,0,0,,,,,,,,,,
rooftop_eu,EU-12,elect_td_bld,rooftop_pv,,0.058,0.086,0.1,0.1,0.1,0.1,,,,,,,,,,
rooftop_eu,EU-15,elect_td_bld,rooftop_pv,,0.058,0.086,0.1,0.1,0.1,0.1,,,,,,,,,,
policy_4Wfuel_po_eu.xml,Austria,trn_pass_road_LDV_4W,Car,Liquids,,,,0,0,0,,,,,,,,,,
policy_4Wfuel_po_eu.xml,Austria,trn_pass_road_LDV_4W,Car,Hybrid Liquids,,,,0,0,0,,,,,,,,,,
policy_4Wfuel_po_eu.xml,Austria,trn_pass_road_LDV_4W,Car,NG,0,0,0,0,0,0,,,,,,,,,,
policy_4Wfuel_po_eu.xml,Austria,trn_pass_road_LDV_4W,Large Car and Truck,Liquids,,,,0,0,0,,,,,,,,,,
policy_4Wfuel_po_eu.xml,Austria,trn_pass_road_LDV_4W,Large Car and Truck,Hybrid Liquids,,,,0,0,0,,,,,,,,,,
policy_4Wfuel_po_eu.xml,Austria,trn_pass_road_LDV_4W,Large Car and Truck,NG,0,0,0,0,0,0,,,,,,,,,,
policy_fuelst_mkt_eu_shwts.xml,Austria,trn_pass_road_LDV_4W,Car,BEV,0.75,1,1,,,,,,,,,,,,,
policy_fuelst_mkt_eu_shwts.xml,Austria,trn_pass_road_LDV_4W,Large Car and Truck,BEV,0.75,1,1,,,,,,,,,,,,,
policy_fuelst_mkt_eu_shwts.xml,Austria,trn_pass_road_LDV_4W,Car,FCEV,0.75,1,1,,,,,,,,,,,,,
policy_fuelst_mkt_eu_shwts.xml,Austria,trn_pass_road_LDV_4W,Large Car and Truck,FCEV,0.75,1,1,,,,,,,,,,,,,
policy_fuelst_mkt_eu_shwts.xml,Austria,trn_freight_road,Light truck,BEV,1,1,1,1,1,1,,,,,,,,,,
policy_fuelst_mkt_eu_shwts.xml,Austria,trn_freight_road,Light truck,FCEV,1,1,1,1,1,1,,,,,,,,,,
policy_fuelst_mkt_eu_shwts.xml,Austria,trn_freight_road,Medium truck,BEV,1,1,1,1,1,1,,,,,,,,,,
policy_fuelst_mkt_eu_shwts.xml,Austria,trn_freight_road,Medium truck,FCEV,1,1,1,1,1,1,,,,,,,,,,
policy_fuelst_mkt_eu_shwts.xml,Austria,trn_freight_road,Heavy truck,BEV,1,1,1,1,1,1,,,,,,,,,,
policy_fuelst_mkt_eu_shwts.xml,Austria,trn_freight_road,Heavy truck,FCEV,1,1,1,1,1,1,,,,,,,,,,
policy_4Wfuel_po_eu.xml,Belgium,trn_pass_road_LDV_4W,Car,Liquids,,,,0,0,0,,,,,,,,,,
policy_4Wfuel_po_eu.xml,Belgium,trn_pass_road_LDV_4W,Car,Hybrid Liquids,,,,0,0,0,,,,,,,,,,
policy_4Wfuel_po_eu.xml,Belgium,trn_pass_road_LDV_4W,Car,NG,0,0,0,0,0,0,,,,,,,,,,
policy_4Wfuel_po_eu.xml,Belgium,trn_pass_road_LDV_4W,Large Car and Truck,Liquids,,,,0,0,0,,,,,,,,,,
policy_4Wfuel_po_eu.xml,Belgium,trn_pass_road_LDV_4W,Large Car and Truck,Hybrid Liquids,,,,0,0,0,,,,,,,,,,
policy_4Wfuel_po_eu.xml,Belgium,trn_pass_road_LDV_4W,Large Car and Truck,NG,0,0,0,0,0,0,,,,,,,,,,
policy_fuelst_mkt_eu_shwts.xml,Belgium,trn_pass_road_LDV_4W,Car,BEV,0.75,1,1,,,,,,,,,,,,,
policy_fuelst_mkt_eu_shwts.xml,Belgium,trn_pass_road_LDV_4W,Large Car and Truck,BEV,0.75,1,1,,,,,,,,,,,,,
policy_fuelst_mkt_eu_shwts.xml,Belgium,trn_pass_road_LDV_4W,Car,FCEV,0.75,1,1,,,,,,,,,,,,,
policy_fuelst_mkt_eu_shwts.xml,Belgium,trn_pass_road_LDV_4W,Large Car and Truck,FCEV,0.75,1,1,,,,,,,,,,,,,
policy_fuelst_mkt_eu_shwts.xml,Belgium,trn_freight_road,Light truck,BEV,1,1,1,1,1,1,,,,,,,,,,
policy_fuelst_mkt_eu_shwts.xml,Belgium,trn_freight_road,Light truck,FCEV,1,1,1,1,1,1,,,,,,,,,,
policy_fuelst_mkt_eu_shwts.xml,Belgium,trn_freight_road,Medium truck,BEV,1,1,1,1,1,1,,,,,,,,,,
policy_fuelst_mkt_eu_shwts.xml,Belgium,trn_freight_road,Medium truck,FCEV,1,1,1,1,1,1,,,,,,,,,,
policy_fuelst_mkt_eu_shwts.xml,Belgium,trn_freight_road,Heavy truck,BEV,1,1,1,1,1,1,,,,,,,,,,
policy_fuelst_mkt_eu_shwts.xml,Belgium,trn_freight_road,Heavy truck,FCEV,1,1,1,1,1,1,,,,,,,,,,
policy_4Wfuel_po_eu.xml,Bulgaria,trn_pass_road_LDV_4W,Car,Liquids,,,,0,0,0,,,,,,,,,,
policy_4Wfuel_po_eu.xml,Bulgaria,trn_pass_road_LDV_4W,Car,Hybrid Liquids,,,,0,0,0,,,,,,,,,,
policy_4Wfuel_po_eu.xml,Bulgaria,trn_pass_road_LDV_4W,Car,NG,0,0,0,0,0,0,,,,,,,,,,
policy_fuelst_mkt_eu_shwts.xml,Bulgaria,trn_pass_road_LDV_4W,Car,BEV,0.75,1,1,,,,,,,,,,,,,
policy_fuelst_mkt_eu_shwts.xml,Bulgaria,trn_pass_road_LDV_4W,Car,FCEV,0.75,1,1,,,,,,,,,,,,,
policy_fuelst_mkt_eu_shwts.xml,Bulgaria,trn_freight_road,Light truck,BEV,1,1,1,1,1,1,,,,,,,,,,
policy_fuelst_mkt_eu_shwts.xml,Bulgaria,trn_freight_road,Light truck,FCEV,1,1,1,1,1,1,,,,,,,,,,
policy_fuelst_mkt_eu_shwts.xml,Bulgaria,trn_freight_road,Medium truck,BEV,1,1,1,1,1,1,,,,,,,,,,
policy_fuelst_mkt_eu_shwts.xml,Bulgaria,trn_freight_road,Medium truck,FCEV,1,1,1,1,1,1,,,,,,,,,,
policy_fuelst_mkt_eu_shwts.xml,Bulgaria,trn_freight_road,Heavy truck,BEV,1,1,1,1,1,1,,,,,,,,,,
policy_fuelst_mkt_eu_shwts.xml,Bulgaria,trn_freight_road,Heavy truck,FCEV,1,1,1,1,1,1,,,,,,,,,,
policy_4Wfuel_po_eu.xml,Croatia,trn_pass_road_LDV_4W,Car,Liquids,,,,0,0,0,,,,,,,,,,
policy_4Wfuel_po_eu.xml,Croatia,trn_pass_road_LDV_4W,Car,Hybrid Liquids,,,,0,0,0,,,,,,,,,,
policy_4Wfuel_po_eu.xml,Croatia,trn_pass_road_LDV_4W,Car,NG,0,0,0,0,0,0,,,,,,,,,,
policy_fuelst_mkt_eu_shwts.xml,Croatia,trn_pass_road_LDV_4W,Car,BEV,0.75,1,1,,,,,,,,,,,,,
policy_fuelst_mkt_eu_shwts.xml,Croatia,trn_pass_road_LDV_4W,Car,FCEV,0.75,1,1,,,,,,,,,,,,,
policy_fuelst_mkt_eu_shwts.xml,Croatia,trn_freight_road,Light truck,BEV,1,1,1,1,1,1,,,,,,,,,,
policy_fuelst_mkt_eu_shwts.xml,Croatia,trn_freight_road,Light truck,FCEV,1,1,1,1,1,1,,,,,,,,,,
policy_fuelst_mkt_eu_shwts.xml,Croatia,trn_freight_road,Medium truck,BEV,1,1,1,1,1,1,,,,,,,,,,
policy_fuelst_mkt_eu_shwts.xml,Croatia,trn_freight_road,Medium truck,FCEV,1,1,1,1,1,1,,,,,,,,,,
policy_fuelst_mkt_eu_shwts.xml,Croatia,trn_freight_road,Heavy truck,BEV,1,1,1,1,1,1,,,,,,,,,,
policy_fuelst_mkt_eu_shwts.xml,Croatia,trn_freight_road,Heavy truck,FCEV,1,1,1,1,1,1,,,,,,,,,,
policy_4Wfuel_po_eu.xml,Cyprus,trn_pass_road_LDV_4W,Car,Liquids,,,,0,0,0,,,,,,,,,,
policy_4Wfuel_po_eu.xml,Cyprus,trn_pass_road_LDV_4W,Car,Hybrid Liquids,,,,0,0,0,,,,,,,,,,
policy_4Wfuel_po_eu.xml,Cyprus,trn_pass_road_LDV_4W,Car,NG,0,0,0,0,0,0,,,,,,,,,,
policy_4Wfuel_po_eu.xml,Cyprus,trn_pass_road_LDV_4W,Large Car and Truck,Liquids,,,,0,0,0,,,,,,,,,,
policy_4Wfuel_po_eu.xml,Cyprus,trn_pass_road_LDV_4W,Large Car and Truck,Hybrid Liquids,,,,0,0,0,,,,,,,,,,
policy_4Wfuel_po_eu.xml,Cyprus,trn_pass_road_LDV_4W,Large Car and Truck,NG,0,0,0,0,0,0,,,,,,,,,,
policy_fuelst_mkt_eu_shwts.xml,Cyprus,trn_pass_road_LDV_4W,Car,BEV,0.75,1,1,,,,,,,,,,,,,
policy_fuelst_mkt_eu_shwts.xml,Cyprus,trn_pass_road_LDV_4W,Large Car and Truck,BEV,0.75,1,1,,,,,,,,,,,,,
policy_fuelst_mkt_eu_shwts.xml,Cyprus,trn_pass_road_LDV_4W,Car,FCEV,0.75,1,1,,,,,,,,,,,,,
policy_fuelst_mkt_eu_shwts.xml,Cyprus,trn_pass_road_LDV_4W,Large Car and Truck,FCEV,0.75,1,1,,,,,,,,,,,,,
policy_fuelst_mkt_eu_shwts.xml,Cyprus,trn_freight_road,Light truck,BEV,1,1,1,1,1,1,,,,,,,,,,
policy_fuelst_mkt_eu_shwts.xml,Cyprus,trn_freight_road,Light truck,FCEV,1,1,1,1,1,1,,,,,,,,,,
policy_fuelst_mkt_eu_shwts.xml,Cyprus,trn_freight_road,Medium truck,BEV,1,1,1,1,1,1,,,,,,,,,,
policy_fuelst_mkt_eu_shwts.xml,Cyprus,trn_freight_road,Medium truck,FCEV,1,1,1,1,1,1,,,,,,,,,,
policy_fuelst_mkt_eu_shwts.xml,Cyprus,trn_freight_road,Heavy truck,BEV,1,1,1,1,1,1,,,,,,,,,,
policy_fuelst_mkt_eu_shwts.xml,Cyprus,trn_freight_road,Heavy truck,FCEV,1,1,1,1,1,1,,,,,,,,,,
policy_4Wfuel_po_eu.xml,Czech Republic,trn_pass_road_LDV_4W,Car,Liquids,,,,0,0,0,,,,,,,,,,
policy_4Wfuel_po_eu.xml,Czech Republic,trn_pass_road_LDV_4W,Car,Hybrid Liquids,,,,0,0,0,,,,,,,,,,
policy_4Wfuel_po_eu.xml,Czech Republic,trn_pass_road_LDV_4W,Car,NG,0,0,0,0,0,0,,,,,,,,,,
policy_fuelst_mkt_eu_shwts.xml,Czech Republic,trn_pass_road_LDV_4W,Car,BEV,0.75,1,1,,,,,,,,,,,,,
policy_fuelst_mkt_eu_shwts.xml,Czech Republic,trn_pass_road_LDV_4W,Car,FCEV,0.75,1,1,,,,,,,,,,,,,
policy_fuelst_mkt_eu_shwts.xml,Czech Republic,trn_freight_road,Light truck,BEV,1,1,1,1,1,1,,,,,,,,,,
policy_fuelst_mkt_eu_shwts.xml,Czech Republic,trn_freight_road,Light truck,FCEV,1,1,1,1,1,1,,,,,,,,,,
policy_fuelst_mkt_eu_shwts.xml,Czech Republic,trn_freight_road,Medium truck,BEV,1,1,1,1,1,1,,,,,,,,,,
policy_fuelst_mkt_eu_shwts.xml,Czech Republic,trn_freight_road,Medium truck,FCEV,1,1,1,1,1,1,,,,,,,,,,
policy_fuelst_mkt_eu_shwts.xml,Czech Republic,trn_freight_road,Heavy truck,BEV,1,1,1,1,1,1,,,,,,,,,,
policy_fuelst_mkt_eu_shwts.xml,Czech Republic,trn_freight_road,Heavy truck,FCEV,1,1,1,1,1,1,,,,,,,,,,
policy_4Wfuel_po_eu.xml,Denmark,trn_pass_road_LDV_4W,Car,Liquids,,,,0,0,0,,,,,,,,,,
policy_4Wfuel_po_eu.xml,Denmark,trn_pass_road_LDV_4W,Car,Hybrid Liquids,,,,0,0,0,,,,,,,,,,
policy_4Wfuel_po_eu.xml,Denmark,trn_pass_road_LDV_4W,Car,NG,0,0,0,0,0,0,,,,,,,,,,
policy_4Wfuel_po_eu.xml,Denmark,trn_pass_road_LDV_4W,Large Car and Truck,Liquids,,,,0,0,0,,,,,,,,,,
policy_4Wfuel_po_eu.xml,Denmark,trn_pass_road_LDV_4W,Large Car and Truck,Hybrid Liquids,,,,0,0,0,,,,,,,,,,
policy_4Wfuel_po_eu.xml,Denmark,trn_pass_road_LDV_4W,Large Car and Truck,NG,0,0,0,0,0,0,,,,,,,,,,
policy_fuelst_mkt_eu_shwts.xml,Denmark,trn_pass_road_LDV_4W,Car,BEV,0.75,1,1,,,,,,,,,,,,,
policy_fuelst_mkt_eu_shwts.xml,Denmark,trn_pass_road_LDV_4W,Large Car and Truck,BEV,0.75,1,1,,,,,,,,,,,,,
policy_fuelst_mkt_eu_shwts.xml,Denmark,trn_pass_road_LDV_4W,Car,FCEV,0.75,1,1,,,,,,,,,,,,,
policy_fuelst_mkt_eu_shwts.xml,Denmark,trn_pass_road_LDV_4W,Large Car and Truck,FCEV,0.75,1,1,,,,,,,,,,,,,
policy_fuelst_mkt_eu_shwts.xml,Denmark,trn_freight_road,Light truck,BEV,1,1,1,1,1,1,,,,,,,,,,
policy_fuelst_mkt_eu_shwts.xml,Denmark,trn_freight_road,Light truck,FCEV,1,1,1,1,1,1,,,,,,,,,,
policy_fuelst_mkt_eu_shwts.xml,Denmark,trn_freight_road,Medium truck,BEV,1,1,1,1,1,1,,,,,,,,,,
policy_fuelst_mkt_eu_shwts.xml,Denmark,trn_freight_road,Medium truck,FCEV,1,1,1,1,1,1,,,,,,,,,,
policy_fuelst_mkt_eu_shwts.xml,Denmark,trn_freight_road,Heavy truck,BEV,1,1,1,1,1,1,,,,,,,,,,
policy_fuelst_mkt_eu_shwts.xml,Denmark,trn_freight_road,Heavy truck,FCEV,1,1,1,1,1,1,,,,,,,,,,
policy_4Wfuel_po_eu.xml,Estonia,trn_pass_road_LDV_4W,Car,Liquids,,,,0,0,0,,,,,,,,,,
policy_4Wfuel_po_eu.xml,Estonia,trn_pass_road_LDV_4W,Car,Hybrid Liquids,,,,0,0,0,,,,,,,,,,
policy_4Wfuel_po_eu.xml,Estonia,trn_pass_road_LDV_4W,Car,NG,0,0,0,0,0,0,,,,,,,,,,
policy_4Wfuel_po_eu.xml,Estonia,trn_pass_road_LDV_4W,Large Car and Truck,Liquids,,,,0,0,0,,,,,,,,,,
policy_4Wfuel_po_eu.xml,Estonia,trn_pass_road_LDV_4W,Large Car and Truck,Hybrid Liquids,,,,0,0,0,,,,,,,,,,
policy_4Wfuel_po_eu.xml,Estonia,trn_pass_road_LDV_4W,Large Car and Truck,NG,0,0,0,0,0,0,,,,,,,,,,
policy_fuelst_mkt_eu_shwts.xml,Estonia,trn_pass_road_LDV_4W,Car,BEV,0.75,1,1,,,,,,,,,,,,,
policy_fuelst_mkt_eu_shwts.xml,Estonia,trn_pass_road_LDV_4W,Large Car and Truck,BEV,0.75,1,1,,,,,,,,,,,,,
policy_fuelst_mkt_eu_shwts.xml,Estonia,trn_pass_road_LDV_4W,Car,FCEV,0.75,1,1,,,,,,,,,,,,,
policy_fuelst_mkt_eu_shwts.xml,Estonia,trn_pass_road_LDV_4W,Large Car and Truck,FCEV,0.75,1,1,,,,,,,,,,,,,
policy_fuelst_mkt_eu_shwts.xml,Estonia,trn_freight_road,Light truck,BEV,1,1,1,1,1,1,,,,,,,,,,
policy_fuelst_mkt_eu_shwts.xml,Estonia,trn_freight_road,Light truck,FCEV,1,1,1,1,1,1,,,,,,,,,,
policy_fuelst_mkt_eu_shwts.xml,Estonia,trn_freight_road,Medium truck,BEV,1,1,1,1,1,1,,,,,,,,,,
policy_fuelst_mkt_eu_shwts.xml,Estonia,trn_freight_road,Medium truck,FCEV,1,1,1,1,1,1,,,,,,,,,,
policy_fuelst_mkt_eu_shwts.xml,Estonia,trn_freight_road,Heavy truck,BEV,1,1,1,1,1,1,,,,,,,,,,
policy_fuelst_mkt_eu_shwts.xml,Estonia,trn_freight_road,Heavy truck,FCEV,1,1,1,1,1,1,,,,,,,,,,
policy_4Wfuel_po_eu.xml,Finland,trn_pass_road_LDV_4W,Car,Liquids,,,,0,0,0,,,,,,,,,,
policy_4Wfuel_po_eu.xml,Finland,trn_pass_road_LDV_4W,Car,Hybrid Liquids,,,,0,0,0,,,,,,,,,,
policy_4Wfuel_po_eu.xml,Finland,trn_pass_road_LDV_4W,Car,NG,0,0,0,0,0,0,,,,,,,,,,
policy_4Wfuel_po_eu.xml,Finland,trn_pass_road_LDV_4W,Large Car and Truck,Liquids,,,,0,0,0,,,,,,,,,,
policy_4Wfuel_po_eu.xml,Finland,trn_pass_road_LDV_4W,Large Car and Truck,Hybrid Liquids,,,,0,0,0,,,,,,,,,,
policy_4Wfuel_po_eu.xml,Finland,trn_pass_road_LDV_4W,Large Car and Truck,NG,0,0,0,0,0,0,,,,,,,,,,
policy_fuelst_mkt_eu_shwts.xml,Finland,trn_pass_road_LDV_4W,Car,BEV,0.75,1,1,,,,,,,,,,,,,
policy_fuelst_mkt_eu_shwts.xml,Finland,trn_pass_road_LDV_4W,Large Car and Truck,BEV,0.75,1,1,,,,,,,,,,,,,
policy_fuelst_mkt_eu_shwts.xml,Finland,trn_pass_road_LDV_4W,Car,FCEV,0.75,1,1,,,,,,,,,,,,,
policy_fuelst_mkt_eu_shwts.xml,Finland,trn_pass_road_LDV_4W,Large Car and Truck,FCEV,0.75,1,1,,,,,,,,,,,,,
policy_fuelst_mkt_eu_shwts.xml,Finland,trn_freight_road,Light truck,BEV,1,1,1,1,1,1,,,,,,,,,,
policy_fuelst_mkt_eu_shwts.xml,Finland,trn_freight_road,Light truck,FCEV,1,1,1,1,1,1,,,,,,,,,,
policy_fuelst_mkt_eu_shwts.xml,Finland,trn_freight_road,Medium truck,BEV,1,1,1,1,1,1,,,,,,,,,,
policy_fuelst_mkt_eu_shwts.xml,Finland,trn_freight_road,Medium truck,FCEV,1,1,1,1,1,1,,,,,,,,,,
policy_fuelst_mkt_eu_shwts.xml,Finland,trn_freight_road,Heavy truck,BEV,1,1,1,1,1,1,,,,,,,,,,
policy_fuelst_mkt_eu_shwts.xml,Finland,trn_freight_road,Heavy truck,FCEV,1,1,1,1,1,1,,,,,,,,,,
policy_4Wfuel_po_eu.xml,France,trn_pass_road_LDV_4W,Car,Liquids,,,,0,0,0,,,,,,,,,,
policy_4Wfuel_po_eu.xml,France,trn_pass_road_LDV_4W,Car,Hybrid Liquids,,,,0,0,0,,,,,,,,,,
policy_4Wfuel_po_eu.xml,France,trn_pass_road_LDV_4W,Car,NG,0,0,0,0,0,0,,,,,,,,,,
policy_4Wfuel_po_eu.xml,France,trn_pass_road_LDV_4W,Large Car and Truck,Liquids,,,,0,0,0,,,,,,,,,,
policy_4Wfuel_po_eu.xml,France,trn_pass_road_LDV_4W,Large Car and Truck,Hybrid Liquids,,,,0,0,0,,,,,,,,,,
policy_4Wfuel_po_eu.xml,France,trn_pass_road_LDV_4W,Large Car and Truck,NG,0,0,0,0,0,0,,,,,,,,,,
policy_fuelst_mkt_eu_shwts.xml,France,trn_pass_road_LDV_4W,Car,BEV,0.75,1,1,,,,,,,,,,,,,
policy_fuelst_mkt_eu_shwts.xml,France,trn_pass_road_LDV_4W,Large Car and Truck,BEV,0.75,1,1,,,,,,,,,,,,,
policy_fuelst_mkt_eu_shwts.xml,France,trn_pass_road_LDV_4W,Car,FCEV,0.75,1,1,,,,,,,,,,,,,
policy_fuelst_mkt_eu_shwts.xml,France,trn_pass_road_LDV_4W,Large Car and Truck,FCEV,0.75,1,1,,,,,,,,,,,,,
policy_fuelst_mkt_eu_shwts.xml,France,trn_freight_road,Light truck,BEV,1,1,1,1,1,1,,,,,,,,,,
policy_fuelst_mkt_eu_shwts.xml,France,trn_freight_road,Light truck,FCEV,1,1,1,1,1,1,,,,,,,,,,
policy_fuelst_mkt_eu_shwts.xml,France,trn_freight_road,Medium truck,BEV,1,1,1,1,1,1,,,,,,,,,,
policy_fuelst_mkt_eu_shwts.xml,France,trn_freight_road,Medium truck,FCEV,1,1,1,1,1,1,,,,,,,,,,
policy_fuelst_mkt_eu_shwts.xml,France,trn_freight_road,Heavy truck,BEV,1,1,1,1,1,1,,,,,,,,,,
policy_fuelst_mkt_eu_shwts.xml,France,trn_freight_road,Heavy truck,FCEV,1,1,1,1,1,1,,,,,,,,,,
policy_4Wfuel_po_eu.xml,Germany,trn_pass_road_LDV_4W,Car,Liquids,,,,0,0,0,,,,,,,,,,
policy_4Wfuel_po_eu.xml,Germany,trn_pass_road_LDV_4W,Car,Hybrid Liquids,,,,0,0,0,,,,,,,,,,
policy_4Wfuel_po_eu.xml,Germany,trn_pass_road_LDV_4W,Car,NG,0,0,0,0,0,0,,,,,,,,,,
policy_4Wfuel_po_eu.xml,Germany,trn_pass_road_LDV_4W,Large Car and Truck,Liquids,,,,0,0,0,,,,,,,,,,
policy_4Wfuel_po_eu.xml,Germany,trn_pass_road_LDV_4W,Large Car and Truck,Hybrid Liquids,,,,0,0,0,,,,,,,,,,
policy_4Wfuel_po_eu.xml,Germany,trn_pass_road_LDV_4W,Large Car and Truck,NG,0,0,0,0,0,0,,,,,,,,,,
policy_fuelst_mkt_eu_shwts.xml,Germany,trn_pass_road_LDV_4W,Car,BEV,0.75,1,1,,,,,,,,,,,,,
policy_fuelst_mkt_eu_shwts.xml,Germany,trn_pass_road_LDV_4W,Large Car and Truck,BEV,0.75,1,1,,,,,,,,,,,,,
policy_fuelst_mkt_eu_shwts.xml,Germany,trn_pass_road_LDV_4W,Car,FCEV,0.75,1,1,,,,,,,,,,,,,
policy_fuelst_mkt_eu_shwts.xml,Germany,trn_pass_road_LDV_4W,Large Car and Truck,FCEV,0.75,1,1,,,,,,,,,,,,,
policy_fuelst_mkt_eu_shwts.xml,Germany,trn_freight_road,Light truck,BEV,1,1,1,1,1,1,,,,,,,,,,
policy_fuelst_mkt_eu_shwts.xml,Germany,trn_freight_road,Light truck,FCEV,1,1,1,1,1,1,,,,,,,,,,
policy_fuelst_mkt_eu_shwts.xml,Germany,trn_freight_road,Medium truck,BEV,1,1,1,1,1,1,,,,,,,,,,
policy_fuelst_mkt_eu_shwts.xml,Germany,trn_freight_road,Medium truck,FCEV,1,1,1,1,1,1,,,,,,,,,,
policy_fuelst_mkt_eu_shwts.xml,Germany,trn_freight_road,Heavy truck,BEV,1,1,1,1,1,1,,,,,,,,,,
policy_fuelst_mkt_eu_shwts.xml,Germany,trn_freight_road,Heavy truck,FCEV,1,1,1,1,1,1,,,,,,,,,,
policy_4Wfuel_po_eu.xml,Greece,trn_pass_road_LDV_4W,Car,Liquids,,,,0,0,0,,,,,,,,,,
policy_4Wfuel_po_eu.xml,Greece,trn_pass_road_LDV_4W,Car,Hybrid Liquids,,,,0,0,0,,,,,,,,,,
policy_4Wfuel_po_eu.xml,Greece,trn_pass_road_LDV_4W,Car,NG,0,0,0,0,0,0,,,,,,,,,,
policy_4Wfuel_po_eu.xml,Greece,trn_pass_road_LDV_4W,Large Car and Truck,Liquids,,,,0,0,0,,,,,,,,,,
policy_4Wfuel_po_eu.xml,Greece,trn_pass_road_LDV_4W,Large Car and Truck,Hybrid Liquids,,,,0,0,0,,,,,,,,,,
policy_4Wfuel_po_eu.xml,Greece,trn_pass_road_LDV_4W,Large Car and Truck,NG,0,0,0,0,0,0,,,,,,,,,,
policy_fuelst_mkt_eu_shwts.xml,Greece,trn_pass_road_LDV_4W,Car,BEV,0.75,1,1,,,,,,,,,,,,,
policy_fuelst_mkt_eu_shwts.xml,Greece,trn_pass_road_LDV_4W,Large Car and Truck,BEV,0.75,1,1,,,,,,,,,,,,,
policy_fuelst_mkt_eu_shwts.xml,Greece,trn_pass_road_LDV_4W,Car,FCEV,0.75,1,1,,,,,,,,,,,,,
policy_fuelst_mkt_eu_shwts.xml,Greece,trn_pass_road_LDV_4W,Large Car and Truck,FCEV,0.75,1,1,,,,,,,,,,,,,
policy_fuelst_mkt_eu_shwts.xml,Greece,trn_freight_road,Light truck,BEV,1,1,1,1,1,1,,,,,,,,,,
policy_fuelst_mkt_eu_shwts.xml,Greece,trn_freight_road,Light truck,FCEV,1,1,1,1,1,1,,,,,,,,,,
policy_fuelst_mkt_eu_shwts.xml,Greece,trn_freight_road,Medium truck,BEV,1,1,1,1,1,1,,,,,,,,,,
policy_fuelst_mkt_eu_shwts.xml,Greece,trn_freight_road,Medium truck,FCEV,1,1,1,1,1,1,,,,,,,,,,
policy_fuelst_mkt_eu_shwts.xml,Greece,trn_freight_road,Heavy truck,BEV,1,1,1,1,1,1,,,,,,,,,,
policy_fuelst_mkt_eu_shwts.xml,Greece,trn_freight_road,Heavy truck,FCEV,1,1,1,1,1,1,,,,,,,,,,
policy_4Wfuel_po_eu.xml,Hungary,trn_pass_road_LDV_4W,Car,Liquids,,,,0,0,0,,,,,,,,,,
policy_4Wfuel_po_eu.xml,Hungary,trn_pass_road_LDV_4W,Car,Hybrid Liquids,,,,0,0,0,,,,,,,,,,
policy_4Wfuel_po_eu.xml,Hungary,trn_pass_road_LDV_4W,Car,NG,0,0,0,0,0,0,,,,,,,,,,
policy_fuelst_mkt_eu_shwts.xml,Hungary,trn_pass_road_LDV_4W,Car,BEV,0.75,1,1,,,,,,,,,,,,,
policy_fuelst_mkt_eu_shwts.xml,Hungary,trn_pass_road_LDV_4W,Car,FCEV,0.75,1,1,,,,,,,,,,,,,
policy_fuelst_mkt_eu_shwts.xml,Hungary,trn_freight_road,Light truck,BEV,1,1,1,1,1,1,,,,,,,,,,
policy_fuelst_mkt_eu_shwts.xml,Hungary,trn_freight_road,Light truck,FCEV,1,1,1,1,1,1,,,,,,,,,,
policy_fuelst_mkt_eu_shwts.xml,Hungary,trn_freight_road,Medium truck,BEV,1,1,1,1,1,1,,,,,,,,,,
policy_fuelst_mkt_eu_shwts.xml,Hungary,trn_freight_road,Medium truck,FCEV,1,1,1,1,1,1,,,,,,,,,,
policy_fuelst_mkt_eu_shwts.xml,Hungary,trn_freight_road,Heavy truck,BEV,1,1,1,1,1,1,,,,,,,,,,
policy_fuelst_mkt_eu_shwts.xml,Hungary,trn_freight_road,Heavy truck,FCEV,1,1,1,1,1,1,,,,,,,,,,
policy_4Wfuel_po_eu.xml,Ireland,trn_pass_road_LDV_4W,Car,Liquids,,,,0,0,0,,,,,,,,,,
policy_4Wfuel_po_eu.xml,Ireland,trn_pass_road_LDV_4W,Car,Hybrid Liquids,,,,0,0,0,,,,,,,,,,
policy_4Wfuel_po_eu.xml,Ireland,trn_pass_road_LDV_4W,Car,NG,0,0,0,0,0,0,,,,,,,,,,
policy_4Wfuel_po_eu.xml,Ireland,trn_pass_road_LDV_4W,Large Car and Truck,Liquids,,,,0,0,0,,,,,,,,,,
policy_4Wfuel_po_eu.xml,Ireland,trn_pass_road_LDV_4W,Large Car and Truck,Hybrid Liquids,,,,0,0,0,,,,,,,,,,
policy_4Wfuel_po_eu.xml,Ireland,trn_pass_road_LDV_4W,Large Car and Truck,NG,0,0,0,0,0,0,,,,,,,,,,
policy_fuelst_mkt_eu_shwts.xml,Ireland,trn_pass_road_LDV_4W,Car,BEV,0.75,1,1,,,,,,,,,,,,,
policy_fuelst_mkt_eu_shwts.xml,Ireland,trn_pass_road_LDV_4W,Large Car and Truck,BEV,0.75,1,1,,,,,,,,,,,,,
policy_fuelst_mkt_eu_shwts.xml,Ireland,trn_pass_road_LDV_4W,Car,FCEV,0.75,1,1,,,,,,,,,,,,,
policy_fuelst_mkt_eu_shwts.xml,Ireland,trn_pass_road_LDV_4W,Large Car and Truck,FCEV,0.75,1,1,,,,,,,,,,,,,
policy_fuelst_mkt_eu_shwts.xml,Ireland,trn_freight_road,Light truck,BEV,1,1,1,1,1,1,,,,,,,,,,
policy_fuelst_mkt_eu_shwts.xml,Ireland,trn_freight_road,Light truck,FCEV,1,1,1,1,1,1,,,,,,,,,,
policy_fuelst_mkt_eu_shwts.xml,Ireland,trn_freight_road,Medium truck,BEV,1,1,1,1,1,1,,,,,,,,,,
policy_fuelst_mkt_eu_shwts.xml,Ireland,trn_freight_road,Medium truck,FCEV,1,1,1,1,1,1,,,,,,,,,,
policy_fuelst_mkt_eu_shwts.xml,Ireland,trn_freight_road,Heavy truck,BEV,1,1,1,1,1,1,,,,,,,,,,
policy_fuelst_mkt_eu_shwts.xml,Ireland,trn_freight_road,Heavy truck,FCEV,1,1,1,1,1,1,,,,,,,,,,
policy_4Wfuel_po_eu.xml,Latvia,trn_pass_road_LDV_4W,Car,Liquids,,,,0,0,0,,,,,,,,,,
policy_4Wfuel_po_eu.xml,Latvia,trn_pass_road_LDV_4W,Car,Hybrid Liquids,,,,0,0,0,,,,,,,,,,
policy_4Wfuel_po_eu.xml,Latvia,trn_pass_road_LDV_4W,Car,NG,0,0,0,0,0,0,,,,,,,,,,
policy_4Wfuel_po_eu.xml,Latvia,trn_pass_road_LDV_4W,Large Car and Truck,Liquids,,,,0,0,0,,,,,,,,,,
policy_4Wfuel_po_eu.xml,Latvia,trn_pass_road_LDV_4W,Large Car and Truck,Hybrid Liquids,,,,0,0,0,,,,,,,,,,
policy_4Wfuel_po_eu.xml,Latvia,trn_pass_road_LDV_4W,Large Car and Truck,NG,0,0,0,0,0,0,,,,,,,,,,
policy_fuelst_mkt_eu_shwts.xml,Latvia,trn_pass_road_LDV_4W,Car,BEV,0.75,1,1,,,,,,,,,,,,,
policy_fuelst_mkt_eu_shwts.xml,Latvia,trn_pass_road_LDV_4W,Large Car and Truck,BEV,0.75,1,1,,,,,,,,,,,,,
policy_fuelst_mkt_eu_shwts.xml,Latvia,trn_pass_road_LDV_4W,Car,FCEV,0.75,1,1,,,,,,,,,,,,,
policy_fuelst_mkt_eu_shwts.xml,Latvia,trn_pass_road_LDV_4W,Large Car and Truck,FCEV,0.75,1,1,,,,,,,,,,,,,
policy_fuelst_mkt_eu_shwts.xml,Latvia,trn_freight_road,Light truck,BEV,1,1,1,1,1,1,,,,,,,,,,
policy_fuelst_mkt_eu_shwts.xml,Latvia,trn_freight_road,Light truck,FCEV,1,1,1,1,1,1,,,,,,,,,,
policy_fuelst_mkt_eu_shwts.xml,Latvia,trn_freight_road,Medium truck,BEV,1,1,1,1,1,1,,,,,,,,,,
policy_fuelst_mkt_eu_shwts.xml,Latvia,trn_freight_road,Medium truck,FCEV,1,1,1,1,1,1,,,,,,,,,,
policy_fuelst_mkt_eu_shwts.xml,Latvia,trn_freight_road,Heavy truck,BEV,1,1,1,1,1,1,,,,,,,,,,
policy_fuelst_mkt_eu_shwts.xml,Latvia,trn_freight_road,Heavy truck,FCEV,1,1,1,1,1,1,,,,,,,,,,
policy_4Wfuel_po_eu.xml,Italy,trn_pass_road_LDV_4W,Car,Liquids,,,,0,0,0,,,,,,,,,,
policy_4Wfuel_po_eu.xml,Italy,trn_pass_road_LDV_4W,Car,Hybrid Liquids,,,,0,0,0,,,,,,,,,,
policy_4Wfuel_po_eu.xml,Italy,trn_pass_road_LDV_4W,Car,NG,0,0,0,0,0,0,,,,,,,,,,
policy_4Wfuel_po_eu.xml,Italy,trn_pass_road_LDV_4W,Large Car and Truck,Liquids,,,,0,0,0,,,,,,,,,,
policy_4Wfuel_po_eu.xml,Italy,trn_pass_road_LDV_4W,Large Car and Truck,Hybrid Liquids,,,,0,0,0,,,,,,,,,,
policy_4Wfuel_po_eu.xml,Italy,trn_pass_road_LDV_4W,Large Car and Truck,NG,0,0,0,0,0,0,,,,,,,,,,
policy_fuelst_mkt_eu_shwts.xml,Italy,trn_pass_road_LDV_4W,Car,BEV,0.75,1,1,,,,,,,,,,,,,
policy_fuelst_mkt_eu_shwts.xml,Italy,trn_pass_road_LDV_4W,Large Car and Truck,BEV,0.75,1,1,,,,,,,,,,,,,
policy_fuelst_mkt_eu_shwts.xml,Italy,trn_pass_road_LDV_4W,Car,FCEV,0.75,1,1,,,,,,,,,,,,,
policy_fuelst_mkt_eu_shwts.xml,Italy,trn_pass_road_LDV_4W,Large Car and Truck,FCEV,0.75,1,1,,,,,,,,,,,,,
policy_fuelst_mkt_eu_shwts.xml,Italy,trn_freight_road,Light truck,BEV,1,1,1,1,1,1,,,,,,,,,,
policy_fuelst_mkt_eu_shwts.xml,Italy,trn_freight_road,Light truck,FCEV,1,1,1,1,1,1,,,,,,,,,,
policy_fuelst_mkt_eu_shwts.xml,Italy,trn_freight_road,Medium truck,BEV,1,1,1,1,1,1,,,,,,,,,,
policy_fuelst_mkt_eu_shwts.xml,Italy,trn_freight_road,Medium truck,FCEV,1,1,1,1,1,1,,,,,,,,,,
policy_fuelst_mkt_eu_shwts.xml,Italy,trn_freight_road,Heavy truck,BEV,1,1,1,1,1,1,,,,,,,,,,
policy_fuelst_mkt_eu_shwts.xml,Italy,trn_freight_road,Heavy truck,FCEV,1,1,1,1,1,1,,,,,,,,,,
policy_4Wfuel_po_eu.xml,Lithuania,trn_pass_road_LDV_4W,Car,Liquids,,,,0,0,0,,,,,,,,,,
policy_4Wfuel_po_eu.xml,Lithuania,trn_pass_road_LDV_4W,Car,Hybrid Liquids,,,,0,0,0,,,,,,,,,,
policy_4Wfuel_po_eu.xml,Lithuania,trn_pass_road_LDV_4W,Car,NG,0,0,0,0,0,0,,,,,,,,,,
policy_4Wfuel_po_eu.xml,Lithuania,trn_pass_road_LDV_4W,Large Car and Truck,Liquids,,,,0,0,0,,,,,,,,,,
policy_4Wfuel_po_eu.xml,Lithuania,trn_pass_road_LDV_4W,Large Car and Truck,Hybrid Liquids,,,,0,0,0,,,,,,,,,,
policy_4Wfuel_po_eu.xml,Lithuania,trn_pass_road_LDV_4W,Large Car and Truck,NG,0,0,0,0,0,0,,,,,,,,,,
policy_fuelst_mkt_eu_shwts.xml,Lithuania,trn_pass_road_LDV_4W,Car,BEV,0.75,1,1,,,,,,,,,,,,,
policy_fuelst_mkt_eu_shwts.xml,Lithuania,trn_pass_road_LDV_4W,Large Car and Truck,BEV,0.75,1,1,,,,,,,,,,,,,
policy_fuelst_mkt_eu_shwts.xml,Lithuania,trn_pass_road_LDV_4W,Car,FCEV,0.75,1,1,,,,,,,,,,,,,
policy_fuelst_mkt_eu_shwts.xml,Lithuania,trn_pass_road_LDV_4W,Large Car and Truck,FCEV,0.75,1,1,,,,,,,,,,,,,
policy_fuelst_mkt_eu_shwts.xml,Lithuania,trn_freight_road,Light truck,BEV,1,1,1,1,1,1,,,,,,,,,,
policy_fuelst_mkt_eu_shwts.xml,Lithuania,trn_freight_road,Light truck,FCEV,1,1,1,1,1,1,,,,,,,,,,
policy_fuelst_mkt_eu_shwts.xml,Lithuania,trn_freight_road,Medium truck,BEV,1,1,1,1,1,1,,,,,,,,,,
policy_fuelst_mkt_eu_shwts.xml,Lithuania,trn_freight_road,Medium truck,FCEV,1,1,1,1,1,1,,,,,,,,,,
policy_fuelst_mkt_eu_shwts.xml,Lithuania,trn_freight_road,Heavy truck,BEV,1,1,1,1,1,1,,,,,,,,,,
policy_fuelst_mkt_eu_shwts.xml,Lithuania,trn_freight_road,Heavy truck,FCEV,1,1,1,1,1,1,,,,,,,,,,
policy_4Wfuel_po_eu.xml,Luxembourg,trn_pass_road_LDV_4W,Car,Liquids,,,,0,0,0,,,,,,,,,,
policy_4Wfuel_po_eu.xml,Luxembourg,trn_pass_road_LDV_4W,Car,Hybrid Liquids,,,,0,0,0,,,,,,,,,,
policy_4Wfuel_po_eu.xml,Luxembourg,trn_pass_road_LDV_4W,Car,NG,0,0,0,0,0,0,,,,,,,,,,
policy_4Wfuel_po_eu.xml,Luxembourg,trn_pass_road_LDV_4W,Large Car and Truck,Liquids,,,,0,0,0,,,,,,,,,,
policy_4Wfuel_po_eu.xml,Luxembourg,trn_pass_road_LDV_4W,Large Car and Truck,Hybrid Liquids,,,,0,0,0,,,,,,,,,,
policy_4Wfuel_po_eu.xml,Luxembourg,trn_pass_road_LDV_4W,Large Car and Truck,NG,0,0,0,0,0,0,,,,,,,,,,
policy_fuelst_mkt_eu_shwts.xml,Luxembourg,trn_pass_road_LDV_4W,Car,BEV,0.75,1,1,,,,,,,,,,,,,
policy_fuelst_mkt_eu_shwts.xml,Luxembourg,trn_pass_road_LDV_4W,Large Car and Truck,BEV,0.75,1,1,,,,,,,,,,,,,
policy_fuelst_mkt_eu_shwts.xml,Luxembourg,trn_pass_road_LDV_4W,Car,FCEV,0.75,1,1,,,,,,,,,,,,,
policy_fuelst_mkt_eu_shwts.xml,Luxembourg,trn_pass_road_LDV_4W,Large Car and Truck,FCEV,0.75,1,1,,,,,,,,,,,,,
policy_fuelst_mkt_eu_shwts.xml,Luxembourg,trn_freight_road,Light truck,BEV,1,1,1,1,1,1,,,,,,,,,,
policy_fuelst_mkt_eu_shwts.xml,Luxembourg,trn_freight_road,Light truck,FCEV,1,1,1,1,1,1,,,,,,,,,,
policy_fuelst_mkt_eu_shwts.xml,Luxembourg,trn_freight_road,Medium truck,BEV,1,1,1,1,1,1,,,,,,,,,,
policy_fuelst_mkt_eu_shwts.xml,Luxembourg,trn_freight_road,Medium truck,FCEV,1,1,1,1,1,1,,,,,,,,,,
policy_fuelst_mkt_eu_shwts.xml,Luxembourg,trn_freight_road,Heavy truck,BEV,1,1,1,1,1,1,,,,,,,,,,
policy_fuelst_mkt_eu_shwts.xml,Luxembourg,trn_freight_road,Heavy truck,FCEV,1,1,1,1,1,1,,,,,,,,,,
policy_4Wfuel_po_eu.xml,Malta,trn_pass_road_LDV_4W,Car,Liquids,,,,0,0,0,,,,,,,,,,
policy_4Wfuel_po_eu.xml,Malta,trn_pass_road_LDV_4W,Car,Hybrid Liquids,,,,0,0,0,,,,,,,,,,
policy_4Wfuel_po_eu.xml,Malta,trn_pass_road_LDV_4W,Car,NG,0,0,0,0,0,0,,,,,,,,,,
policy_4Wfuel_po_eu.xml,Malta,trn_pass_road_LDV_4W,Large Car and Truck,Liquids,,,,0,0,0,,,,,,,,,,
policy_4Wfuel_po_eu.xml,Malta,trn_pass_road_LDV_4W,Large Car and Truck,Hybrid Liquids,,,,0,0,0,,,,,,,,,,
policy_4Wfuel_po_eu.xml,Malta,trn_pass_road_LDV_4W,Large Car and Truck,NG,0,0,0,0,0,0,,,,,,,,,,
policy_fuelst_mkt_eu_shwts.xml,Malta,trn_pass_road_LDV_4W,Car,BEV,0.75,1,1,,,,,,,,,,,,,
policy_fuelst_mkt_eu_shwts.xml,Malta,trn_pass_road_LDV_4W,Large Car and Truck,BEV,0.75,1,1,,,,,,,,,,,,,
policy_fuelst_mkt_eu_shwts.xml,Malta,trn_pass_road_LDV_4W,Car,FCEV,0.75,1,1,,,,,,,,,,,,,
policy_fuelst_mkt_eu_shwts.xml,Malta,trn_pass_road_LDV_4W,Large Car and Truck,FCEV,0.75,1,1,,,,,,,,,,,,,
policy_fuelst_mkt_eu_shwts.xml,Malta,trn_freight_road,Light truck,BEV,1,1,1,1,1,1,,,,,,,,,,
policy_fuelst_mkt_eu_shwts.xml,Malta,trn_freight_road,Light truck,FCEV,1,1,1,1,1,1,,,,,,,,,,
policy_fuelst_mkt_eu_shwts.xml,Malta,trn_freight_road,Medium truck,BEV,1,1,1,1,1,1,,,,,,,,,,
policy_fuelst_mkt_eu_shwts.xml,Malta,trn_freight_road,Medium truck,FCEV,1,1,1,1,1,1,,,,,,,,,,
policy_fuelst_mkt_eu_shwts.xml,Malta,trn_freight_road,Heavy truck,BEV,1,1,1,1,1,1,,,,,,,,,,
policy_fuelst_mkt_eu_shwts.xml,Malta,trn_freight_road,Heavy truck,FCEV,1,1,1,1,1,1,,,,,,,,,,
policy_4Wfuel_po_eu.xml,Netherlands,trn_pass_road_LDV_4W,Car,Liquids,,,,0,0,0,,,,,,,,,,
policy_4Wfuel_po_eu.xml,Netherlands,trn_pass_road_LDV_4W,Car,Hybrid Liquids,,,,0,0,0,,,,,,,,,,
policy_4Wfuel_po_eu.xml,Netherlands,trn_pass_road_LDV_4W,Car,NG,0,0,0,0,0,0,,,,,,,,,,
policy_4Wfuel_po_eu.xml,Netherlands,trn_pass_road_LDV_4W,Large Car and Truck,Liquids,,,,0,0,0,,,,,,,,,,
policy_4Wfuel_po_eu.xml,Netherlands,trn_pass_road_LDV_4W,Large Car and Truck,Hybrid Liquids,,,,0,0,0,,,,,,,,,,
policy_4Wfuel_po_eu.xml,Netherlands,trn_pass_road_LDV_4W,Large Car and Truck,NG,0,0,0,0,0,0,,,,,,,,,,
policy_fuelst_mkt_eu_shwts.xml,Netherlands,trn_pass_road_LDV_4W,Car,BEV,0.75,1,1,,,,,,,,,,,,,
policy_fuelst_mkt_eu_shwts.xml,Netherlands,trn_pass_road_LDV_4W,Large Car and Truck,BEV,0.75,1,1,,,,,,,,,,,,,
policy_fuelst_mkt_eu_shwts.xml,Netherlands,trn_pass_road_LDV_4W,Car,FCEV,0.75,1,1,,,,,,,,,,,,,
policy_fuelst_mkt_eu_shwts.xml,Netherlands,trn_pass_road_LDV_4W,Large Car and Truck,FCEV,0.75,1,1,,,,,,,,,,,,,
policy_fuelst_mkt_eu_shwts.xml,Netherlands,trn_freight_road,Light truck,BEV,1,1,1,1,1,1,,,,,,,,,,
policy_fuelst_mkt_eu_shwts.xml,Netherlands,trn_freight_road,Light truck,FCEV,1,1,1,1,1,1,,,,,,,,,,
policy_fuelst_mkt_eu_shwts.xml,Netherlands,trn_freight_road,Medium truck,BEV,1,1,1,1,1,1,,,,,,,,,,
policy_fuelst_mkt_eu_shwts.xml,Netherlands,trn_freight_road,Medium truck,FCEV,1,1,1,1,1,1,,,,,,,,,,
policy_fuelst_mkt_eu_shwts.xml,Netherlands,trn_freight_road,Heavy truck,BEV,1,1,1,1,1,1,,,,,,,,,,
policy_fuelst_mkt_eu_shwts.xml,Netherlands,trn_freight_road,Heavy truck,FCEV,1,1,1,1,1,1,,,,,,,,,,
policy_4Wfuel_po_eu.xml,Poland,trn_pass_road_LDV_4W,Car,Liquids,,,,0,0,0,,,,,,,,,,
policy_4Wfuel_po_eu.xml,Poland,trn_pass_road_LDV_4W,Car,Hybrid Liquids,,,,0,0,0,,,,,,,,,,
policy_4Wfuel_po_eu.xml,Poland,trn_pass_road_LDV_4W,Car,NG,0,0,0,0,0,0,,,,,,,,,,
policy_fuelst_mkt_eu_shwts.xml,Poland,trn_pass_road_LDV_4W,Car,BEV,0.75,1,1,,,,,,,,,,,,,
policy_fuelst_mkt_eu_shwts.xml,Poland,trn_pass_road_LDV_4W,Car,FCEV,0.75,1,1,,,,,,,,,,,,,
policy_fuelst_mkt_eu_shwts.xml,Poland,trn_freight_road,Light truck,BEV,1,1,1,1,1,1,,,,,,,,,,
policy_fuelst_mkt_eu_shwts.xml,Poland,trn_freight_road,Light truck,FCEV,1,1,1,1,1,1,,,,,,,,,,
policy_fuelst_mkt_eu_shwts.xml,Poland,trn_freight_road,Medium truck,BEV,1,1,1,1,1,1,,,,,,,,,,
policy_fuelst_mkt_eu_shwts.xml,Poland,trn_freight_road,Medium truck,FCEV,1,1,1,1,1,1,,,,,,,,,,
policy_fuelst_mkt_eu_shwts.xml,Poland,trn_freight_road,Heavy truck,BEV,1,1,1,1,1,1,,,,,,,,,,
policy_fuelst_mkt_eu_shwts.xml,Poland,trn_freight_road,Heavy truck,FCEV,1,1,1,1,1,1,,,,,,,,,,
policy_4Wfuel_po_eu.xml,Portugal,trn_pass_road_LDV_4W,Car,Liquids,,,,0,0,0,,,,,,,,,,
policy_4Wfuel_po_eu.xml,Portugal,trn_pass_road_LDV_4W,Car,Hybrid Liquids,,,,0,0,0,,,,,,,,,,
policy_4Wfuel_po_eu.xml,Portugal,trn_pass_road_LDV_4W,Car,NG,0,0,0,0,0,0,,,,,,,,,,
policy_4Wfuel_po_eu.xml,Portugal,trn_pass_road_LDV_4W,Large Car and Truck,Liquids,,,,0,0,0,,,,,,,,,,
policy_4Wfuel_po_eu.xml,Portugal,trn_pass_road_LDV_4W,Large Car and Truck,Hybrid Liquids,,,,0,0,0,,,,,,,,,,
policy_4Wfuel_po_eu.xml,Portugal,trn_pass_road_LDV_4W,Large Car and Truck,NG,0,0,0,0,0,0,,,,,,,,,,
policy_fuelst_mkt_eu_shwts.xml,Portugal,trn_pass_road_LDV_4W,Car,BEV,0.75,1,1,,,,,,,,,,,,,
policy_fuelst_mkt_eu_shwts.xml,Portugal,trn_pass_road_LDV_4W,Large Car and Truck,BEV,0.75,1,1,,,,,,,,,,,,,
policy_fuelst_mkt_eu_shwts.xml,Portugal,trn_pass_road_LDV_4W,Car,FCEV,0.75,1,1,,,,,,,,,,,,,
policy_fuelst_mkt_eu_shwts.xml,Portugal,trn_pass_road_LDV_4W,Large Car and Truck,FCEV,0.75,1,1,,,,,,,,,,,,,
policy_fuelst_mkt_eu_shwts.xml,Portugal,trn_freight_road,Light truck,BEV,1,1,1,1,1,1,,,,,,,,,,
policy_fuelst_mkt_eu_shwts.xml,Portugal,trn_freight_road,Light truck,FCEV,1,1,1,1,1,1,,,,,,,,,,
policy_fuelst_mkt_eu_shwts.xml,Portugal,trn_freight_road,Medium truck,BEV,1,1,1,1,1,1,,,,,,,,,,
policy_fuelst_mkt_eu_shwts.xml,Portugal,trn_freight_road,Medium truck,FCEV,1,1,1,1,1,1,,,,,,,,,,
policy_fuelst_mkt_eu_shwts.xml,Portugal,trn_freight_road,Heavy truck,BEV,1,1,1,1,1,1,,,,,,,,,,
policy_fuelst_mkt_eu_shwts.xml,Portugal,trn_freight_road,Heavy truck,FCEV,1,1,1,1,1,1,,,,,,,,,,
policy_4Wfuel_po_eu.xml,Romania,trn_pass_road_LDV_4W,Car,Liquids,,,,0,0,0,,,,,,,,,,
policy_4Wfuel_po_eu.xml,Romania,trn_pass_road_LDV_4W,Car,Hybrid Liquids,,,,0,0,0,,,,,,,,,,
policy_4Wfuel_po_eu.xml,Romania,trn_pass_road_LDV_4W,Car,NG,0,0,0,0,0,0,,,,,,,,,,
policy_fuelst_mkt_eu_shwts.xml,Romania,trn_pass_road_LDV_4W,Car,BEV,0.75,1,1,,,,,,,,,,,,,
policy_fuelst_mkt_eu_shwts.xml,Romania,trn_pass_road_LDV_4W,Car,FCEV,0.75,1,1,,,,,,,,,,,,,
policy_fuelst_mkt_eu_shwts.xml,Romania,trn_freight_road,Light truck,BEV,1,1,1,1,1,1,,,,,,,,,,
policy_fuelst_mkt_eu_shwts.xml,Romania,trn_freight_road,Light truck,FCEV,1,1,1,1,1,1,,,,,,,,,,
policy_fuelst_mkt_eu_shwts.xml,Romania,trn_freight_road,Medium truck,BEV,1,1,1,1,1,1,,,,,,,,,,
policy_fuelst_mkt_eu_shwts.xml,Romania,trn_freight_road,Medium truck,FCEV,1,1,1,1,1,1,,,,,,,,,,
policy_fuelst_mkt_eu_shwts.xml,Romania,trn_freight_road,Heavy truck,BEV,1,1,1,1,1,1,,,,,,,,,,
policy_fuelst_mkt_eu_shwts.xml,Romania,trn_freight_road,Heavy truck,FCEV,1,1,1,1,1,1,,,,,,,,,,
policy_4Wfuel_po_eu.xml,Slovakia,trn_pass_road_LDV_4W,Car,Liquids,,,,0,0,0,,,,,,,,,,
policy_4Wfuel_po_eu.xml,Slovakia,trn_pass_road_LDV_4W,Car,Hybrid Liquids,,,,0,0,0,,,,,,,,,,
policy_4Wfuel_po_eu.xml,Slovakia,trn_pass_road_LDV_4W,Car,NG,0,0,0,0,0,0,,,,,,,,,,
policy_fuelst_mkt_eu_shwts.xml,Slovakia,trn_pass_road_LDV_4W,Car,BEV,0.75,1,1,,,,,,,,,,,,,
policy_fuelst_mkt_eu_shwts.xml,Slovakia,trn_pass_road_LDV_4W,Car,FCEV,0.75,1,1,,,,,,,,,,,,,
policy_fuelst_mkt_eu_shwts.xml,Slovakia,trn_freight_road,Light truck,BEV,1,1,1,1,1,1,,,,,,,,,,
policy_fuelst_mkt_eu_shwts.xml,Slovakia,trn_freight_road,Light truck,FCEV,1,1,1,1,1,1,,,,,,,,,,
policy_fuelst_mkt_eu_shwts.xml,Slovakia,trn_freight_road,Medium truck,BEV,1,1,1,1,1,1,,,,,,,,,,
policy_fuelst_mkt_eu_shwts.xml,Slovakia,trn_freight_road,Medium truck,FCEV,1,1,1,1,1,1,,,,,,,,,,
policy_fuelst_mkt_eu_shwts.xml,Slovakia,trn_freight_road,Heavy truck,BEV,1,1,1,1,1,1,,,,,,,,,,
policy_fuelst_mkt_eu_shwts.xml,Slovakia,trn_freight_road,Heavy truck,FCEV,1,1,1,1,1,1,,,,,,,,,,
policy_4Wfuel_po_eu.xml,Slovenia,trn_pass_road_LDV_4W,Car,Liquids,,,,0,0,0,,,,,,,,,,
policy_4Wfuel_po_eu.xml,Slovenia,trn_pass_road_LDV_4W,Car,Hybrid Liquids,,,,0,0,0,,,,,,,,,,
policy_4Wfuel_po_eu.xml,Slovenia,trn_pass_road_LDV_4W,Car,NG,0,0,0,0,0,0,,,,,,,,,,
policy_fuelst_mkt_eu_shwts.xml,Slovenia,trn_pass_road_LDV_4W,Car,BEV,0.75,1,1,,,,,,,,,,,,,
policy_fuelst_mkt_eu_shwts.xml,Slovenia,trn_pass_road_LDV_4W,Car,FCEV,0.75,1,1,,,,,,,,,,,,,
policy_fuelst_mkt_eu_shwts.xml,Slovenia,trn_freight_road,Light truck,BEV,1,1,1,1,1,1,,,,,,,,,,
policy_fuelst_mkt_eu_shwts.xml,Slovenia,trn_freight_road,Light truck,FCEV,1,1,1,1,1,1,,,,,,,,,,
policy_fuelst_mkt_eu_shwts.xml,Slovenia,trn_freight_road,Medium truck,BEV,1,1,1,1,1,1,,,,,,,,,,
policy_fuelst_mkt_eu_shwts.xml,Slovenia,trn_freight_road,Medium truck,FCEV,1,1,1,1,1,1,,,,,,,,,,
policy_fuelst_mkt_eu_shwts.xml,Slovenia,trn_freight_road,Heavy truck,BEV,1,1,1,1,1,1,,,,,,,,,,
policy_fuelst_mkt_eu_shwts.xml,Slovenia,trn_freight_road,Heavy truck,FCEV,1,1,1,1,1,1,,,,,,,,,,
policy_4Wfuel_po_eu.xml,Spain,trn_pass_road_LDV_4W,Car,Liquids,,,,0,0,0,,,,,,,,,,
policy_4Wfuel_po_eu.xml,Spain,trn_pass_road_LDV_4W,Car,Hybrid Liquids,,,,0,0,0,,,,,,,,,,
policy_4Wfuel_po_eu.xml,Spain,trn_pass_road_LDV_4W,Car,NG,0,0,0,0,0,0,,,,,,,,,,
policy_4Wfuel_po_eu.xml,Spain,trn_pass_road_LDV_4W,Large Car and Truck,Liquids,,,,0,0,0,,,,,,,,,,
policy_4Wfuel_po_eu.xml,Spain,trn_pass_road_LDV_4W,Large Car and Truck,Hybrid Liquids,,,,0,0,0,,,,,,,,,,
policy_4Wfuel_po_eu.xml,Spain,trn_pass_road_LDV_4W,Large Car and Truck,NG,0,0,0,0,0,0,,,,,,,,,,
policy_fuelst_mkt_eu_shwts.xml,Spain,trn_pass_road_LDV_4W,Car,BEV,0.75,1,1,,,,,,,,,,,,,
policy_fuelst_mkt_eu_shwts.xml,Spain,trn_pass_road_LDV_4W,Large Car and Truck,BEV,0.75,1,1,,,,,,,,,,,,,
policy_fuelst_mkt_eu_shwts.xml,Spain,trn_pass_road_LDV_4W,Car,FCEV,0.75,1,1,,,,,,,,,,,,,
policy_fuelst_mkt_eu_shwts.xml,Spain,trn_pass_road_LDV_4W,Large Car and Truck,FCEV,0.75,1,1,,,,,,,,,,,,,
policy_fuelst_mkt_eu_shwts.xml,Spain,trn_freight_road,Light truck,BEV,1,1,1,1,1,1,,,,,,,,,,
policy_fuelst_mkt_eu_shwts.xml,Spain,trn_freight_road,Light truck,FCEV,1,1,1,1,1,1,,,,,,,,,,
policy_fuelst_mkt_eu_shwts.xml,Spain,trn_freight_road,Medium truck,BEV,1,1,1,1,1,1,,,,,,,,,,
policy_fuelst_mkt_eu_shwts.xml,Spain,trn_freight_road,Medium truck,FCEV,1,1,1,1,1,1,,,,,,,,,,
policy_fuelst_mkt_eu_shwts.xml,Spain,trn_freight_road,Heavy truck,BEV,1,1,1,1,1,1,,,,,,,,,,
policy_fuelst_mkt_eu_shwts.xml,Spain,trn_freight_road,Heavy truck,FCEV,1,1,1,1,1,1,,,,,,,,,,
policy_4Wfuel_po_eu.xml,Sweden,trn_pass_road_LDV_4W,Car,Liquids,,,,0,0,0,,,,,,,,,,
policy_4Wfuel_po_eu.xml,Sweden,trn_pass_road_LDV_4W,Car,Hybrid Liquids,,,,0,0,0,,,,,,,,,,
policy_4Wfuel_po_eu.xml,Sweden,trn_pass_road_LDV_4W,Car,NG,0,0,0,0,0,0,,,,,,,,,,
policy_4Wfuel_po_eu.xml,Sweden,trn_pass_road_LDV_4W,Large Car and Truck,Liquids,,,,0,0,0,,,,,,,,,,
policy_4Wfuel_po_eu.xml,Sweden,trn_pass_road_LDV_4W,Large Car and Truck,Hybrid Liquids,,,,0,0,0,,,,,,,,,,
policy_4Wfuel_po_eu.xml,Sweden,trn_pass_road_LDV_4W,Large Car and Truck,NG,0,0,0,0,0,0,,,,,,,,,,
policy_fuelst_mkt_eu_shwts.xml,Sweden,trn_pass_road_LDV_4W,Car,BEV,0.75,1,1,,,,,,,,,,,,,
policy_fuelst_mkt_eu_shwts.xml,Sweden,trn_pass_road_LDV_4W,Large Car and Truck,BEV,0.75,1,1,,,,,,,,,,,,,
policy_fuelst_mkt_eu_shwts.xml,Sweden,trn_pass_road_LDV_4W,Car,FCEV,0.75,1,1,,,,,,,,,,,,,
policy_fuelst_mkt_eu_shwts.xml,Sweden,trn_pass_road_LDV_4W,Large Car and Truck,FCEV,0.75,1,1,,,,,,,,,,,,,
policy_fuelst_mkt_eu_shwts.xml,Sweden,trn_freight_road,Light truck,BEV,1,1,1,1,1,1,,,,,,,,,,
policy_fuelst_mkt_eu_shwts.xml,Sweden,trn_freight_road,Light truck,FCEV,1,1,1,1,1,1,,,,,,,,,,
policy_fuelst_mkt_eu_shwts.xml,Sweden,trn_freight_road,Medium truck,BEV,1,1,1,1,1,1,,,,,,,,,,
policy_fuelst_mkt_eu_shwts.xml,Sweden,trn_freight_road,Medium truck,FCEV,1,1,1,1,1,1,,,,,,,,,,
policy_fuelst_mkt_eu_shwts.xml,Sweden,trn_freight_road,Heavy truck,BEV,1,1,1,1,1,1,,,,,,,,,,
policy_fuelst_mkt_eu_shwts.xml,Sweden,trn_freight_road,Heavy truck,FCEV,1,1,1,1,1,1,,,,,,,,,,
policy_coalPhaseout_eu.xml,Germany,base load generation,coal (IGCC)_base,,0,0,0,0,0,0,,,,,,,,,,
policy_coalPhaseout_eu.xml,Germany,base load generation,coal (conv pul)_base,,0,0,0,0,0,0,,,,,,,,,,
policy_coalPhaseout_eu.xml,Germany,intermediate generation,coal (IGCC)_int,,0,0,0,0,0,0,,,,,,,,,,
policy_coalPhaseout_eu.xml,Germany,intermediate generation,coal (conv pul)_int,,0,0,0,0,0,0,,,,,,,,,,
policy_coalPhaseout_eu.xml,Germany,peak generation,coal (IGCC)_peak,,0,0,0,0,0,0,,,,,,,,,,
policy_coalPhaseout_eu.xml,Germany,peak generation,coal (conv pul)_peak,,0,0,0,0,0,0,,,,,,,,,,
policy_coalPhaseout_eu.xml,Germany,subpeak generation,coal (IGCC)_subpeak,,0,0,0,0,0,0,,,,,,,,,,
policy_coalPhaseout_eu.xml,Germany,subpeak generation,coal (conv pul)_subpeak,,0,0,0,0,0,0,,,,,,,,,,
policy_coalcogenPhaseout_eu.xml,Germany,other industrial energy use,coal,coal cogen_grid,0,0,0,0,0,0,,,,,,,,,,
policy_coalPhaseout_eu.xml,Austria,base load generation,coal (IGCC)_base,,0,0,0,0,0,0,,,,,,,,,,
policy_coalPhaseout_eu.xml,Austria,base load generation,coal (conv pul)_base,,0,0,0,0,0,0,,,,,,,,,,
policy_coalPhaseout_eu.xml,Austria,intermediate generation,coal (IGCC)_int,,0,0,0,0,0,0,,,,,,,,,,
policy_coalPhaseout_eu.xml,Austria,intermediate generation,coal (conv pul)_int,,0,0,0,0,0,0,,,,,,,,,,
policy_coalPhaseout_eu.xml,Austria,peak generation,coal (IGCC)_peak,,0,0,0,0,0,0,,,,,,,,,,
policy_coalPhaseout_eu.xml,Austria,peak generation,coal (conv pul)_peak,,0,0,0,0,0,0,,,,,,,,,,
policy_coalPhaseout_eu.xml,Austria,subpeak generation,coal (IGCC)_subpeak,,0,0,0,0,0,0,,,,,,,,,,
policy_coalPhaseout_eu.xml,Austria,subpeak generation,coal (conv pul)_subpeak,,0,0,0,0,0,0,,,,,,,,,,
policy_coalcogenPhaseout_eu.xml,Austria,other industrial energy use,coal,coal cogen_grid,0,0,0,0,0,0,,,,,,,,,,
policy_coalPhaseout_eu.xml,Belgium,base load generation,coal (IGCC)_base,,0,0,0,0,0,0,,,,,,,,,,
policy_coalPhaseout_eu.xml,Belgium,base load generation,coal (conv pul)_base,,0,0,0,0,0,0,,,,,,,,,,
policy_coalPhaseout_eu.xml,Belgium,intermediate generation,coal (IGCC)_int,,0,0,0,0,0,0,,,,,,,,,,
policy_coalPhaseout_eu.xml,Belgium,intermediate generation,coal (conv pul)_int,,0,0,0,0,0,0,,,,,,,,,,
policy_coalPhaseout_eu.xml,Belgium,peak generation,coal (IGCC)_peak,,0,0,0,0,0,0,,,,,,,,,,
policy_coalPhaseout_eu.xml,Belgium,peak generation,coal (conv pul)_peak,,0,0,0,0,0,0,,,,,,,,,,
policy_coalPhaseout_eu.xml,Belgium,subpeak generation,coal (IGCC)_subpeak,,0,0,0,0,0,0,,,,,,,,,,
policy_coalPhaseout_eu.xml,Belgium,subpeak generation,coal (conv pul)_subpeak,,0,0,0,0,0,0,,,,,,,,,,
policy_coalcogenPhaseout_eu.xml,Belgium,other industrial energy use,coal,coal cogen_grid,0,0,0,0,0,0,,,,,,,,,,
policy_coalPhaseout_eu.xml,Bulgaria,base load generation,coal (IGCC)_base,,0,0,0,0,0,0,,,,,,,,,,
policy_coalPhaseout_eu.xml,Bulgaria,base load generation,coal (conv pul)_base,,0,0,0,0,0,0,,,,,,,,,,
policy_coalPhaseout_eu.xml,Bulgaria,intermediate generation,coal (IGCC)_int,,0,0,0,0,0,0,,,,,,,,,,
policy_coalPhaseout_eu.xml,Bulgaria,intermediate generation,coal (conv pul)_int,,0,0,0,0,0,0,,,,,,,,,,
policy_coalPhaseout_eu.xml,Bulgaria,peak generation,coal (IGCC)_peak,,0,0,0,0,0,0,,,,,,,,,,
policy_coalPhaseout_eu.xml,Bulgaria,peak generation,coal (conv pul)_peak,,0,0,0,0,0,0,,,,,,,,,,
policy_coalPhaseout_eu.xml,Bulgaria,subpeak generation,coal (IGCC)_subpeak,,0,0,0,0,0,0,,,,,,,,,,
policy_coalPhaseout_eu.xml,Bulgaria,subpeak generation,coal (conv pul)_subpeak,,0,0,0,0,0,0,,,,,,,,,,
policy_coalcogenPhaseout_eu.xml,Bulgaria,other industrial energy use,coal,coal cogen_grid,0,0,0,0,0,0,,,,,,,,,,
policy_coalPhaseout_eu.xml,Croatia,base load generation,coal (IGCC)_base,,0,0,0,0,0,0,,,,,,,,,,
policy_coalPhaseout_eu.xml,Croatia,base load generation,coal (conv pul)_base,,0,0,0,0,0,0,,,,,,,,,,
policy_coalPhaseout_eu.xml,Croatia,intermediate generation,coal (IGCC)_int,,0,0,0,0,0,0,,,,,,,,,,
policy_coalPhaseout_eu.xml,Croatia,intermediate generation,coal (conv pul)_int,,0,0,0,0,0,0,,,,,,,,,,
policy_coalPhaseout_eu.xml,Croatia,peak generation,coal (IGCC)_peak,,0,0,0,0,0,0,,,,,,,,,,
policy_coalPhaseout_eu.xml,Croatia,peak generation,coal (conv pul)_peak,,0,0,0,0,0,0,,,,,,,,,,
policy_coalPhaseout_eu.xml,Croatia,subpeak generation,coal (IGCC)_subpeak,,0,0,0,0,0,0,,,,,,,,,,
policy_coalPhaseout_eu.xml,Croatia,subpeak generation,coal (conv pul)_subpeak,,0,0,0,0,0,0,,,,,,,,,,
policy_coalcogenPhaseout_eu.xml,Croatia,other industrial energy use,coal,coal cogen_grid,0,0,0,0,0,0,,,,,,,,,,
policy_coalPhaseout_eu.xml,Cyprus,base load generation,coal (IGCC)_base,,0,0,0,0,0,0,,,,,,,,,,
policy_coalPhaseout_eu.xml,Cyprus,base load generation,coal (conv pul)_base,,0,0,0,0,0,0,,,,,,,,,,
policy_coalPhaseout_eu.xml,Cyprus,intermediate generation,coal (IGCC)_int,,0,0,0,0,0,0,,,,,,,,,,
policy_coalPhaseout_eu.xml,Cyprus,intermediate generation,coal (conv pul)_int,,0,0,0,0,0,0,,,,,,,,,,
policy_coalPhaseout_eu.xml,Cyprus,peak generation,coal (IGCC)_peak,,0,0,0,0,0,0,,,,,,,,,,
policy_coalPhaseout_eu.xml,Cyprus,peak generation,coal (conv pul)_peak,,0,0,0,0,0,0,,,,,,,,,,
policy_coalPhaseout_eu.xml,Cyprus,subpeak generation,coal (IGCC)_subpeak,,0,0,0,0,0,0,,,,,,,,,,
policy_coalPhaseout_eu.xml,Cyprus,subpeak generation,coal (conv pul)_subpeak,,0,0,0,0,0,0,,,,,,,,,,
policy_coalcogenPhaseout_eu.xml,Cyprus,other industrial energy use,coal,coal cogen_grid,0,0,0,0,0,0,,,,,,,,,,
policy_coalPhaseout_eu.xml,Czech Republic,base load generation,coal (IGCC)_base,,0,0,0,0,0,0,,,,,,,,,,
policy_coalPhaseout_eu.xml,Czech Republic,base load generation,coal (conv pul)_base,,0,0,0,0,0,0,,,,,,,,,,
policy_coalPhaseout_eu.xml,Czech Republic,intermediate generation,coal (IGCC)_int,,0,0,0,0,0,0,,,,,,,,,,
policy_coalPhaseout_eu.xml,Czech Republic,intermediate generation,coal (conv pul)_int,,0,0,0,0,0,0,,,,,,,,,,
policy_coalPhaseout_eu.xml,Czech Republic,peak generation,coal (IGCC)_peak,,0,0,0,0,0,0,,,,,,,,,,
policy_coalPhaseout_eu.xml,Czech Republic,peak generation,coal (conv pul)_peak,,0,0,0,0,0,0,,,,,,,,,,
policy_coalPhaseout_eu.xml,Czech Republic,subpeak generation,coal (IGCC)_subpeak,,0,0,0,0,0,0,,,,,,,,,,
policy_coalPhaseout_eu.xml,Czech Republic,subpeak generation,coal (conv pul)_subpeak,,0,0,0,0,0,0,,,,,,,,,,
policy_coalcogenPhaseout_eu.xml,Czech Republic,other industrial energy use,coal,coal cogen_grid,0,0,0,0,0,0,,,,,,,,,,
policy_coalPhaseout_eu.xml,Denmark,base load generation,coal (IGCC)_base,,0,0,0,0,0,0,,,,,,,,,,
policy_coalPhaseout_eu.xml,Denmark,base load generation,coal (conv pul)_base,,0,0,0,0,0,0,,,,,,,,,,
policy_coalPhaseout_eu.xml,Denmark,intermediate generation,coal (IGCC)_int,,0,0,0,0,0,0,,,,,,,,,,
policy_coalPhaseout_eu.xml,Denmark,intermediate generation,coal (conv pul)_int,,0,0,0,0,0,0,,,,,,,,,,
policy_coalPhaseout_eu.xml,Denmark,peak generation,coal (IGCC)_peak,,0,0,0,0,0,0,,,,,,,,,,
policy_coalPhaseout_eu.xml,Denmark,peak generation,coal (conv pul)_peak,,0,0,0,0,0,0,,,,,,,,,,
policy_coalPhaseout_eu.xml,Denmark,subpeak generation,coal (IGCC)_subpeak,,0,0,0,0,0,0,,,,,,,,,,
policy_coalPhaseout_eu.xml,Denmark,subpeak generation,coal (conv pul)_subpeak,,0,0,0,0,0,0,,,,,,,,,,
policy_coalcogenPhaseout_eu.xml,Denmark,other industrial energy use,coal,coal cogen_grid,0,0,0,0,0,0,,,,,,,,,,
policy_coalPhaseout_eu.xml,Estonia,base load generation,coal (IGCC)_base,,0,0,0,0,0,0,,,,,,,,,,
policy_coalPhaseout_eu.xml,Estonia,base load generation,coal (conv pul)_base,,0,0,0,0,0,0,,,,,,,,,,
policy_coalPhaseout_eu.xml,Estonia,intermediate generation,coal (IGCC)_int,,0,0,0,0,0,0,,,,,,,,,,
policy_coalPhaseout_eu.xml,Estonia,intermediate generation,coal (conv pul)_int,,0,0,0,0,0,0,,,,,,,,,,
policy_coalPhaseout_eu.xml,Estonia,peak generation,coal (IGCC)_peak,,0,0,0,0,0,0,,,,,,,,,,
policy_coalPhaseout_eu.xml,Estonia,peak generation,coal (conv pul)_peak,,0,0,0,0,0,0,,,,,,,,,,
policy_coalPhaseout_eu.xml,Estonia,subpeak generation,coal (IGCC)_subpeak,,0,0,0,0,0,0,,,,,,,,,,
policy_coalPhaseout_eu.xml,Estonia,subpeak generation,coal (conv pul)_subpeak,,0,0,0,0,0,0,,,,,,,,,,
policy_coalcogenPhaseout_eu.xml,Estonia,other industrial energy use,coal,coal cogen_grid,0,0,0,0,0,0,,,,,,,,,,
policy_coalPhaseout_eu.xml,Finland,base load generation,coal (IGCC)_base,,0,0,0,0,0,0,,,,,,,,,,
policy_coalPhaseout_eu.xml,Finland,base load generation,coal (conv pul)_base,,0,0,0,0,0,0,,,,,,,,,,
policy_coalPhaseout_eu.xml,Finland,intermediate generation,coal (IGCC)_int,,0,0,0,0,0,0,,,,,,,,,,
policy_coalPhaseout_eu.xml,Finland,intermediate generation,coal (conv pul)_int,,0,0,0,0,0,0,,,,,,,,,,
policy_coalPhaseout_eu.xml,Finland,peak generation,coal (IGCC)_peak,,0,0,0,0,0,0,,,,,,,,,,
policy_coalPhaseout_eu.xml,Finland,peak generation,coal (conv pul)_peak,,0,0,0,0,0,0,,,,,,,,,,
policy_coalPhaseout_eu.xml,Finland,subpeak generation,coal (IGCC)_subpeak,,0,0,0,0,0,0,,,,,,,,,,
policy_coalPhaseout_eu.xml,Finland,subpeak generation,coal (conv pul)_subpeak,,0,0,0,0,0,0,,,,,,,,,,
policy_coalcogenPhaseout_eu.xml,Finland,other industrial energy use,coal,coal cogen_grid,0,0,0,0,0,0,,,,,,,,,,
policy_coalPhaseout_eu.xml,France,base load generation,coal (IGCC)_base,,0,0,0,0,0,0,,,,,,,,,,
policy_coalPhaseout_eu.xml,France,base load generation,coal (conv pul)_base,,0,0,0,0,0,0,,,,,,,,,,
policy_coalPhaseout_eu.xml,France,intermediate generation,coal (IGCC)_int,,0,0,0,0,0,0,,,,,,,,,,
policy_coalPhaseout_eu.xml,France,intermediate generation,coal (conv pul)_int,,0,0,0,0,0,0,,,,,,,,,,
policy_coalPhaseout_eu.xml,France,peak generation,coal (IGCC)_peak,,0,0,0,0,0,0,,,,,,,,,,
policy_coalPhaseout_eu.xml,France,peak generation,coal (conv pul)_peak,,0,0,0,0,0,0,,,,,,,,,,
policy_coalPhaseout_eu.xml,France,subpeak generation,coal (IGCC)_subpeak,,0,0,0,0,0,0,,,,,,,,,,
policy_coalPhaseout_eu.xml,France,subpeak generation,coal (conv pul)_subpeak,,0,0,0,0,0,0,,,,,,,,,,
policy_coalcogenPhaseout_eu.xml,France,other industrial energy use,coal,coal cogen_grid,0,0,0,0,0,0,,,,,,,,,,
policy_coalPhaseout_eu.xml,Greece,base load generation,coal (IGCC)_base,,0,0,0,0,0,0,,,,,,,,,,
policy_coalPhaseout_eu.xml,Greece,base load generation,coal (conv pul)_base,,0,0,0,0,0,0,,,,,,,,,,
policy_coalPhaseout_eu.xml,Greece,intermediate generation,coal (IGCC)_int,,0,0,0,0,0,0,,,,,,,,,,
policy_coalPhaseout_eu.xml,Greece,intermediate generation,coal (conv pul)_int,,0,0,0,0,0,0,,,,,,,,,,
policy_coalPhaseout_eu.xml,Greece,peak generation,coal (IGCC)_peak,,0,0,0,0,0,0,,,,,,,,,,
policy_coalPhaseout_eu.xml,Greece,peak generation,coal (conv pul)_peak,,0,0,0,0,0,0,,,,,,,,,,
policy_coalPhaseout_eu.xml,Greece,subpeak generation,coal (IGCC)_subpeak,,0,0,0,0,0,0,,,,,,,,,,
policy_coalPhaseout_eu.xml,Greece,subpeak generation,coal (conv pul)_subpeak,,0,0,0,0,0,0,,,,,,,,,,
policy_coalcogenPhaseout_eu.xml,Greece,other industrial energy use,coal,coal cogen_grid,0,0,0,0,0,0,,,,,,,,,,
policy_coalPhaseout_eu.xml,Hungary,base load generation,coal (IGCC)_base,,0,0,0,0,0,0,,,,,,,,,,
policy_coalPhaseout_eu.xml,Hungary,base load generation,coal (conv pul)_base,,0,0,0,0,0,0,,,,,,,,,,
policy_coalPhaseout_eu.xml,Hungary,intermediate generation,coal (IGCC)_int,,0,0,0,0,0,0,,,,,,,,,,
policy_coalPhaseout_eu.xml,Hungary,intermediate generation,coal (conv pul)_int,,0,0,0,0,0,0,,,,,,,,,,
policy_coalPhaseout_eu.xml,Hungary,peak generation,coal (IGCC)_peak,,0,0,0,0,0,0,,,,,,,,,,
policy_coalPhaseout_eu.xml,Hungary,peak generation,coal (conv pul)_peak,,0,0,0,0,0,0,,,,,,,,,,
policy_coalPhaseout_eu.xml,Hungary,subpeak generation,coal (IGCC)_subpeak,,0,0,0,0,0,0,,,,,,,,,,
policy_coalPhaseout_eu.xml,Hungary,subpeak generation,coal (conv pul)_subpeak,,0,0,0,0,0,0,,,,,,,,,,
policy_coalcogenPhaseout_eu.xml,Hungary,other industrial energy use,coal,coal cogen_grid,0,0,0,0,0,0,,,,,,,,,,
policy_coalPhaseout_eu.xml,Ireland,base load generation,coal (IGCC)_base,,0,0,0,0,0,0,,,,,,,,,,
policy_coalPhaseout_eu.xml,Ireland,base load generation,coal (conv pul)_base,,0,0,0,0,0,0,,,,,,,,,,
policy_coalPhaseout_eu.xml,Ireland,intermediate generation,coal (IGCC)_int,,0,0,0,0,0,0,,,,,,,,,,
policy_coalPhaseout_eu.xml,Ireland,intermediate generation,coal (conv pul)_int,,0,0,0,0,0,0,,,,,,,,,,
policy_coalPhaseout_eu.xml,Ireland,peak generation,coal (IGCC)_peak,,0,0,0,0,0,0,,,,,,,,,,
policy_coalPhaseout_eu.xml,Ireland,peak generation,coal (conv pul)_peak,,0,0,0,0,0,0,,,,,,,,,,
policy_coalPhaseout_eu.xml,Ireland,subpeak generation,coal (IGCC)_subpeak,,0,0,0,0,0,0,,,,,,,,,,
policy_coalPhaseout_eu.xml,Ireland,subpeak generation,coal (conv pul)_subpeak,,0,0,0,0,0,0,,,,,,,,,,
policy_coalcogenPhaseout_eu.xml,Ireland,other industrial energy use,coal,coal cogen_grid,0,0,0,0,0,0,,,,,,,,,,
policy_coalPhaseout_eu.xml,Latvia,base load generation,coal (IGCC)_base,,0,0,0,0,0,0,,,,,,,,,,
policy_coalPhaseout_eu.xml,Latvia,base load generation,coal (conv pul)_base,,0,0,0,0,0,0,,,,,,,,,,
policy_coalPhaseout_eu.xml,Latvia,intermediate generation,coal (IGCC)_int,,0,0,0,0,0,0,,,,,,,,,,
policy_coalPhaseout_eu.xml,Latvia,intermediate generation,coal (conv pul)_int,,0,0,0,0,0,0,,,,,,,,,,
policy_coalPhaseout_eu.xml,Latvia,peak generation,coal (IGCC)_peak,,0,0,0,0,0,0,,,,,,,,,,
policy_coalPhaseout_eu.xml,Latvia,peak generation,coal (conv pul)_peak,,0,0,0,0,0,0,,,,,,,,,,
policy_coalPhaseout_eu.xml,Latvia,subpeak generation,coal (IGCC)_subpeak,,0,0,0,0,0,0,,,,,,,,,,
policy_coalPhaseout_eu.xml,Latvia,subpeak generation,coal (conv pul)_subpeak,,0,0,0,0,0,0,,,,,,,,,,
policy_coalcogenPhaseout_eu.xml,Latvia,other industrial energy use,coal,coal cogen_grid,0,0,0,0,0,0,,,,,,,,,,
policy_coalPhaseout_eu.xml,Italy,base load generation,coal (IGCC)_base,,0,0,0,0,0,0,,,,,,,,,,
policy_coalPhaseout_eu.xml,Italy,base load generation,coal (conv pul)_base,,0,0,0,0,0,0,,,,,,,,,,
policy_coalPhaseout_eu.xml,Italy,intermediate generation,coal (IGCC)_int,,0,0,0,0,0,0,,,,,,,,,,
policy_coalPhaseout_eu.xml,Italy,intermediate generation,coal (conv pul)_int,,0,0,0,0,0,0,,,,,,,,,,
policy_coalPhaseout_eu.xml,Italy,peak generation,coal (IGCC)_peak,,0,0,0,0,0,0,,,,,,,,,,
policy_coalPhaseout_eu.xml,Italy,peak generation,coal (conv pul)_peak,,0,0,0,0,0,0,,,,,,,,,,
policy_coalPhaseout_eu.xml,Italy,subpeak generation,coal (IGCC)_subpeak,,0,0,0,0,0,0,,,,,,,,,,
policy_coalPhaseout_eu.xml,Italy,subpeak generation,coal (conv pul)_subpeak,,0,0,0,0,0,0,,,,,,,,,,
policy_coalcogenPhaseout_eu.xml,Italy,other industrial energy use,coal,coal cogen_grid,0,0,0,0,0,0,,,,,,,,,,
policy_coalPhaseout_eu.xml,Lithuania,base load generation,coal (IGCC)_base,,0,0,0,0,0,0,,,,,,,,,,
policy_coalPhaseout_eu.xml,Lithuania,base load generation,coal (conv pul)_base,,0,0,0,0,0,0,,,,,,,,,,
policy_coalPhaseout_eu.xml,Lithuania,intermediate generation,coal (IGCC)_int,,0,0,0,0,0,0,,,,,,,,,,
policy_coalPhaseout_eu.xml,Lithuania,intermediate generation,coal (conv pul)_int,,0,0,0,0,0,0,,,,,,,,,,
policy_coalPhaseout_eu.xml,Lithuania,peak generation,coal (IGCC)_peak,,0,0,0,0,0,0,,,,,,,,,,
policy_coalPhaseout_eu.xml,Lithuania,peak generation,coal (conv pul)_peak,,0,0,0,0,0,0,,,,,,,,,,
policy_coalPhaseout_eu.xml,Lithuania,subpeak generation,coal (IGCC)_subpeak,,0,0,0,0,0,0,,,,,,,,,,
policy_coalPhaseout_eu.xml,Lithuania,subpeak generation,coal (conv pul)_subpeak,,0,0,0,0,0,0,,,,,,,,,,
policy_coalcogenPhaseout_eu.xml,Lithuania,other industrial energy use,coal,coal cogen_grid,0,0,0,0,0,0,,,,,,,,,,
policy_coalPhaseout_eu.xml,Luxembourg,base load generation,coal (IGCC)_base,,0,0,0,0,0,0,,,,,,,,,,
policy_coalPhaseout_eu.xml,Luxembourg,base load generation,coal (conv pul)_base,,0,0,0,0,0,0,,,,,,,,,,
policy_coalPhaseout_eu.xml,Luxembourg,intermediate generation,coal (IGCC)_int,,0,0,0,0,0,0,,,,,,,,,,
policy_coalPhaseout_eu.xml,Luxembourg,intermediate generation,coal (conv pul)_int,,0,0,0,0,0,0,,,,,,,,,,
policy_coalPhaseout_eu.xml,Luxembourg,peak generation,coal (IGCC)_peak,,0,0,0,0,0,0,,,,,,,,,,
policy_coalPhaseout_eu.xml,Luxembourg,peak generation,coal (conv pul)_peak,,0,0,0,0,0,0,,,,,,,,,,
policy_coalPhaseout_eu.xml,Luxembourg,subpeak generation,coal (IGCC)_subpeak,,0,0,0,0,0,0,,,,,,,,,,
policy_coalPhaseout_eu.xml,Luxembourg,subpeak generation,coal (conv pul)_subpeak,,0,0,0,0,0,0,,,,,,,,,,
policy_coalcogenPhaseout_eu.xml,Luxembourg,other industrial energy use,coal,coal cogen_grid,0,0,0,0,0,0,,,,,,,,,,
policy_coalPhaseout_eu.xml,Malta,base load generation,coal (IGCC)_base,,0,0,0,0,0,0,,,,,,,,,,
policy_coalPhaseout_eu.xml,Malta,base load generation,coal (conv pul)_base,,0,0,0,0,0,0,,,,,,,,,,
policy_coalPhaseout_eu.xml,Malta,intermediate generation,coal (IGCC)_int,,0,0,0,0,0,0,,,,,,,,,,
policy_coalPhaseout_eu.xml,Malta,intermediate generation,coal (conv pul)_int,,0,0,0,0,0,0,,,,,,,,,,
policy_coalPhaseout_eu.xml,Malta,peak generation,coal (IGCC)_peak,,0,0,0,0,0,0,,,,,,,,,,
policy_coalPhaseout_eu.xml,Malta,peak generation,coal (conv pul)_peak,,0,0,0,0,0,0,,,,,,,,,,
policy_coalPhaseout_eu.xml,Malta,subpeak generation,coal (IGCC)_subpeak,,0,0,0,0,0,0,,,,,,,,,,
policy_coalPhaseout_eu.xml,Malta,subpeak generation,coal (conv pul)_subpeak,,0,0,0,0,0,0,,,,,,,,,,
policy_coalcogenPhaseout_eu.xml,Malta,other industrial energy use,coal,coal cogen_grid,0,0,0,0,0,0,,,,,,,,,,
policy_coalPhaseout_eu.xml,Netherlands,base load generation,coal (IGCC)_base,,0,0,0,0,0,0,,,,,,,,,,
policy_coalPhaseout_eu.xml,Netherlands,base load generation,coal (conv pul)_base,,0,0,0,0,0,0,,,,,,,,,,
policy_coalPhaseout_eu.xml,Netherlands,intermediate generation,coal (IGCC)_int,,0,0,0,0,0,0,,,,,,,,,,
policy_coalPhaseout_eu.xml,Netherlands,intermediate generation,coal (conv pul)_int,,0,0,0,0,0,0,,,,,,,,,,
policy_coalPhaseout_eu.xml,Netherlands,peak generation,coal (IGCC)_peak,,0,0,0,0,0,0,,,,,,,,,,
policy_coalPhaseout_eu.xml,Netherlands,peak generation,coal (conv pul)_peak,,0,0,0,0,0,0,,,,,,,,,,
policy_coalPhaseout_eu.xml,Netherlands,subpeak generation,coal (IGCC)_subpeak,,0,0,0,0,0,0,,,,,,,,,,
policy_coalPhaseout_eu.xml,Netherlands,subpeak generation,coal (conv pul)_subpeak,,0,0,0,0,0,0,,,,,,,,,,
policy_coalcogenPhaseout_eu.xml,Netherlands,other industrial energy use,coal,coal cogen_grid,0,0,0,0,0,0,,,,,,,,,,
policy_coalPhaseout_eu.xml,Poland,base load generation,coal (IGCC)_base,,0,0,0,0,0,0,,,,,,,,,,
policy_coalPhaseout_eu.xml,Poland,base load generation,coal (conv pul)_base,,0,0,0,0,0,0,,,,,,,,,,
policy_coalPhaseout_eu.xml,Poland,intermediate generation,coal (IGCC)_int,,0,0,0,0,0,0,,,,,,,,,,
policy_coalPhaseout_eu.xml,Poland,intermediate generation,coal (conv pul)_int,,0,0,0,0,0,0,,,,,,,,,,
policy_coalPhaseout_eu.xml,Poland,peak generation,coal (IGCC)_peak,,0,0,0,0,0,0,,,,,,,,,,
policy_coalPhaseout_eu.xml,Poland,peak generation,coal (conv pul)_peak,,0,0,0,0,0,0,,,,,,,,,,
policy_coalPhaseout_eu.xml,Poland,subpeak generation,coal (IGCC)_subpeak,,0,0,0,0,0,0,,,,,,,,,,
policy_coalPhaseout_eu.xml,Poland,subpeak generation,coal (conv pul)_subpeak,,0,0,0,0,0,0,,,,,,,,,,
policy_coalcogenPhaseout_eu.xml,Poland,other industrial energy use,coal,coal cogen_grid,0,0,0,0,0,0,,,,,,,,,,
policy_coalPhaseout_eu.xml,Portugal,base load generation,coal (IGCC)_base,,0,0,0,0,0,0,,,,,,,,,,
policy_coalPhaseout_eu.xml,Portugal,base load generation,coal (conv pul)_base,,0,0,0,0,0,0,,,,,,,,,,
policy_coalPhaseout_eu.xml,Portugal,intermediate generation,coal (IGCC)_int,,0,0,0,0,0,0,,,,,,,,,,
policy_coalPhaseout_eu.xml,Portugal,intermediate generation,coal (conv pul)_int,,0,0,0,0,0,0,,,,,,,,,,
policy_coalPhaseout_eu.xml,Portugal,peak generation,coal (IGCC)_peak,,0,0,0,0,0,0,,,,,,,,,,
policy_coalPhaseout_eu.xml,Portugal,peak generation,coal (conv pul)_peak,,0,0,0,0,0,0,,,,,,,,,,
policy_coalPhaseout_eu.xml,Portugal,subpeak generation,coal (IGCC)_subpeak,,0,0,0,0,0,0,,,,,,,,,,
policy_coalPhaseout_eu.xml,Portugal,subpeak generation,coal (conv pul)_subpeak,,0,0,0,0,0,0,,,,,,,,,,
policy_coalcogenPhaseout_eu.xml,Portugal,other industrial energy use,coal,coal cogen_grid,0,0,0,0,0,0,,,,,,,,,,
policy_coalPhaseout_eu.xml,Romania,base load generation,coal (IGCC)_base,,0,0,0,0,0,0,,,,,,,,,,
policy_coalPhaseout_eu.xml,Romania,base load generation,coal (conv pul)_base,,0,0,0,0,0,0,,,,,,,,,,
policy_coalPhaseout_eu.xml,Romania,intermediate generation,coal (IGCC)_int,,0,0,0,0,0,0,,,,,,,,,,
policy_coalPhaseout_eu.xml,Romania,intermediate generation,coal (conv pul)_int,,0,0,0,0,0,0,,,,,,,,,,
policy_coalPhaseout_eu.xml,Romania,peak generation,coal (IGCC)_peak,,0,0,0,0,0,0,,,,,,,,,,
policy_coalPhaseout_eu.xml,Romania,peak generation,coal (conv pul)_peak,,0,0,0,0,0,0,,,,,,,,,,
policy_coalPhaseout_eu.xml,Romania,subpeak generation,coal (IGCC)_subpeak,,0,0,0,0,0,0,,,,,,,,,,
policy_coalPhaseout_eu.xml,Romania,subpeak generation,coal (conv pul)_subpeak,,0,0,0,0,0,0,,,,,,,,,,
policy_coalcogenPhaseout_eu.xml,Romania,other industrial energy use,coal,coal cogen_grid,0,0,0,0,0,0,,,,,,,,,,
policy_coalPhaseout_eu.xml,Slovakia,base load generation,coal (IGCC)_base,,0,0,0,0,0,0,,,,,,,,,,
policy_coalPhaseout_eu.xml,Slovakia,base load generation,coal (conv pul)_base,,0,0,0,0,0,0,,,,,,,,,,
policy_coalPhaseout_eu.xml,Slovakia,intermediate generation,coal (IGCC)_int,,0,0,0,0,0,0,,,,,,,,,,
policy_coalPhaseout_eu.xml,Slovakia,intermediate generation,coal (conv pul)_int,,0,0,0,0,0,0,,,,,,,,,,
policy_coalPhaseout_eu.xml,Slovakia,peak generation,coal (IGCC)_peak,,0,0,0,0,0,0,,,,,,,,,,
policy_coalPhaseout_eu.xml,Slovakia,peak generation,coal (conv pul)_peak,,0,0,0,0,0,0,,,,,,,,,,
policy_coalPhaseout_eu.xml,Slovakia,subpeak generation,coal (IGCC)_subpeak,,0,0,0,0,0,0,,,,,,,,,,
policy_coalPhaseout_eu.xml,Slovakia,subpeak generation,coal (conv pul)_subpeak,,0,0,0,0,0,0,,,,,,,,,,
policy_coalcogenPhaseout_eu.xml,Slovakia,other industrial energy use,coal,coal cogen_grid,0,0,0,0,0,0,,,,,,,,,,
policy_coalPhaseout_eu.xml,Slovenia,base load generation,coal (IGCC)_base,,0,0,0,0,0,0,,,,,,,,,,
policy_coalPhaseout_eu.xml,Slovenia,base load generation,coal (conv pul)_base,,0,0,0,0,0,0,,,,,,,,,,
policy_coalPhaseout_eu.xml,Slovenia,intermediate generation,coal (IGCC)_int,,0,0,0,0,0,0,,,,,,,,,,
policy_coalPhaseout_eu.xml,Slovenia,intermediate generation,coal (conv pul)_int,,0,0,0,0,0,0,,,,,,,,,,
policy_coalPhaseout_eu.xml,Slovenia,peak generation,coal (IGCC)_peak,,0,0,0,0,0,0,,,,,,,,,,
policy_coalPhaseout_eu.xml,Slovenia,peak generation,coal (conv pul)_peak,,0,0,0,0,0,0,,,,,,,,,,
policy_coalPhaseout_eu.xml,Slovenia,subpeak generation,coal (IGCC)_subpeak,,0,0,0,0,0,0,,,,,,,,,,
policy_coalPhaseout_eu.xml,Slovenia,subpeak generation,coal (conv pul)_subpeak,,0,0,0,0,0,0,,,,,,,,,,
policy_coalcogenPhaseout_eu.xml,Slovenia,other industrial energy use,coal,coal cogen_grid,0,0,0,0,0,0,,,,,,,,,,
policy_coalPhaseout_eu.xml,Spain,base load generation,coal (IGCC)_base,,0,0,0,0,0,0,,,,,,,,,,
policy_coalPhaseout_eu.xml,Spain,base load generation,coal (conv pul)_base,,0,0,0,0,0,0,,,,,,,,,,
policy_coalPhaseout_eu.xml,Spain,intermediate generation,coal (IGCC)_int,,0,0,0,0,0,0,,,,,,,,,,
policy_coalPhaseout_eu.xml,Spain,intermediate generation,coal (conv pul)_int,,0,0,0,0,0,0,,,,,,,,,,
policy_coalPhaseout_eu.xml,Spain,peak generation,coal (IGCC)_peak,,0,0,0,0,0,0,,,,,,,,,,
policy_coalPhaseout_eu.xml,Spain,peak generation,coal (conv pul)_peak,,0,0,0,0,0,0,,,,,,,,,,
policy_coalPhaseout_eu.xml,Spain,subpeak generation,coal (IGCC)_subpeak,,0,0,0,0,0,0,,,,,,,,,,
policy_coalPhaseout_eu.xml,Spain,subpeak generation,coal (conv pul)_subpeak,,0,0,0,0,0,0,,,,,,,,,,
policy_coalcogenPhaseout_eu.xml,Spain,other industrial energy use,coal,coal cogen_grid,0,0,0,0,0,0,,,,,,,,,,
policy_coalPhaseout_eu.xml,Sweden,base load generation,coal (IGCC)_base,,0,0,0,0,0,0,,,,,,,,,,
policy_coalPhaseout_eu.xml,Sweden,base load generation,coal (conv pul)_base,,0,0,0,0,0,0,,,,,,,,,,
policy_coalPhaseout_eu.xml,Sweden,intermediate generation,coal (IGCC)_int,,0,0,0,0,0,0,,,,,,,,,,
policy_coalPhaseout_eu.xml,Sweden,intermediate generation,coal (conv pul)_int,,0,0,0,0,0,0,,,,,,,,,,
policy_coalPhaseout_eu.xml,Sweden,peak generation,coal (IGCC)_peak,,0,0,0,0,0,0,,,,,,,,,,
policy_coalPhaseout_eu.xml,Sweden,peak generation,coal (conv pul)_peak,,0,0,0,0,0,0,,,,,,,,,,
policy_coalPhaseout_eu.xml,Sweden,subpeak generation,coal (IGCC)_subpeak,,0,0,0,0,0,0,,,,,,,,,,
policy_coalPhaseout_eu.xml,Sweden,subpeak generation,coal (conv pul)_subpeak,,0,0,0,0,0,0,,,,,,,,,,
policy_coalcogenPhaseout_eu.xml,Sweden,other industrial energy use,coal,coal cogen_grid,0,0,0,0,0,0,,,,,,,,,,
