,sector.name,subsector.name,intermittent.technology,year,input.capital,capital.overnight,fixed.charge.rate
1,elect_td_bld,rooftop_pv,rooftop_pv,1975,capital,1147,0.1
2,elect_td_bld,rooftop_pv,rooftop_pv,1990,capital,1147,0.1
3,elect_td_bld,rooftop_pv,rooftop_pv,2005,capital,1147,0.1
4,elect_td_bld,rooftop_pv,rooftop_pv,2010,capital,1147,0.1
5,elect_td_bld,rooftop_pv,rooftop_pv,2015,capital,1147,0.1
6,elect_td_bld,rooftop_pv,rooftop_pv,2021,capital,637,0.1
7,elect_td_bld,rooftop_pv,rooftop_pv,2025,capital,459,0.1
8,elect_td_bld,rooftop_pv,rooftop_pv,2030,capital,332,0.1
9,elect_td_bld,rooftop_pv,rooftop_pv,2035,capital,266,0.1
10,elect_td_bld,rooftop_pv,rooftop_pv,2040,capital,230,0.1
11,elect_td_bld,rooftop_pv,rooftop_pv,2045,capital,212,0.1
12,elect_td_bld,rooftop_pv,rooftop_pv,2050,capital,202,0.1
13,elect_td_bld,rooftop_pv,rooftop_pv,2055,capital,197,0.1
14,elect_td_bld,rooftop_pv,rooftop_pv,2060,capital,194,0.1
15,elect_td_bld,rooftop_pv,rooftop_pv,2065,capital,193,0.1
16,elect_td_bld,rooftop_pv,rooftop_pv,2070,capital,192,0.1
17,elect_td_bld,rooftop_pv,rooftop_pv,2075,capital,192,0.1
18,elect_td_bld,rooftop_pv,rooftop_pv,2080,capital,191,0.1
19,elect_td_bld,rooftop_pv,rooftop_pv,2085,capital,191,0.1
20,elect_td_bld,rooftop_pv,rooftop_pv,2090,capital,191,0.1
21,elect_td_bld,rooftop_pv,rooftop_pv,2095,capital,191,0.1
22,elect_td_bld,rooftop_pv,rooftop_pv,2100,capital,191,0.1
23,electricity,solar,CSP,1975,capital,1253,0.13
24,electricity,solar,CSP,1990,capital,1253,0.13
25,electricity,solar,CSP,2005,capital,1253,0.13
26,electricity,solar,CSP,2010,capital,1253,0.13
27,electricity,solar,CSP,2015,capital,1253,0.13
28,electricity,solar,CSP,2021,capital,925,0.13
29,electricity,solar,CSP,2025,capital,783,0.13
30,electricity,solar,CSP,2030,capital,666,0.13
31,electricity,solar,CSP,2035,capital,593,0.13
32,electricity,solar,CSP,2040,capital,547,0.13
33,electricity,solar,CSP,2045,capital,519,0.13
34,electricity,solar,CSP,2050,capital,501,0.13
35,electricity,solar,CSP,2055,capital,490,0.13
36,electricity,solar,CSP,2060,capital,483,0.13
37,electricity,solar,CSP,2065,capital,479,0.13
38,electricity,solar,CSP,2070,capital,476,0.13
39,electricity,solar,CSP,2075,capital,475,0.13
40,electricity,solar,CSP,2080,capital,474,0.13
41,electricity,solar,CSP,2085,capital,473,0.13
42,electricity,solar,CSP,2090,capital,473,0.13
43,electricity,solar,CSP,2095,capital,472,0.13
44,electricity,solar,CSP,2100,capital,472,0.13
45,electricity,solar,PV,1975,capital,551,0.13
46,electricity,solar,PV,1990,capital,551,0.13
47,electricity,solar,PV,2005,capital,551,0.13
48,electricity,solar,PV,2010,capital,551,0.13
49,electricity,solar,PV,2015,capital,551,0.13
50,electricity,solar,PV,2021,capital,323,0.13
51,electricity,solar,PV,2025,capital,255,0.13
52,electricity,solar,PV,2030,capital,205,0.13
53,electricity,solar,PV,2035,capital,177,0.13
54,electricity,solar,PV,2040,capital,162,0.13
55,electricity,solar,PV,2045,capital,153,0.13
56,electricity,solar,PV,2050,capital,148,0.13
57,electricity,solar,PV,2055,capital,145,0.13
58,electricity,solar,PV,2060,capital,144,0.13
59,electricity,solar,PV,2065,capital,143,0.13
60,electricity,solar,PV,2070,capital,143,0.13
61,electricity,solar,PV,2075,capital,142,0.13
62,electricity,solar,PV,2080,capital,142,0.13
63,electricity,solar,PV,2085,capital,142,0.13
64,electricity,solar,PV,2090,capital,142,0.13
65,electricity,solar,PV,2095,capital,142,0.13
66,electricity,solar,PV,2100,capital,142,0.13
67,electricity,wind,wind,1975,capital,493,0.13
68,electricity,wind,wind,1990,capital,493,0.13
69,electricity,wind,wind,2005,capital,493,0.13
70,electricity,wind,wind,2010,capital,493,0.13
71,electricity,wind,wind,2015,capital,493,0.13
72,electricity,wind,wind,2021,capital,354,0.13
73,electricity,wind,wind,2025,capital,297,0.13
74,electricity,wind,wind,2030,capital,250,0.13
75,electricity,wind,wind,2035,capital,221,0.13
76,electricity,wind,wind,2040,capital,203,0.13
77,electricity,wind,wind,2045,capital,192,0.13
78,electricity,wind,wind,2050,capital,185,0.13
79,electricity,wind,wind,2055,capital,181,0.13
80,electricity,wind,wind,2060,capital,178,0.13
81,electricity,wind,wind,2065,capital,176,0.13
82,electricity,wind,wind,2070,capital,175,0.13
83,electricity,wind,wind,2075,capital,174,0.13
84,electricity,wind,wind,2080,capital,174,0.13
85,electricity,wind,wind,2085,capital,174,0.13
86,electricity,wind,wind,2090,capital,174,0.13
87,electricity,wind,wind,2095,capital,173,0.13
88,electricity,wind,wind,2100,capital,173,0.13
89,electricity,wind,wind_offshore,1975,capital,1019,0.13
90,electricity,wind,wind_offshore,1990,capital,1019,0.13
91,electricity,wind,wind_offshore,2005,capital,1019,0.13
92,electricity,wind,wind_offshore,2010,capital,1019,0.13
93,electricity,wind,wind_offshore,2015,capital,1019,0.13
94,electricity,wind,wind_offshore,2021,capital,660,0.13
95,electricity,wind,wind_offshore,2025,capital,579,0.13
96,electricity,wind,wind_offshore,2030,capital,510,0.13
97,electricity,wind,wind_offshore,2035,capital,464,0.13
98,electricity,wind,wind_offshore,2040,capital,434,0.13
99,electricity,wind,wind_offshore,2045,capital,415,0.13
100,electricity,wind,wind_offshore,2050,capital,401,0.13
101,electricity,wind,wind_offshore,2055,capital,393,0.13
102,electricity,wind,wind_offshore,2060,capital,387,0.13
103,electricity,wind,wind_offshore,2065,capital,383,0.13
104,electricity,wind,wind_offshore,2070,capital,381,0.13
105,electricity,wind,wind_offshore,2075,capital,379,0.13
106,electricity,wind,wind_offshore,2080,capital,378,0.13
107,electricity,wind,wind_offshore,2085,capital,378,0.13
108,electricity,wind,wind_offshore,2090,capital,377,0.13
109,electricity,wind,wind_offshore,2095,capital,377,0.13
110,electricity,wind,wind_offshore,2100,capital,377,0.13
