# File: policy_tech_mappings.csv,,,
# Title: Policy technology mapping,,,
# Units: NA,,,
# Column types: cccc,,,
# ----------,,,
tech_mapping,supplysector,subsector,stub.technology
BIODIESEL,refining,biomass liquids,FT biofuels
BIODIESEL,refining,biomass liquids,FT biofuels CCS level 1
BIODIESEL,refining,biomass liquids,FT biofuels CCS level 2
BIODIESEL,refining,biomass liquids,biodiesel
BIOFUEL_ADV,refining,biomass liquids,cellulosic ethanol
BIOFUEL_ADV,refining,biomass liquids,cellulosic ethanol CCS level 1
BIOFUEL_ADV,refining,biomass liquids,cellulosic ethanol CCS level 2
BIOFUEL_ADV,refining,biomass liquids,FT biofuels
BIOFUEL_ADV,refining,biomass liquids,FT biofuels CCS level 1
BIOFUEL_ADV,refining,biomass liquids,FT biofuels CCS level 2
BIOFUEL_ADV,refining,biomass liquids,BTL with hydrogen
BIOFUEL_ALL,refining,biomass liquids,cellulosic ethanol
BIOFUEL_ALL,refining,biomass liquids,cellulosic ethanol CCS level 1
BIOFUEL_ALL,refining,biomass liquids,cellulosic ethanol CCS level 2
BIOFUEL_ALL,refining,biomass liquids,FT biofuels
BIOFUEL_ALL,refining,biomass liquids,FT biofuels CCS level 1
BIOFUEL_ALL,refining,biomass liquids,FT biofuels CCS level 2
BIOFUEL_ALL,refining,biomass liquids,corn ethanol
BIOFUEL_ALL,refining,biomass liquids,sugar cane ethanol
BIOFUEL_ALL,refining,biomass liquids,biodiesel
BIOFUEL_ALL,refining,biomass liquids,BTL with hydrogen
BIOFUEL_ALL_PLUS_H2,refining,biomass liquids,cellulosic ethanol
BIOFUEL_ALL_PLUS_H2,refining,biomass liquids,cellulosic ethanol CCS level 1
BIOFUEL_ALL_PLUS_H2,refining,biomass liquids,cellulosic ethanol CCS level 2
BIOFUEL_ALL_PLUS_H2,refining,biomass liquids,FT biofuels
BIOFUEL_ALL_PLUS_H2,refining,biomass liquids,FT biofuels CCS level 1
BIOFUEL_ALL_PLUS_H2,refining,biomass liquids,FT biofuels CCS level 2
BIOFUEL_ALL_PLUS_H2,refining,biomass liquids,corn ethanol
BIOFUEL_ALL_PLUS_H2,refining,biomass liquids,sugar cane ethanol
BIOFUEL_ALL_PLUS_H2,refining,biomass liquids,biodiesel
BIOFUEL_ALL_PLUS_H2,refining,biomass liquids,BTL with hydrogen
BIOFUEL_ALL_PLUS_H2,H2 wholesale dispensing,H2 delivery,H2 liquid truck
BIOFUEL_ALL_PLUS_H2,H2 wholesale dispensing,H2 delivery,H2 pipeline
BIOFUEL_ALL_PLUS_H2,H2 wholesale dispensing,forecourt production,electrolysis
BIOFUEL_ALL_PLUS_H2,H2 wholesale dispensing,forecourt production,natural gas steam reforming
BIOFUEL_FOODFEED,refining,biomass liquids,corn ethanol
BIOFUEL_FOODFEED,refining,biomass liquids,sugar cane ethanol
BIOFUEL_FOODFEED,refining,biomass liquids,biodiesel
BIOFUEL_NODIESEL,refining,biomass liquids,cellulosic ethanol
BIOFUEL_NODIESEL,refining,biomass liquids,cellulosic ethanol CCS level 1
BIOFUEL_NODIESEL,refining,biomass liquids,cellulosic ethanol CCS level 2
BIOFUEL_NODIESEL,refining,biomass liquids,corn ethanol
BIOFUEL_NODIESEL,refining,biomass liquids,sugar cane ethanol
BIOFUEL_NODIESEL,refining,biomass liquids,BTL with hydrogen
CELLULOSIC_ETHANOL,refining,biomass liquids,cellulosic ethanol
CELLULOSIC_ETHANOL,refining,biomass liquids,cellulosic ethanol CCS level 1
CELLULOSIC_ETHANOL,refining,biomass liquids,cellulosic ethanol CCS level 2
COAL_IND,delivered coal industry,delivered coal industry,delivered coal industry
ELEC_BIO,electricity,biomass,biomass (conv)
ELEC_BIO,electricity,biomass,biomass (IGCC)
ELEC_BIO,electricity,biomass,biomass (conv CCS)
ELEC_COAL_NO_CCS,electricity,coal,coal (conv pul)
ELEC_COAL_NO_CCS,electricity,coal,coal (IGCC)
ELEC_GEO,electricity,geothermal,geothermal
ELEC_NUCLEAR,electricity,nuclear,Gen_III
ELEC_NUCLEAR,electricity,nuclear,Gen_II_LWR
ELEC_PV,electricity,solar,PV
ELEC_PV,electricity,solar,PV_storage
ELEC_PV,elect_td_bld,rooftop_pv,rooftop_pv
ELEC_RES,elect_td_bld,elect_td_bld,elect_td_bld
ELEC_RES,elect_td_en,elect_td_en,elect_td_en
ELEC_RES,elect_td_h2,elect_td_h2,elect_td_h2
ELEC_RES,elect_td_ind,elect_td_ind,elect_td_ind
ELEC_RES,elect_td_trn,elect_td_trn,elect_td_trn
ELEC_RES_CHINA,elect_td_bld,elect_td_bld,elect_td_bld
ELEC_RES_CHINA,elect_td_bld,rooftop_pv,rooftop_pv
ELEC_RES_CHINA,elect_td_en,elect_td_en,elect_td_en
ELEC_RES_CHINA,elect_td_h2,elect_td_h2,elect_td_h2
ELEC_RES_CHINA,elect_td_ind,elect_td_ind,elect_td_ind
ELEC_RES_CHINA,elect_td_trn,elect_td_trn,elect_td_trn
ELEC_ROOFTOP_PV,elect_td_bld,rooftop_pv,rooftop_pv
ELEC_SOLAR_ALL,electricity,solar,PV
ELEC_SOLAR_ALL,electricity,solar,PV_storage
ELEC_SOLAR_ALL,electricity,solar,CSP
ELEC_SOLAR_ALL,electricity,solar,CSP_storage
ELEC_SOLAR_ALL,elect_td_bld,rooftop_pv,rooftop_pv
ELEC_WIND_ALL,electricity,wind,wind
ELEC_WIND_ALL,electricity,wind,wind_storage
ELEC_WIND_ALL,electricity,wind,wind_offshore
ELEC_WIND_OFFSHORE,electricity,wind,wind_offshore
ELEC_WIND_ONSHORE,electricity,wind,wind
ELEC_WIND_ONSHORE,electricity,wind,wind_storage
ELEC_NON_RENEWABLE,electricity,coal,coal (IGCC)
ELEC_NON_RENEWABLE,electricity,coal,coal (conv pul)
ELEC_NON_RENEWABLE,electricity,gas,gas (CC)
ELEC_NON_RENEWABLE,electricity,gas,gas (steam/CT)
ELEC_NON_RENEWABLE,electricity,refined liquids,refined liquids (CC)
ELEC_NON_RENEWABLE,electricity,refined liquids,refined liquids (steam/CT)
ELEC_NON_RENEWABLE,electricity,nuclear,Gen_III
ELEC_NON_RENEWABLE,electricity,nuclear,Gen_II_LWR
ELEC_RENEWABLE,electricity,biomass,biomass (IGCC)
ELEC_RENEWABLE,electricity,biomass,biomass (conv)
ELEC_RENEWABLE,elect_td_bld,rooftop_pv,rooftop_pv
ELEC_RENEWABLE,electricity,solar,CSP
ELEC_RENEWABLE,electricity,solar,CSP_storage
ELEC_RENEWABLE,electricity,solar,PV
ELEC_RENEWABLE,electricity,solar,PV_storage
ELEC_RENEWABLE,electricity,wind,wind
ELEC_RENEWABLE,electricity,wind,wind_offshore
ELEC_RENEWABLE,electricity,wind,wind_storage
ELEC_RENEWABLE,electricity,geothermal,geothermal
ELEC_RENEWABLE,electricity,hydro,hydro
EN_CARRIER_ELEC,electricity,hydro,hydro
EN_CARRIER_ELEC,electricity,wind,wind
EN_CARRIER_ELEC,electricity,wind,wind_offshore
EN_CARRIER_ELEC,electricity,wind,wind_storage
EN_CARRIER_ELEC,electricity,solar,PV
EN_CARRIER_ELEC,electricity,solar,PV_storage
EN_CARRIER_ELEC,elec_geothermal,geothermal,geothermal (recirculating)
EN_CARRIER_ELEC,elec_geothermal,geothermal,geothermal (dry_hybrid)
EN_CARRIER_ELEC,elec_CSP,CSP,CSP (recirculating)
EN_CARRIER_ELEC,elec_CSP,CSP,CSP (dry_hybrid)
EN_CARRIER_ELEC,elec_CSP_storage,CSP_storage,CSP_storage (recirculating)
EN_CARRIER_ELEC,elec_CSP_storage,CSP_storage,CSP_storage (dry_hybrid)
EN_CARRIER_ELEC,elec_biomass (conv),biomass (conv),biomass (conv) (once through)
EN_CARRIER_ELEC,elec_biomass (conv),biomass (conv),biomass (conv) (seawater)
EN_CARRIER_ELEC,elec_biomass (conv),biomass (conv),biomass (conv) (recirculating)
EN_CARRIER_ELEC,elec_biomass (conv),biomass (conv),biomass (conv) (cooling pond)
EN_CARRIER_ELEC,elec_biomass (conv),biomass (conv),biomass (conv) (dry cooling)
EN_CARRIER_ELEC,elec_biomass (IGCC),biomass (IGCC),biomass (IGCC) (once through)
EN_CARRIER_ELEC,elec_biomass (IGCC),biomass (IGCC),biomass (IGCC) (seawater)
EN_CARRIER_ELEC,elec_biomass (IGCC),biomass (IGCC),biomass (IGCC) (recirculating)
EN_CARRIER_ELEC,elec_biomass (IGCC),biomass (IGCC),biomass (IGCC) (dry cooling)
EN_CARRIER_ELEC,elec_biomass (conv CCS),biomass (conv CCS),biomass (conv CCS) (once through)
EN_CARRIER_ELEC,elec_biomass (conv CCS),biomass (conv CCS),biomass (conv CCS) (seawater)
EN_CARRIER_ELEC,elec_biomass (conv CCS),biomass (conv CCS),biomass (conv CCS) (recirculating)
EN_CARRIER_ELEC,elec_biomass (conv CCS),biomass (conv CCS),biomass (conv CCS) (dry cooling)
EN_CARRIER_ELEC,elec_biomass (IGCC CCS),biomass (IGCC CCS),biomass (IGCC CCS) (once through)
EN_CARRIER_ELEC,elec_biomass (IGCC CCS),biomass (IGCC CCS),biomass (IGCC CCS) (seawater)
EN_CARRIER_ELEC,elec_biomass (IGCC CCS),biomass (IGCC CCS),biomass (IGCC CCS) (recirculating)
EN_CARRIER_ELEC,elec_biomass (IGCC CCS),biomass (IGCC CCS),biomass (IGCC CCS) (dry cooling)
EN_CARRIER_ELEC_NF,electricity,hydro,hydro
EN_CARRIER_ELEC_NF,electricity,wind,wind
EN_CARRIER_ELEC_NF,electricity,wind,wind_offshore
EN_CARRIER_ELEC_NF,electricity,wind,wind_storage
EN_CARRIER_ELEC_NF,electricity,solar,PV
EN_CARRIER_ELEC_NF,electricity,solar,PV_storage
EN_CARRIER_ELEC_NF,elec_geothermal,geothermal,geothermal (recirculating)
EN_CARRIER_ELEC_NF,elec_geothermal,geothermal,geothermal (dry_hybrid)
EN_CARRIER_ELEC_NF,elec_CSP,CSP,CSP (recirculating)
EN_CARRIER_ELEC_NF,elec_CSP,CSP,CSP (dry_hybrid)
EN_CARRIER_ELEC_NF,elec_CSP_storage,CSP_storage,CSP_storage (recirculating)
EN_CARRIER_ELEC_NF,elec_CSP_storage,CSP_storage,CSP_storage (dry_hybrid)
EN_CARRIER_ELEC_NF,elec_biomass (conv),biomass (conv),biomass (conv) (once through)
EN_CARRIER_ELEC_NF,elec_biomass (conv),biomass (conv),biomass (conv) (seawater)
EN_CARRIER_ELEC_NF,elec_biomass (conv),biomass (conv),biomass (conv) (recirculating)
EN_CARRIER_ELEC_NF,elec_biomass (conv),biomass (conv),biomass (conv) (cooling pond)
EN_CARRIER_ELEC_NF,elec_biomass (conv),biomass (conv),biomass (conv) (dry cooling)
EN_CARRIER_ELEC_NF,elec_biomass (IGCC),biomass (IGCC),biomass (IGCC) (once through)
EN_CARRIER_ELEC_NF,elec_biomass (IGCC),biomass (IGCC),biomass (IGCC) (seawater)
EN_CARRIER_ELEC_NF,elec_biomass (IGCC),biomass (IGCC),biomass (IGCC) (recirculating)
EN_CARRIER_ELEC_NF,elec_biomass (IGCC),biomass (IGCC),biomass (IGCC) (dry cooling)
EN_CARRIER_ELEC_NF,elec_biomass (conv CCS),biomass (conv CCS),biomass (conv CCS) (once through)
EN_CARRIER_ELEC_NF,elec_biomass (conv CCS),biomass (conv CCS),biomass (conv CCS) (seawater)
EN_CARRIER_ELEC_NF,elec_biomass (conv CCS),biomass (conv CCS),biomass (conv CCS) (recirculating)
EN_CARRIER_ELEC_NF,elec_biomass (conv CCS),biomass (conv CCS),biomass (conv CCS) (dry cooling)
EN_CARRIER_ELEC_NF,elec_biomass (IGCC CCS),biomass (IGCC CCS),biomass (IGCC CCS) (once through)
EN_CARRIER_ELEC_NF,elec_biomass (IGCC CCS),biomass (IGCC CCS),biomass (IGCC CCS) (seawater)
EN_CARRIER_ELEC_NF,elec_biomass (IGCC CCS),biomass (IGCC CCS),biomass (IGCC CCS) (recirculating)
EN_CARRIER_ELEC_NF,elec_biomass (IGCC CCS),biomass (IGCC CCS),biomass (IGCC CCS) (dry cooling)
EN_CARRIER_ELEC_NF,elec_Gen_III,Gen_III,Gen_III (cooling pond)
EN_CARRIER_ELEC_NF,elec_Gen_III,Gen_III,Gen_III (once through)
EN_CARRIER_ELEC_NF,elec_Gen_III,Gen_III,Gen_III (recirculating)
EN_CARRIER_ELEC_NF,elec_Gen_III,Gen_III,Gen_III (seawater)
EN_CARRIER_ELEC_NF,elec_Gen_II_LWR,Gen_II_LWR,Gen_II_LWR (cooling pond)
EN_CARRIER_ELEC_NF,elec_Gen_II_LWR,Gen_II_LWR,Gen_II_LWR (once through)
EN_CARRIER_ELEC_NF,elec_Gen_II_LWR,Gen_II_LWR,Gen_II_LWR (recirculating)
EN_CARRIER_ELEC_NF,elec_Gen_II_LWR,Gen_II_LWR,Gen_II_LWR (seawater)
EN_CARRIER_FUEL,H2 central production,biomass,biomass to H2
EN_CARRIER_FUEL,H2 central production,biomass,biomass to H2 CCS
EN_CARRIER_FUEL,H2 central production,wind,electrolysis
EN_CARRIER_FUEL,H2 central production,solar,electrolysis
EN_CARRIER_FUEL,refining,biomass liquids,cellulosic ethanol
EN_CARRIER_FUEL,refining,biomass liquids,cellulosic ethanol CCS level 1
EN_CARRIER_FUEL,refining,biomass liquids,cellulosic ethanol CCS level 2
EN_CARRIER_FUEL,refining,biomass liquids,FT biofuels
EN_CARRIER_FUEL,refining,biomass liquids,FT biofuels CCS level 1
EN_CARRIER_FUEL,refining,biomass liquids,FT biofuels CCS level 2
EN_CARRIER_FUEL,refining,biomass liquids,corn ethanol
EN_CARRIER_FUEL,refining,biomass liquids,biodiesel
EN_CARRIER_FUEL,refining,biomass liquids,BTL with hydrogen
EN_CARRIER_FUEL,refining,biomass liquids,sugar cane ethanol
EN_CARRIER_FUEL,gas processing,biomass gasification,biomass gasification
FE_EED_noDH,delivered biomass,delivered biomass,delivered biomass
FE_EED_noDH,delivered coal,delivered coal,delivered coal
FE_EED_noDH,delivered biomass industry,delivered biomass industry,delivered biomass industry
FE_EED_noDH,delivered coal industry,delivered coal industry,delivered coal industry
FE_EED_noDH,wholesale gas,wholesale gas,wholesale gas
FE_EED_noDH,delivered gas,delivered gas,delivered gas
FE_EED_noDH,delivered gas transport,delivered gas transport,delivered gas transport
FE_EED_noDH,refined liquids enduse,refined liquids enduse,refined liquids enduse
FE_EED_noDH,refined liquids transport,refined liquids transport,refined liquids transport
FE_EED_noDH,refined liquids industrial,refined liquids industrial,refined liquids industrial
FE_EED_noDH,H2 retail delivery,H2 retail delivery,H2 retail delivery
FE_EED_noDH,H2 retail dispensing,H2 retail dispensing,H2 retail dispensing
FE_EED_noDH,H2 wholesale delivery,H2 liquid truck,H2 liquid truck
FE_EED_noDH,H2 wholesale delivery,H2 pipeline,H2 pipeline
FE_EED_noDH,H2 wholesale dispensing,H2 delivery,H2 liquid truck
FE_EED_noDH,H2 wholesale dispensing,H2 delivery,H2 pipeline
FE_EED_noDH,H2 wholesale dispensing,forecourt production,electrolysis
FE_EED_noDH,H2 wholesale dispensing,forecourt production,natural gas steam reforming
FE_EED_noDH,elect_td_bld,elect_td_bld,elect_td_bld
FE_EED_noDH,elect_td_ind,elect_td_ind,elect_td_ind
FE_EED_noDH,elect_td_trn,elect_td_trn,elect_td_trn
FE_NO_PV,delivered biomass,delivered biomass,delivered biomass
FE_NO_PV,delivered coal,delivered coal,delivered coal
FE_NO_PV,delivered biomass industry,delivered biomass industry,delivered biomass industry
FE_NO_PV,delivered coal industry,delivered coal industry,delivered coal industry
FE_NO_PV,wholesale gas,wholesale gas,wholesale gas
FE_NO_PV,delivered gas,delivered gas,delivered gas
FE_NO_PV,delivered gas transport,delivered gas transport,delivered gas transport
FE_NO_PV,refined liquids enduse,refined liquids enduse,refined liquids enduse
FE_NO_PV,refined liquids transport,refined liquids transport,refined liquids transport
FE_NO_PV,refined liquids industrial,refined liquids industrial,refined liquids industrial
FE_NO_PV,H2 wholesale delivery,H2 liquid truck,H2 liquid truck
FE_NO_PV,H2 wholesale delivery,H2 pipeline,H2 pipeline
FE_NO_PV,H2 industrial,onsite production,electrolysis
FE_NO_PV,H2 wholesale dispensing,H2 delivery,H2 liquid truck
FE_NO_PV,H2 wholesale dispensing,H2 delivery,H2 pipeline
FE_NO_PV,H2 wholesale dispensing,forecourt production,electrolysis
FE_NO_PV,H2 wholesale dispensing,forecourt production,natural gas steam reforming
FE_NO_PV,elect_td_bld,elect_td_bld,elect_td_bld
FE_NO_PV,elect_td_ind,elect_td_ind,elect_td_ind
FE_NO_PV,elect_td_trn,elect_td_trn,elect_td_trn
FEEDSTOCKS_BUNKERS,chemical feedstocks,gas,gas
FEEDSTOCKS_BUNKERS,chemical feedstocks,refined liquids,refined liquids
FEEDSTOCKS_BUNKERS,construction feedstocks,refined liquids,refined liquids
FEEDSTOCKS_BUNKERS,other industrial feedstocks,coal,coal
FEEDSTOCKS_BUNKERS,other industrial feedstocks,refined liquids,refined liquids
FEEDSTOCKS_BUNKERS,refined liquids bunkers,refined liquids bunkers,refined liquids bunkers
FEEDSTOCKSRL,refined liquids feedstocks,refined liquids feedstocks,refined liquids feedstocks
GREEN_H2,H2 central production,biomass,biomass to H2
GREEN_H2,H2 central production,biomass,biomass to H2 CCS
GREEN_H2,H2 central production,wind,electrolysis
GREEN_H2,H2 central production,solar,electrolysis
GREEN_H2_ELECTROLYSIS,H2 central production,biomass,biomass to H2
GREEN_H2_ELECTROLYSIS,H2 central production,biomass,biomass to H2 CCS
GREEN_H2_ELECTROLYSIS,H2 central production,electricity,electrolysis
GREEN_H2_ELECTROLYSIS,H2 central production,wind,electrolysis
GREEN_H2_ELECTROLYSIS,H2 central production,solar,electrolysis
GREEN_H2_ELECTROLYSIS,H2 industrial,onsite production,electrolysis
GREEN_H2_ELECTROLYSIS,H2 wholesale dispensing,forecourt production,electrolysis
H2_ALL,H2 central production,coal,coal chemical
H2_ALL,H2 central production,coal,coal chemical CCS
H2_ALL,H2 central production,gas,natural gas steam reforming
H2_ALL,H2 central production,gas,gas ATR CCS
H2_ALL,H2 central production,biomass,biomass to H2
H2_ALL,H2 central production,biomass,biomass to H2 CCS
H2_ALL,H2 central production,nuclear,electrolysis
H2_ALL,H2 central production,electricity,electrolysis
H2_ALL,H2 central production,wind,electrolysis
H2_ALL,H2 central production,solar,electrolysis
H2_ALL,H2 industrial,onsite production,electrolysis
H2_ALL,H2 wholesale dispensing,forecourt production,natural gas steam reforming
H2_ALL,H2 wholesale dispensing,forecourt production,electrolysis
H2_NOGREEN,H2 central production,coal,coal chemical
H2_NOGREEN,H2 central production,coal,coal chemical CCS
H2_NOGREEN,H2 central production,gas,natural gas steam reforming
H2_NOGREEN,H2 central production,gas,gas ATR CCS
H2_NOGREEN,H2 central production,nuclear,electrolysis
H2_NOGREEN,H2 central production,electricity,electrolysis
H2_NOGREEN,H2 industrial,onsite production,electrolysis
H2_NOGREEN,H2 wholesale dispensing,forecourt production,natural gas steam reforming
H2_NOGREEN,H2 wholesale dispensing,forecourt production,electrolysis
IND_EN,elect_td_ind,elect_td_ind,elect_td_ind
IND_EN,refined liquids industrial,refined liquids industrial,refined liquids industrial
IND_EN,delivered coal industry,delivered coal industry,delivered coal industry
IND_EN,wholesale gas,wholesale gas,wholesale gas
IND_EN,delivered biomass industry,delivered biomass industry,delivered biomass industry
IND_EN,H2 industrial,H2 delivery,H2 delivery
IND_EN,H2 industrial,onsite production,electrolysis
PRIMARY_ENERGY,regional biomass,regional biomass,regional biomass
PRIMARY_ENERGY,regional coal,domestic coal,domestic coal
PRIMARY_ENERGY,regional coal,imported coal,imported coal
PRIMARY_ENERGY,gas processing,natural gas,natural gas
PRIMARY_ENERGY,H2 central production,gas,natural gas steam reforming
PRIMARY_ENERGY,refining,gas to liquids,gas to liquids
PRIMARY_ENERGY,regional oil,domestic crude oil,domestic crude oil
PRIMARY_ENERGY,regional oil,imported crude oil,imported crude oil
PRIMARY_ENERGY,regional biomassOil,regional biomassOil,Soybean
PRIMARY_ENERGY,regional biomassOil,regional biomassOil,OilCrop
PRIMARY_ENERGY,regional biomassOil,regional biomassOil,OilPalm
PRIMARY_ENERGY,regional corn for ethanol,regional corn for ethanol,regional corn for ethanol
PRIMARY_ENERGY,regional sugar for ethanol,regional sugar for ethanol,regional sugar for ethanol
PRIMARY_ENERGY,elec_CSP,CSP,CSP (dry_hybrid)
PRIMARY_ENERGY,elec_CSP,CSP,CSP (recirculating)
PRIMARY_ENERGY,elec_CSP_storage,CSP_storage,CSP_storage (dry_hybrid)
PRIMARY_ENERGY,elec_CSP_storage,CSP_storage,CSP_storage (recirculating)
PRIMARY_ENERGY,elec_Gen_III,Gen_III,Gen_III (cooling pond)
PRIMARY_ENERGY,elec_Gen_III,Gen_III,Gen_III (once through)
PRIMARY_ENERGY,elec_Gen_III,Gen_III,Gen_III (recirculating)
PRIMARY_ENERGY,elec_Gen_III,Gen_III,Gen_III (seawater)
PRIMARY_ENERGY,elec_Gen_II_LWR,Gen_II_LWR,Gen_II_LWR (cooling pond)
PRIMARY_ENERGY,elec_Gen_II_LWR,Gen_II_LWR,Gen_II_LWR (once through)
PRIMARY_ENERGY,elec_Gen_II_LWR,Gen_II_LWR,Gen_II_LWR (recirculating)
PRIMARY_ENERGY,elec_Gen_II_LWR,Gen_II_LWR,Gen_II_LWR (seawater)
PRIMARY_ENERGY,elec_geothermal,geothermal,geothermal (dry_hybrid)
PRIMARY_ENERGY,elec_geothermal,geothermal,geothermal (recirculating)
PRIMARY_ENERGY,elect_td_bld,rooftop_pv,rooftop_pv
PRIMARY_ENERGY,electricity,hydro,hydro
PRIMARY_ENERGY,electricity,solar,PV
PRIMARY_ENERGY,electricity,solar,PV_storage
PRIMARY_ENERGY,electricity,wind,wind
PRIMARY_ENERGY,electricity,wind,wind_offshore
PRIMARY_ENERGY,electricity,wind,wind_storage
PRIMARY_ENERGY,H2 central production,solar,electrolysis
PRIMARY_ENERGY,H2 central production,wind,electrolysis
PRIMARY_ENERGY,H2 central production,nuclear,electrolysis
PRIMARY_ENERGY_FOSSIL,regional coal,domestic coal,domestic coal
PRIMARY_ENERGY_FOSSIL,regional coal,imported coal,imported coal
PRIMARY_ENERGY_FOSSIL,gas processing,natural gas,natural gas
PRIMARY_ENERGY_FOSSIL,regional oil,domestic crude oil,domestic crude oil
PRIMARY_ENERGY_FOSSIL,regional oil,imported crude oil,imported crude oil
PRIMARY_ENERGY_FOSSIL,H2 central production,gas,natural gas steam reforming
REF_LIQ_TRN,refined liquids transport,refined liquids transport,refined liquids transport
REF_LIQ_TRN_BUNKERS,refined liquids transport,refined liquids transport,refined liquids transport
REF_LIQ_TRN_BUNKERS,refined liquids bunkers,refined liquids bunkers,refined liquids bunkers
REG_NAT_GAS,regional natural gas,domestic natural gas,domestic natural gas
REG_NAT_GAS,regional natural gas,imported natural gas,imported natural gas
RESID,resid cooling,electricity,electricity
RESID,resid heating,electricity,electricity
RESID,resid heating,biomass,biomass
RESID,resid heating,coal,coal
RESID,resid heating,gas,gas
RESID,resid heating,gas,hydrogen
RESID,resid heating,refined liquids,refined liquids
RESID,resid heating,district heat,district heat
RESID,resid others,electricity,electricity
RESID,resid others,biomass,biomass
RESID,resid others,coal,coal
RESID,resid others,gas,gas
RESID,resid others,gas,hydrogen
RESID,resid others,refined liquids,refined liquids
RESID,resid others,district heat,district heat
RESID_ELEC,resid cooling,electricity,electricity
RESID_ELEC,resid heating,electricity,electricity
RESID_ELEC,resid others,electricity,electricity
ROOFTOP_PV,elect_td_bld,rooftop_pv,rooftop_pv
TPES_BIO,regional biomass,regional biomass,regional biomass
TPES_BIO,regional biomassOil,regional biomassOil,Soybean
TPES_BIO,regional biomassOil,regional biomassOil,OilCrop
TPES_BIO,regional biomassOil,regional biomassOil,OilPalm
TPES_BIO,regional sugar for ethanol,regional sugar for ethanol,regional sugar for ethanol
TPES_BIO,regional corn for ethanol,regional corn for ethanol,regional corn for ethanol
TPES_CHINA,elec_CSP,CSP,CSP (dry_hybrid)
TPES_CHINA,elec_CSP,CSP,CSP (recirculating)
TPES_CHINA,elec_CSP_storage,CSP_storage,CSP_storage (dry_hybrid)
TPES_CHINA,elec_CSP_storage,CSP_storage,CSP_storage (recirculating)
TPES_CHINA,elec_Gen_III,Gen_III,Gen_III (cooling pond)
TPES_CHINA,elec_Gen_III,Gen_III,Gen_III (once through)
TPES_CHINA,elec_Gen_III,Gen_III,Gen_III (recirculating)
TPES_CHINA,elec_Gen_III,Gen_III,Gen_III (seawater)
TPES_CHINA,elec_Gen_II_LWR,Gen_II_LWR,Gen_II_LWR (cooling pond)
TPES_CHINA,elec_Gen_II_LWR,Gen_II_LWR,Gen_II_LWR (once through)
TPES_CHINA,elec_Gen_II_LWR,Gen_II_LWR,Gen_II_LWR (recirculating)
TPES_CHINA,elec_Gen_II_LWR,Gen_II_LWR,Gen_II_LWR (seawater)
TPES_CHINA,elec_geothermal,geothermal,geothermal (dry_hybrid)
TPES_CHINA,elec_geothermal,geothermal,geothermal (recirculating)
TPES_CHINA,elect_td_bld,rooftop_pv,rooftop_pv
TPES_CHINA,electricity,hydro,hydro
TPES_CHINA,electricity,solar,PV
TPES_CHINA,electricity,solar,PV_storage
TPES_CHINA,electricity,wind,wind
TPES_CHINA,electricity,wind,wind_offshore
TPES_CHINA,electricity,wind,wind_storage
TPES_CHINA,chemical feedstocks,gas,gas
TPES_CHINA,chemical feedstocks,refined liquids,refined liquids
TPES_CHINA,construction feedstocks,refined liquids,refined liquids
TPES_CHINA,other industrial feedstocks,coal,coal
TPES_CHINA,other industrial feedstocks,refined liquids,refined liquids
TPES_CHINA,refined liquids bunkers,refined liquids bunkers,refined liquids bunkers
TPES_GAS,regional biomass,regional biomass,regional biomass
TPES_GAS,regional biomassOil,regional biomassOil,Soybean
TPES_GAS,regional biomassOil,regional biomassOil,OilCrop
TPES_GAS,regional biomassOil,regional biomassOil,OilPalm
TPES_GAS,regional coal,domestic coal,domestic coal
TPES_GAS,regional coal,imported coal,imported coal
TPES_GAS,regional corn for ethanol,regional corn for ethanol,regional corn for ethanol
TPES_GAS,regional natural gas,domestic natural gas,domestic natural gas
TPES_GAS,regional natural gas,imported natural gas,imported natural gas
TPES_GAS,regional oil,domestic crude oil,domestic crude oil
TPES_GAS,regional oil,imported crude oil,imported crude oil
TPES_GAS,elec_CSP,CSP,CSP (dry_hybrid)
TPES_GAS,elec_CSP,CSP,CSP (recirculating)
TPES_GAS,elec_CSP_storage,CSP_storage,CSP_storage (dry_hybrid)
TPES_GAS,elec_CSP_storage,CSP_storage,CSP_storage (recirculating)
TPES_GAS,elec_Gen_III,Gen_III,Gen_III (cooling pond)
TPES_GAS,elec_Gen_III,Gen_III,Gen_III (once through)
TPES_GAS,elec_Gen_III,Gen_III,Gen_III (recirculating)
TPES_GAS,elec_Gen_III,Gen_III,Gen_III (seawater)
TPES_GAS,elec_Gen_II_LWR,Gen_II_LWR,Gen_II_LWR (cooling pond)
TPES_GAS,elec_Gen_II_LWR,Gen_II_LWR,Gen_II_LWR (once through)
TPES_GAS,elec_Gen_II_LWR,Gen_II_LWR,Gen_II_LWR (recirculating)
TPES_GAS,elec_Gen_II_LWR,Gen_II_LWR,Gen_II_LWR (seawater)
TPES_GAS,elec_geothermal,geothermal,geothermal (dry_hybrid)
TPES_GAS,elec_geothermal,geothermal,geothermal (recirculating)
TPES_GAS,elect_td_bld,rooftop_pv,rooftop_pv
TPES_GAS,electricity,hydro,hydro
TPES_GAS,electricity,solar,PV
TPES_GAS,electricity,solar,PV_storage
TPES_GAS,electricity,wind,wind
TPES_GAS,electricity,wind,wind_offshore
TPES_GAS,electricity,wind,wind_storage
TPES_GAS,resid heating,traditional biomass,traditional biomass
TPES_GAS,resid others,traditional biomass,traditional biomass
TPES_RENEWABLE,regional biomass,regional biomass,regional biomass
TPES_RENEWABLE,regional biomassOil,regional biomassOil,Soybean
TPES_RENEWABLE,regional biomassOil,regional biomassOil,OilCrop
TPES_RENEWABLE,regional biomassOil,regional biomassOil,OilPalm
TPES_RENEWABLE,regional sugar for ethanol,regional sugar for ethanol,regional sugar for ethanol
TPES_RENEWABLE,regional corn for ethanol,regional corn for ethanol,regional corn for ethanol
TPES_RENEWABLE,elec_CSP,CSP,CSP (dry_hybrid)
TPES_RENEWABLE,elec_CSP,CSP,CSP (recirculating)
TPES_RENEWABLE,elec_CSP_storage,CSP_storage,CSP_storage (dry_hybrid)
TPES_RENEWABLE,elec_CSP_storage,CSP_storage,CSP_storage (recirculating)
TPES_RENEWABLE,elec_Gen_III,Gen_III,Gen_III (cooling pond)
TPES_RENEWABLE,elec_Gen_III,Gen_III,Gen_III (once through)
TPES_RENEWABLE,elec_Gen_III,Gen_III,Gen_III (recirculating)
TPES_RENEWABLE,elec_Gen_III,Gen_III,Gen_III (seawater)
TPES_RENEWABLE,elec_Gen_II_LWR,Gen_II_LWR,Gen_II_LWR (cooling pond)
TPES_RENEWABLE,elec_Gen_II_LWR,Gen_II_LWR,Gen_II_LWR (once through)
TPES_RENEWABLE,elec_Gen_II_LWR,Gen_II_LWR,Gen_II_LWR (recirculating)
TPES_RENEWABLE,elec_Gen_II_LWR,Gen_II_LWR,Gen_II_LWR (seawater)
TPES_RENEWABLE,elec_geothermal,geothermal,geothermal (dry_hybrid)
TPES_RENEWABLE,elec_geothermal,geothermal,geothermal (recirculating)
TPES_RENEWABLE,elect_td_bld,rooftop_pv,rooftop_pv
TPES_RENEWABLE,electricity,hydro,hydro
TPES_RENEWABLE,electricity,solar,PV
TPES_RENEWABLE,electricity,solar,PV_storage
TPES_RENEWABLE,electricity,wind,wind
TPES_RENEWABLE,electricity,wind,wind_offshore
TPES_RENEWABLE,electricity,wind,wind_storage
TPES_RENEWABLE,H2 central production,solar,electrolysis
TPES_RENEWABLE,H2 central production,wind,electrolysis
TPES_RENEWABLE,H2 central production,nuclear,electrolysis
TPES_RENEWABLE_FEEDSTOCKSRL,regional biomass,regional biomass,regional biomass
TPES_RENEWABLE_FEEDSTOCKSRL,regional biomassOil,regional biomassOil,Soybean
TPES_RENEWABLE_FEEDSTOCKSRL,regional biomassOil,regional biomassOil,OilCrop
TPES_RENEWABLE_FEEDSTOCKSRL,regional biomassOil,regional biomassOil,OilPalm
TPES_RENEWABLE_FEEDSTOCKSRL,regional sugar for ethanol,regional sugar for ethanol,regional sugar for ethanol
TPES_RENEWABLE_FEEDSTOCKSRL,regional corn for ethanol,regional corn for ethanol,regional corn for ethanol
TPES_RENEWABLE_FEEDSTOCKSRL,elec_CSP,CSP,CSP (dry_hybrid)
TPES_RENEWABLE_FEEDSTOCKSRL,elec_CSP,CSP,CSP (recirculating)
TPES_RENEWABLE_FEEDSTOCKSRL,elec_CSP_storage,CSP_storage,CSP_storage (dry_hybrid)
TPES_RENEWABLE_FEEDSTOCKSRL,elec_CSP_storage,CSP_storage,CSP_storage (recirculating)
TPES_RENEWABLE_FEEDSTOCKSRL,elec_Gen_III,Gen_III,Gen_III (cooling pond)
TPES_RENEWABLE_FEEDSTOCKSRL,elec_Gen_III,Gen_III,Gen_III (once through)
TPES_RENEWABLE_FEEDSTOCKSRL,elec_Gen_III,Gen_III,Gen_III (recirculating)
TPES_RENEWABLE_FEEDSTOCKSRL,elec_Gen_III,Gen_III,Gen_III (seawater)
TPES_RENEWABLE_FEEDSTOCKSRL,elec_Gen_II_LWR,Gen_II_LWR,Gen_II_LWR (cooling pond)
TPES_RENEWABLE_FEEDSTOCKSRL,elec_Gen_II_LWR,Gen_II_LWR,Gen_II_LWR (once through)
TPES_RENEWABLE_FEEDSTOCKSRL,elec_Gen_II_LWR,Gen_II_LWR,Gen_II_LWR (recirculating)
TPES_RENEWABLE_FEEDSTOCKSRL,elec_Gen_II_LWR,Gen_II_LWR,Gen_II_LWR (seawater)
TPES_RENEWABLE_FEEDSTOCKSRL,elec_geothermal,geothermal,geothermal (dry_hybrid)
TPES_RENEWABLE_FEEDSTOCKSRL,elec_geothermal,geothermal,geothermal (recirculating)
TPES_RENEWABLE_FEEDSTOCKSRL,elect_td_bld,rooftop_pv,rooftop_pv
TPES_RENEWABLE_FEEDSTOCKSRL,electricity,hydro,hydro
TPES_RENEWABLE_FEEDSTOCKSRL,electricity,solar,PV
TPES_RENEWABLE_FEEDSTOCKSRL,electricity,solar,PV_storage
TPES_RENEWABLE_FEEDSTOCKSRL,electricity,wind,wind
TPES_RENEWABLE_FEEDSTOCKSRL,electricity,wind,wind_offshore
TPES_RENEWABLE_FEEDSTOCKSRL,electricity,wind,wind_storage
TPES_RENEWABLE_FEEDSTOCKSRL,H2 central production,solar,electrolysis
TPES_RENEWABLE_FEEDSTOCKSRL,H2 central production,wind,electrolysis
TPES_RENEWABLE_FEEDSTOCKSRL,H2 central production,nuclear,electrolysis
TPES_RENEWABLE_FEEDSTOCKSRL,refined liquids feedstocks,refined liquids feedstocks,refined liquids feedstocks
TPES_RES_elec,elec_CSP,CSP,CSP (dry_hybrid)
TPES_RES_elec,elec_CSP,CSP,CSP (recirculating)
TPES_RES_elec,elec_CSP_storage,CSP_storage,CSP_storage (dry_hybrid)
TPES_RES_elec,elec_CSP_storage,CSP_storage,CSP_storage (recirculating)
TPES_RES_elec,elec_Gen_III,Gen_III,Gen_III (cooling pond)
TPES_RES_elec,elec_Gen_III,Gen_III,Gen_III (once through)
TPES_RES_elec,elec_Gen_III,Gen_III,Gen_III (recirculating)
TPES_RES_elec,elec_Gen_III,Gen_III,Gen_III (seawater)
TPES_RES_elec,elec_Gen_II_LWR,Gen_II_LWR,Gen_II_LWR (cooling pond)
TPES_RES_elec,elec_Gen_II_LWR,Gen_II_LWR,Gen_II_LWR (once through)
TPES_RES_elec,elec_Gen_II_LWR,Gen_II_LWR,Gen_II_LWR (recirculating)
TPES_RES_elec,elec_Gen_II_LWR,Gen_II_LWR,Gen_II_LWR (seawater)
TPES_RES_elec,elec_geothermal,geothermal,geothermal (dry_hybrid)
TPES_RES_elec,elec_geothermal,geothermal,geothermal (recirculating)
TPES_RES_elec,elect_td_bld,rooftop_pv,rooftop_pv
TPES_RES_elec,electricity,hydro,hydro
TPES_RES_elec,electricity,solar,PV
TPES_RES_elec,electricity,solar,PV_storage
TPES_RES_elec,electricity,wind,wind
TPES_RES_elec,electricity,wind,wind_offshore
TPES_RES_elec,electricity,wind,wind_storage
TPES_RES_primary,regional biomass,regional biomass,regional biomass
TPES_RES_primary,regional coal,domestic coal,domestic coal
TPES_RES_primary,regional coal,imported coal,imported coal
TPES_RES_primary,regional natural gas,domestic natural gas,domestic natural gas
TPES_RES_primary,regional natural gas,imported natural gas,imported natural gas
TPES_RES_primary,regional oil,domestic crude oil,domestic crude oil
TPES_RES_primary,regional oil,imported crude oil,imported crude oil
TPES_RES_primary,regional biomassOil,regional biomassOil,Soybean
TPES_RES_primary,regional biomassOil,regional biomassOil,OilCrop
TPES_RES_primary,regional biomassOil,regional biomassOil,OilPalm
TPES_RES_primary,regional corn for ethanol,regional corn for ethanol,regional corn for ethanol
TPES_RES_primary,regional sugar for ethanol,regional sugar for ethanol,regional sugar for ethanol
TRAD_BIO,resid heating,traditional biomass,traditional biomass
TRAD_BIO,resid others,traditional biomass,traditional biomass
PALMOIL_IMP,total oilpalm,imported oilpalm,imported oilpalm
COMM,comm cooling,electricity,electricity
COMM,comm cooling,gas,gas
COMM,comm heating,biomass,biomass
COMM,comm heating,electricity,electricity
COMM,comm heating,gas,gas
COMM,comm heating,gas,hydrogen
COMM,comm heating,refined liquids,refined liquids
COMM,comm others,biomass,biomass
COMM,comm others,biomass,biomass
COMM,comm others,coal,coal
COMM,comm others,coal,coal
COMM,comm others,electricity,electricity
COMM,comm others,gas,gas
COMM,comm others,gas,hydrogen
COMM,comm others,gas,gas
COMM,comm others,gas,hydrogen
COMM,comm others,refined liquids,refined liquids
COMM_ELEC,comm others,electricity,electricity
COMM_ELEC,comm cooling,electricity,electricity
COMM_ELEC,comm heating,electricity,electricity
ELEC_BLD,elect_td_bld,elect_td_bld,elect_td_bld
ELEC_BLD,elect_td_bld,rooftop_pv,rooftop_pv
PRIMARY_ENERGY,regional biomass,regional biomass,regional biomass
PRIMARY_ENERGY,regional coal,domestic coal,domestic coal
PRIMARY_ENERGY,regional coal,imported coal,imported coal
PRIMARY_ENERGY,gas processing,natural gas,natural gas
PRIMARY_ENERGY,H2 central production,gas,natural gas steam reforming
PRIMARY_ENERGY,refining,gas to liquids,gas to liquids
PRIMARY_ENERGY,regional oil,domestic crude oil,domestic crude oil
PRIMARY_ENERGY,regional oil,imported crude oil,imported crude oil
PRIMARY_ENERGY,regional biomassOil,regional biomassOil,Soybean
PRIMARY_ENERGY,regional biomassOil,regional biomassOil,OilCrop
PRIMARY_ENERGY,regional biomassOil,regional biomassOil,OilPalm
PRIMARY_ENERGY,regional corn for ethanol,regional corn for ethanol,regional corn for ethanol
PRIMARY_ENERGY,regional sugar for ethanol,regional sugar for ethanol,regional sugar for ethanol
PRIMARY_ENERGY,elec_CSP,CSP,CSP (dry_hybrid)
PRIMARY_ENERGY,elec_CSP,CSP,CSP (recirculating)
PRIMARY_ENERGY,elec_CSP_storage,CSP_storage,CSP_storage (dry_hybrid)
PRIMARY_ENERGY,elec_CSP_storage,CSP_storage,CSP_storage (recirculating)
PRIMARY_ENERGY,elec_Gen_III,Gen_III,Gen_III (cooling pond)
PRIMARY_ENERGY,elec_Gen_III,Gen_III,Gen_III (once through)
PRIMARY_ENERGY,elec_Gen_III,Gen_III,Gen_III (recirculating)
PRIMARY_ENERGY,elec_Gen_III,Gen_III,Gen_III (seawater)
PRIMARY_ENERGY,elec_Gen_II_LWR,Gen_II_LWR,Gen_II_LWR (cooling pond)
PRIMARY_ENERGY,elec_Gen_II_LWR,Gen_II_LWR,Gen_II_LWR (once through)
PRIMARY_ENERGY,elec_Gen_II_LWR,Gen_II_LWR,Gen_II_LWR (recirculating)
PRIMARY_ENERGY,elec_Gen_II_LWR,Gen_II_LWR,Gen_II_LWR (seawater)
PRIMARY_ENERGY,elec_geothermal,geothermal,geothermal (dry_hybrid)
PRIMARY_ENERGY,elec_geothermal,geothermal,geothermal (recirculating)
PRIMARY_ENERGY,elect_td_bld,rooftop_pv,rooftop_pv
PRIMARY_ENERGY,electricity,hydro,hydro
PRIMARY_ENERGY,electricity,solar,PV
PRIMARY_ENERGY,electricity,solar,PV_storage
PRIMARY_ENERGY,electricity,wind,wind
PRIMARY_ENERGY,electricity,wind,wind_offshore
PRIMARY_ENERGY,electricity,wind,wind_storage
PRIMARY_ENERGY,H2 central production,solar,electrolysis
PRIMARY_ENERGY,H2 central production,wind,electrolysis
PRIMARY_ENERGY,H2 central production,nuclear,electrolysis
HEAT_PUMPS,resid heating modern EUR_d1,water heat pump,geo-water pump
HEAT_PUMPS,resid heating modern EUR_d2,water heat pump,geo-water pump
HEAT_PUMPS,resid heating modern EUR_d3,water heat pump,geo-water pump
HEAT_PUMPS,resid heating modern EUR_d4,water heat pump,geo-water pump
HEAT_PUMPS,resid heating modern EUR_d5,water heat pump,geo-water pump
HEAT_PUMPS,resid heating modern EUR_d6,water heat pump,geo-water pump
HEAT_PUMPS,resid heating modern EUR_d7,water heat pump,geo-water pump
HEAT_PUMPS,resid heating modern EUR_d8,water heat pump,geo-water pump
HEAT_PUMPS,resid heating modern EUR_d9,water heat pump,geo-water pump
HEAT_PUMPS,resid heating modern EUR_d10,water heat pump,geo-water pump
HEAT_PUMPS,resid heating modern EUR_d1,water heat pump,solar thermal
HEAT_PUMPS,resid heating modern EUR_d2,water heat pump,solar thermal
HEAT_PUMPS,resid heating modern EUR_d3,water heat pump,solar thermal
HEAT_PUMPS,resid heating modern EUR_d4,water heat pump,solar thermal
HEAT_PUMPS,resid heating modern EUR_d5,water heat pump,solar thermal
HEAT_PUMPS,resid heating modern EUR_d6,water heat pump,solar thermal
HEAT_PUMPS,resid heating modern EUR_d7,water heat pump,solar thermal
HEAT_PUMPS,resid heating modern EUR_d8,water heat pump,solar thermal
HEAT_PUMPS,resid heating modern EUR_d9,water heat pump,solar thermal
HEAT_PUMPS,resid heating modern EUR_d10,water heat pump,solar thermal
HEAT_PUMPS,resid hot water modern EUR_d1,water heat pump,heat pump
HEAT_PUMPS,resid hot water modern EUR_d2,water heat pump,heat pump
HEAT_PUMPS,resid hot water modern EUR_d3,water heat pump,heat pump
HEAT_PUMPS,resid hot water modern EUR_d4,water heat pump,heat pump
HEAT_PUMPS,resid hot water modern EUR_d5,water heat pump,heat pump
HEAT_PUMPS,resid hot water modern EUR_d6,water heat pump,heat pump
HEAT_PUMPS,resid hot water modern EUR_d7,water heat pump,heat pump
HEAT_PUMPS,resid hot water modern EUR_d8,water heat pump,heat pump
HEAT_PUMPS,resid hot water modern EUR_d9,water heat pump,heat pump
HEAT_PUMPS,resid hot water modern EUR_d10,water heat pump,heat pump
HEAT_PUMPS,resid hot water modern EUR_d1,water heat pump,solar thermal
HEAT_PUMPS,resid hot water modern EUR_d2,water heat pump,solar thermal
HEAT_PUMPS,resid hot water modern EUR_d3,water heat pump,solar thermal
HEAT_PUMPS,resid hot water modern EUR_d4,water heat pump,solar thermal
HEAT_PUMPS,resid hot water modern EUR_d5,water heat pump,solar thermal
HEAT_PUMPS,resid hot water modern EUR_d6,water heat pump,solar thermal
HEAT_PUMPS,resid hot water modern EUR_d7,water heat pump,solar thermal
HEAT_PUMPS,resid hot water modern EUR_d8,water heat pump,solar thermal
HEAT_PUMPS,resid hot water modern EUR_d9,water heat pump,solar thermal
HEAT_PUMPS,resid hot water modern EUR_d10,water heat pump,solar thermal
HEAT_PUMPS,resid heating modern EUR_d1,electricity,air-air pump middle north
HEAT_PUMPS,resid heating modern EUR_d2,electricity,air-air pump middle north
HEAT_PUMPS,resid heating modern EUR_d3,electricity,air-air pump middle north
HEAT_PUMPS,resid heating modern EUR_d4,electricity,air-air pump middle north
HEAT_PUMPS,resid heating modern EUR_d5,electricity,air-air pump middle north
HEAT_PUMPS,resid heating modern EUR_d6,electricity,air-air pump middle north
HEAT_PUMPS,resid heating modern EUR_d7,electricity,air-air pump middle north
HEAT_PUMPS,resid heating modern EUR_d8,electricity,air-air pump middle north
HEAT_PUMPS,resid heating modern EUR_d9,electricity,air-air pump middle north
HEAT_PUMPS,resid heating modern EUR_d10,electricity,air-air pump middle north
HEAT_PUMPS,resid heating modern EUR_d1,electricity,air-air pump middle south
HEAT_PUMPS,resid heating modern EUR_d2,electricity,air-air pump middle south
HEAT_PUMPS,resid heating modern EUR_d3,electricity,air-air pump middle south
HEAT_PUMPS,resid heating modern EUR_d4,electricity,air-air pump middle south
HEAT_PUMPS,resid heating modern EUR_d5,electricity,air-air pump middle south
HEAT_PUMPS,resid heating modern EUR_d6,electricity,air-air pump middle south
HEAT_PUMPS,resid heating modern EUR_d7,electricity,air-air pump middle south
HEAT_PUMPS,resid heating modern EUR_d8,electricity,air-air pump middle south
HEAT_PUMPS,resid heating modern EUR_d9,electricity,air-air pump middle south
HEAT_PUMPS,resid heating modern EUR_d10,electricity,air-air pump middle south
HEAT_PUMPS,resid heating modern EUR_d1,electricity,air-air pump north
HEAT_PUMPS,resid heating modern EUR_d2,electricity,air-air pump north
HEAT_PUMPS,resid heating modern EUR_d3,electricity,air-air pump north
HEAT_PUMPS,resid heating modern EUR_d4,electricity,air-air pump north
HEAT_PUMPS,resid heating modern EUR_d5,electricity,air-air pump north
HEAT_PUMPS,resid heating modern EUR_d6,electricity,air-air pump north
HEAT_PUMPS,resid heating modern EUR_d7,electricity,air-air pump north
HEAT_PUMPS,resid heating modern EUR_d8,electricity,air-air pump north
HEAT_PUMPS,resid heating modern EUR_d9,electricity,air-air pump north
HEAT_PUMPS,resid heating modern EUR_d10,electricity,air-air pump north
HEAT_PUMPS,resid heating modern EUR_d1,electricity,air-air pump south
HEAT_PUMPS,resid heating modern EUR_d2,electricity,air-air pump south
HEAT_PUMPS,resid heating modern EUR_d3,electricity,air-air pump south
HEAT_PUMPS,resid heating modern EUR_d4,electricity,air-air pump south
HEAT_PUMPS,resid heating modern EUR_d5,electricity,air-air pump south
HEAT_PUMPS,resid heating modern EUR_d6,electricity,air-air pump south
HEAT_PUMPS,resid heating modern EUR_d7,electricity,air-air pump south
HEAT_PUMPS,resid heating modern EUR_d8,electricity,air-air pump south
HEAT_PUMPS,resid heating modern EUR_d9,electricity,air-air pump south
HEAT_PUMPS,resid heating modern EUR_d10,electricity,air-air pump south
HEAT_PUMPS,resid heating modern EUR_d1,water heat pump,air-water pump middle north
HEAT_PUMPS,resid heating modern EUR_d2,water heat pump,air-water pump middle north
HEAT_PUMPS,resid heating modern EUR_d3,water heat pump,air-water pump middle north
HEAT_PUMPS,resid heating modern EUR_d4,water heat pump,air-water pump middle north
HEAT_PUMPS,resid heating modern EUR_d5,water heat pump,air-water pump middle north
HEAT_PUMPS,resid heating modern EUR_d6,water heat pump,air-water pump middle north
HEAT_PUMPS,resid heating modern EUR_d7,water heat pump,air-water pump middle north
HEAT_PUMPS,resid heating modern EUR_d8,water heat pump,air-water pump middle north
HEAT_PUMPS,resid heating modern EUR_d9,water heat pump,air-water pump middle north
HEAT_PUMPS,resid heating modern EUR_d10,water heat pump,air-water pump middle north
HEAT_PUMPS,resid heating modern EUR_d1,water heat pump,air-water pump middle south
HEAT_PUMPS,resid heating modern EUR_d2,water heat pump,air-water pump middle south
HEAT_PUMPS,resid heating modern EUR_d3,water heat pump,air-water pump middle south
HEAT_PUMPS,resid heating modern EUR_d4,water heat pump,air-water pump middle south
HEAT_PUMPS,resid heating modern EUR_d5,water heat pump,air-water pump middle south
HEAT_PUMPS,resid heating modern EUR_d6,water heat pump,air-water pump middle south
HEAT_PUMPS,resid heating modern EUR_d7,water heat pump,air-water pump middle south
HEAT_PUMPS,resid heating modern EUR_d8,water heat pump,air-water pump middle south
HEAT_PUMPS,resid heating modern EUR_d9,water heat pump,air-water pump middle south
HEAT_PUMPS,resid heating modern EUR_d10,water heat pump,air-water pump middle south
HEAT_PUMPS,resid heating modern EUR_d1,water heat pump,air-water pump north
HEAT_PUMPS,resid heating modern EUR_d2,water heat pump,air-water pump north
HEAT_PUMPS,resid heating modern EUR_d3,water heat pump,air-water pump north
HEAT_PUMPS,resid heating modern EUR_d4,water heat pump,air-water pump north
HEAT_PUMPS,resid heating modern EUR_d5,water heat pump,air-water pump north
HEAT_PUMPS,resid heating modern EUR_d6,water heat pump,air-water pump north
HEAT_PUMPS,resid heating modern EUR_d7,water heat pump,air-water pump north
HEAT_PUMPS,resid heating modern EUR_d8,water heat pump,air-water pump north
HEAT_PUMPS,resid heating modern EUR_d9,water heat pump,air-water pump north
HEAT_PUMPS,resid heating modern EUR_d10,water heat pump,air-water pump north
HEAT_PUMPS,resid heating modern EUR_d1,water heat pump,air-water pump south
HEAT_PUMPS,resid heating modern EUR_d2,water heat pump,air-water pump south
HEAT_PUMPS,resid heating modern EUR_d3,water heat pump,air-water pump south
HEAT_PUMPS,resid heating modern EUR_d4,water heat pump,air-water pump south
HEAT_PUMPS,resid heating modern EUR_d5,water heat pump,air-water pump south
HEAT_PUMPS,resid heating modern EUR_d6,water heat pump,air-water pump south
HEAT_PUMPS,resid heating modern EUR_d7,water heat pump,air-water pump south
HEAT_PUMPS,resid heating modern EUR_d8,water heat pump,air-water pump south
HEAT_PUMPS,resid heating modern EUR_d9,water heat pump,air-water pump south
HEAT_PUMPS,resid heating modern EUR_d10,water heat pump,air-water pump south
HEAT_PUMPS,comm heating EUR,water heat pump,geo-water pump
HEAT_PUMPS,comm heating EUR,water heat pump,solar thermal
HEAT_PUMPS,comm heating EUR,electricity,air-air pump middle north
HEAT_PUMPS,comm heating EUR,electricity,air-air pump middle south
HEAT_PUMPS,comm heating EUR,electricity,air-air pump north
HEAT_PUMPS,comm heating EUR,electricity,air-air pump south
HEAT_PUMPS,comm heating EUR,water heat pump,air-water pump middle north
HEAT_PUMPS,comm heating EUR,water heat pump,air-water pump middle south
HEAT_PUMPS,comm heating EUR,water heat pump,air-water pump north
HEAT_PUMPS,comm heating EUR,water heat pump,air-water pump south
HEAT_PUMPS,resid heating,electricity,electric heat pump
HEAT_PUMPS,resid hot water,electricity,electric heat pump water heater
HEAT_PUMPS,comm heating,electricity,electric heat pump
HEAT_PUMPS,comm hot water,electricity,electric heat pump water heater
FE_RES_DENOM,delivered biomass,delivered biomass,delivered biomass
FE_RES_DENOM,delivered coal,delivered coal,delivered coal
FE_RES_DENOM,delivered biomass industry,delivered biomass industry,delivered biomass industry
FE_RES_DENOM,wholesale gas,wholesale gas,wholesale gas
FE_RES_DENOM,delivered gas,delivered gas,delivered gas
FE_RES_DENOM,delivered gas transport,delivered gas transport,delivered gas transport
FE_RES_DENOM,refined liquids enduse,refined liquids enduse,refined liquids enduse
FE_RES_DENOM,refined liquids transport,refined liquids transport,refined liquids transport
FE_RES_DENOM,refined liquids industrial,refined liquids industrial,refined liquids industrial
FE_RES_DENOM,refined liquids bunkers av,refined liquids bunkers av,refined liquids bunkers av
FE_RES_DENOM,H2 retail delivery,H2 retail delivery,H2 retail delivery
FE_RES_DENOM,H2 retail dispensing,H2 retail dispensing,H2 retail dispensing
FE_RES_DENOM,H2 wholesale delivery,H2 liquid truck,H2 liquid truck
FE_RES_DENOM,H2 wholesale delivery,H2 pipeline,H2 pipeline
FE_RES_DENOM,H2 wholesale dispensing,H2 delivery,H2 liquid truck
FE_RES_DENOM,H2 wholesale dispensing,H2 delivery,H2 pipeline
FE_RES_DENOM,H2 wholesale dispensing,forecourt production,electrolysis
FE_RES_DENOM,H2 wholesale dispensing,forecourt production,natural gas steam reforming
FE_RES_DENOM,elect_td_bld,elect_td_bld,elect_td_bld
FE_RES_DENOM,elect_td_bld,rooftop_pv,rooftop_pv
FE_RES_DENOM,elect_td_ind,elect_td_ind,elect_td_ind
FE_RES_DENOM,elect_td_trn,elect_td_trn,elect_td_trn
FE_RES_NOM,delivered biomass,delivered biomass,delivered biomass
FE_RES_NOM,delivered biomass industry,delivered biomass industry,delivered biomass industry
FE_RES_NOM,H2 central production,biomass,biomass to H2
FE_RES_NOM,H2 central production,biomass,biomass to H2 CCS
FE_RES_NOM,H2 central production,wind,electrolysis
FE_RES_NOM,H2 central production,solar,electrolysis
FE_RES_NOM,refining,biomass liquids,cellulosic ethanol
FE_RES_NOM,refining,biomass liquids,cellulosic ethanol CCS level 1
FE_RES_NOM,refining,biomass liquids,cellulosic ethanol CCS level 2
FE_RES_NOM,refining,biomass liquids,FT biofuels
FE_RES_NOM,refining,biomass liquids,FT biofuels CCS level 1
FE_RES_NOM,refining,biomass liquids,FT biofuels CCS level 2
FE_RES_NOM,refining,biomass liquids,corn ethanol
FE_RES_NOM,refining,biomass liquids,biodiesel
FE_RES_NOM,refining,biomass liquids,BTL with hydrogen
FE_RES_NOM,refining,biomass liquids,sugar cane ethanol
FE_RES_NOM,gas processing,biomass gasification,biomass gasification
FE_RES_NOM,elect_td_bld,rooftop_pv,rooftop_pv
ELEC_RES_NOM,base load generation,hydro_base,hydro
ELEC_RES_NOM,base load generation,wind_base,wind
ELEC_RES_NOM,base load generation,wind_offshore_base,wind_offshore
ELEC_RES_NOM,base load generation,wind_storage_base,wind_storage
ELEC_RES_NOM,base load generation,PV_base,PV
ELEC_RES_NOM,base load generation,PV_storage_base,PV_storage
ELEC_RES_NOM,base load generation,geothermal_base,geothermal (recirculating)
ELEC_RES_NOM,base load generation,geothermal_base,geothermal (dry_hybrid)
ELEC_RES_NOM,base load generation,CSP_base,CSP (recirculating)
ELEC_RES_NOM,base load generation,CSP_base,CSP (dry_hybrid)
ELEC_RES_NOM,base load generation,CSP_storage_base,CSP_storage (recirculating)
ELEC_RES_NOM,base load generation,CSP_storage_base,CSP_storage (dry_hybrid)
ELEC_RES_NOM,base load generation,biomass (conv)_base,biomass (conv) (once through)
ELEC_RES_NOM,base load generation,biomass (conv)_base,biomass (conv) (seawater)
ELEC_RES_NOM,base load generation,biomass (conv)_base,biomass (conv) (recirculating)
ELEC_RES_NOM,base load generation,biomass (conv)_base,biomass (conv) (cooling pond)
ELEC_RES_NOM,base load generation,biomass (conv)_base,biomass (conv) (dry cooling)
ELEC_RES_NOM,base load generation,biomass (IGCC)_base,biomass (IGCC) (once through)
ELEC_RES_NOM,base load generation,biomass (IGCC)_base,biomass (IGCC) (seawater)
ELEC_RES_NOM,base load generation,biomass (IGCC)_base,biomass (IGCC) (recirculating)
ELEC_RES_NOM,base load generation,biomass (IGCC)_base,biomass (IGCC) (dry cooling)
ELEC_RES_NOM,base load generation,biomass (conv CCS)_base,biomass (conv CCS) (once through)
ELEC_RES_NOM,base load generation,biomass (conv CCS)_base,biomass (conv CCS) (seawater)
ELEC_RES_NOM,base load generation,biomass (conv CCS)_base,biomass (conv CCS) (recirculating)
ELEC_RES_NOM,base load generation,biomass (conv CCS)_base,biomass (conv CCS) (dry cooling)
ELEC_RES_NOM,base load generation,biomass (IGCC CCS)_base,biomass (IGCC CCS) (once through)
ELEC_RES_NOM,base load generation,biomass (IGCC CCS)_base,biomass (IGCC CCS) (seawater)
ELEC_RES_NOM,base load generation,biomass (IGCC CCS)_base,biomass (IGCC CCS) (recirculating)
ELEC_RES_NOM,base load generation,biomass (IGCC CCS)_base,biomass (IGCC CCS) (dry cooling)
ELEC_RES_NOM,intermediate generation,hydro_int,hydro
ELEC_RES_NOM,intermediate generation,wind_int,wind
ELEC_RES_NOM,intermediate generation,wind_offshore_int,wind_offshore
ELEC_RES_NOM,intermediate generation,wind_storage_int,wind_storage
ELEC_RES_NOM,intermediate generation,PV_int,PV
ELEC_RES_NOM,intermediate generation,PV_storage_int,PV_storage
ELEC_RES_NOM,intermediate generation,geothermal_int,geothermal (recirculating)
ELEC_RES_NOM,intermediate generation,geothermal_int,geothermal (dry_hybrid)
ELEC_RES_NOM,intermediate generation,CSP_int,CSP (recirculating)
ELEC_RES_NOM,intermediate generation,CSP_int,CSP (dry_hybrid)
ELEC_RES_NOM,intermediate generation,CSP_storage_int,CSP_storage (recirculating)
ELEC_RES_NOM,intermediate generation,CSP_storage_int,CSP_storage (dry_hybrid)
ELEC_RES_NOM,intermediate generation,biomass (conv)_int,biomass (conv) (once through)
ELEC_RES_NOM,intermediate generation,biomass (conv)_int,biomass (conv) (seawater)
ELEC_RES_NOM,intermediate generation,biomass (conv)_int,biomass (conv) (recirculating)
ELEC_RES_NOM,intermediate generation,biomass (conv)_int,biomass (conv) (cooling pond)
ELEC_RES_NOM,intermediate generation,biomass (conv)_int,biomass (conv) (dry cooling)
ELEC_RES_NOM,intermediate generation,biomass (IGCC)_int,biomass (IGCC) (once through)
ELEC_RES_NOM,intermediate generation,biomass (IGCC)_int,biomass (IGCC) (seawater)
ELEC_RES_NOM,intermediate generation,biomass (IGCC)_int,biomass (IGCC) (recirculating)
ELEC_RES_NOM,intermediate generation,biomass (IGCC)_int,biomass (IGCC) (dry cooling)
ELEC_RES_NOM,intermediate generation,biomass (conv CCS)_int,biomass (conv CCS) (once through)
ELEC_RES_NOM,intermediate generation,biomass (conv CCS)_int,biomass (conv CCS) (seawater)
ELEC_RES_NOM,intermediate generation,biomass (conv CCS)_int,biomass (conv CCS) (recirculating)
ELEC_RES_NOM,intermediate generation,biomass (conv CCS)_int,biomass (conv CCS) (dry cooling)
ELEC_RES_NOM,intermediate generation,biomass (IGCC CCS)_int,biomass (IGCC CCS) (once through)
ELEC_RES_NOM,intermediate generation,biomass (IGCC CCS)_int,biomass (IGCC CCS) (seawater)
ELEC_RES_NOM,intermediate generation,biomass (IGCC CCS)_int,biomass (IGCC CCS) (recirculating)
ELEC_RES_NOM,intermediate generation,biomass (IGCC CCS)_int,biomass (IGCC CCS) (dry cooling)
ELEC_RES_NOM,subpeak generation,hydro_subpeak,hydro
ELEC_RES_NOM,subpeak generation,wind_subpeak,wind
ELEC_RES_NOM,subpeak generation,wind_offshore_subpeak,wind_offshore
ELEC_RES_NOM,subpeak generation,wind_storage_subpeak,wind_storage
ELEC_RES_NOM,subpeak generation,PV_subpeak,PV
ELEC_RES_NOM,subpeak generation,PV_storage_subpeak,PV_storage
ELEC_RES_NOM,subpeak generation,geothermal_subpeak,geothermal (recirculating)
ELEC_RES_NOM,subpeak generation,geothermal_subpeak,geothermal (dry_hybrid)
ELEC_RES_NOM,subpeak generation,CSP_subpeak,CSP (recirculating)
ELEC_RES_NOM,subpeak generation,CSP_subpeak,CSP (dry_hybrid)
ELEC_RES_NOM,subpeak generation,CSP_storage_subpeak,CSP_storage (recirculating)
ELEC_RES_NOM,subpeak generation,CSP_storage_subpeak,CSP_storage (dry_hybrid)
ELEC_RES_NOM,subpeak generation,biomass (conv)_subpeak,biomass (conv) (once through)
ELEC_RES_NOM,subpeak generation,biomass (conv)_subpeak,biomass (conv) (seawater)
ELEC_RES_NOM,subpeak generation,biomass (conv)_subpeak,biomass (conv) (recirculating)
ELEC_RES_NOM,subpeak generation,biomass (conv)_subpeak,biomass (conv) (cooling pond)
ELEC_RES_NOM,subpeak generation,biomass (conv)_subpeak,biomass (conv) (dry cooling)
ELEC_RES_NOM,subpeak generation,biomass (IGCC)_subpeak,biomass (IGCC) (once through)
ELEC_RES_NOM,subpeak generation,biomass (IGCC)_subpeak,biomass (IGCC) (seawater)
ELEC_RES_NOM,subpeak generation,biomass (IGCC)_subpeak,biomass (IGCC) (recirculating)
ELEC_RES_NOM,subpeak generation,biomass (IGCC)_subpeak,biomass (IGCC) (dry cooling)
ELEC_RES_NOM,subpeak generation,biomass (conv CCS)_subpeak,biomass (conv CCS) (once through)
ELEC_RES_NOM,subpeak generation,biomass (conv CCS)_subpeak,biomass (conv CCS) (seawater)
ELEC_RES_NOM,subpeak generation,biomass (conv CCS)_subpeak,biomass (conv CCS) (recirculating)
ELEC_RES_NOM,subpeak generation,biomass (conv CCS)_subpeak,biomass (conv CCS) (dry cooling)
ELEC_RES_NOM,subpeak generation,biomass (IGCC CCS)_subpeak,biomass (IGCC CCS) (once through)
ELEC_RES_NOM,subpeak generation,biomass (IGCC CCS)_subpeak,biomass (IGCC CCS) (seawater)
ELEC_RES_NOM,subpeak generation,biomass (IGCC CCS)_subpeak,biomass (IGCC CCS) (recirculating)
ELEC_RES_NOM,subpeak generation,biomass (IGCC CCS)_subpeak,biomass (IGCC CCS) (dry cooling)
ELEC_RES_NOM,peak generation,hydro_peak,hydro
ELEC_RES_NOM,peak generation,wind_peak,wind
ELEC_RES_NOM,peak generation,wind_offshore_peak,wind_offshore
ELEC_RES_NOM,peak generation,wind_storage_peak,wind_storage
ELEC_RES_NOM,peak generation,PV_peak,PV
ELEC_RES_NOM,peak generation,PV_storage_peak,PV_storage
ELEC_RES_NOM,peak generation,geothermal_peak,geothermal (recirculating)
ELEC_RES_NOM,peak generation,geothermal_peak,geothermal (dry_hybrid)
ELEC_RES_NOM,peak generation,CSP_peak,CSP (recirculating)
ELEC_RES_NOM,peak generation,CSP_peak,CSP (dry_hybrid)
ELEC_RES_NOM,peak generation,CSP_storage_peak,CSP_storage (recirculating)
ELEC_RES_NOM,peak generation,CSP_storage_peak,CSP_storage (dry_hybrid)
ELEC_RES_NOM,peak generation,biomass (conv)_peak,biomass (conv) (once through)
ELEC_RES_NOM,peak generation,biomass (conv)_peak,biomass (conv) (seawater)
ELEC_RES_NOM,peak generation,biomass (conv)_peak,biomass (conv) (recirculating)
ELEC_RES_NOM,peak generation,biomass (conv)_peak,biomass (conv) (cooling pond)
ELEC_RES_NOM,peak generation,biomass (conv)_peak,biomass (conv) (dry cooling)
ELEC_RES_NOM,peak generation,biomass (IGCC)_peak,biomass (IGCC) (once through)
ELEC_RES_NOM,peak generation,biomass (IGCC)_peak,biomass (IGCC) (seawater)
ELEC_RES_NOM,peak generation,biomass (IGCC)_peak,biomass (IGCC) (recirculating)
ELEC_RES_NOM,peak generation,biomass (IGCC)_peak,biomass (IGCC) (dry cooling)
ELEC_RES_NOM,peak generation,biomass (conv CCS)_peak,biomass (conv CCS) (once through)
ELEC_RES_NOM,peak generation,biomass (conv CCS)_peak,biomass (conv CCS) (seawater)
ELEC_RES_NOM,peak generation,biomass (conv CCS)_peak,biomass (conv CCS) (recirculating)
ELEC_RES_NOM,peak generation,biomass (conv CCS)_peak,biomass (conv CCS) (dry cooling)
ELEC_RES_NOM,peak generation,biomass (IGCC CCS)_peak,biomass (IGCC CCS) (once through)
ELEC_RES_NOM,peak generation,biomass (IGCC CCS)_peak,biomass (IGCC CCS) (seawater)
ELEC_RES_NOM,peak generation,biomass (IGCC CCS)_peak,biomass (IGCC CCS) (recirculating)
ELEC_RES_NOM,peak generation,biomass (IGCC CCS)_peak,biomass (IGCC CCS) (dry cooling)
COALDUMMY,delivered coal,delivered coal,delivered coal
TRADEOILEEA,traded oil,European_Single_Market traded oil,European_Single_Market traded oil
TRADECOALEEA,traded coal,European_Single_Market traded coal,European_Single_Market traded coal
TRADELNGEEA,traded LNG,European_Single_Market traded LNG,European_Single_Market traded LNG
