# File: CO2byTech.csv,,,,,,,,,
# Title: CO2 by tech used for GDP intensity policies,,,,,,,,,
# Comments: Heavily filtered; could be even more filtered to just the needed sectors;resource emissions added here with repeat subsector column in tech column,,,,,,,,,
# Units: MTC,,,,,,,,,
# Column types: ccccnnnnnc,,,,,,,,,
# ----------,,,,,,,,,
region,sector,subsector,technology,1990,2005,2010,2015,2021,Units
China,H2 central production,biomass,biomass to H2,0,0,0,0,0,MTC
China,H2 central production,gas,natural gas steam reforming,0,0,0,0,0,MTC
China,H2 wholesale dispensing,forecourt production,natural gas steam reforming,0,0,0,0,0,MTC
China,agricultural energy use,mobile,refined liquids,9.73505,9.73333,9.27303,11.6285,13.343,MTC
China,agricultural energy use,stationary,biomass,1.29E-04,1.20E-04,5.29E-05,0,0,MTC
China,agricultural energy use,stationary,coal,12.0426,10.9124,12.7945,15.5852,10.541,MTC
China,agricultural energy use,stationary,gas,0.0594412,0,0.024965,0.046958,0.0826227,MTC
China,agricultural energy use,stationary,refined liquids,2.43376,2.43333,2.31826,2.90714,3.33574,MTC
China,alumina,coal,coal,0,4.36575,11.422,14.6139,14.2225,MTC
China,alumina,gas,gas,0,0.394815,1.03296,1.32161,1.28622,MTC
China,alumina,refined liquids,refined liquids,0,0.197215,0.515993,0.66018,0.642505,MTC
China,ammonia,coal,coal,17.3667,32.8034,39.8245,43.2982,31.7398,MTC
China,ammonia,gas,gas,1.62503,3.06946,3.72643,4.05147,2.96994,MTC
China,ammonia,hydrogen,hydrogen,0,0,0,0,0,MTC
China,ammonia,refined liquids,refined liquids,1.38538,2.6168,3.17689,3.45399,2.53195,MTC
China,cement,cement,cement,28.806,145.501,221.68,221.68,221.68,MTC
China,chemical energy use,coal,coal,14.6703,54.4352,68.8902,86.0384,38.5867,MTC
China,chemical energy use,gas,gas,0,1.50946,3.67673,5.44849,19.0168,MTC
China,chemical energy use,refined liquids,refined liquids,2.1897,3.12241,13.9003,8.43157,22.2753,MTC
China,chemical feedstocks,gas,gas,1.70917,2.45004,1.93381,3.41051,3.52549,MTC
China,comm heating,coal,coal,17.0412,24.6986,28.543,33.6647,15.0414,MTC
China,comm heating,gas,gas,0.218353,1.86832,2.75975,4.57085,6.29375,MTC
China,comm heating,refined liquids,refined liquids,2.52577,5.27856,7.21251,8.5227,8.98351,MTC
China,comm others,biomass,biomass,0.0106651,0.0048806,0.0029417,0.0067781,0.0057293,MTC
China,comm others,coal,coal,8.17589,11.8497,13.6941,16.1513,7.21644,MTC
China,comm others,gas,gas,0.0647009,0.553611,0.817752,1.35441,1.86493,MTC
China,comm others,refined liquids,refined liquids,1.31911,2.75678,3.7668,4.45105,4.69172,MTC
China,construction energy use,mobile,refined liquids,1.21756,2.73113,3.96247,4.75667,4.51864,MTC
China,construction energy use,stationary,coal,2.45926,3.64089,4.28085,5.20421,2.64325,MTC
China,construction energy use,stationary,gas,0.527244,0.0743015,0.0576577,0.107589,0.159896,MTC
China,construction energy use,stationary,refined liquids,0.30439,0.682784,0.990619,1.18917,1.12966,MTC
China,delivered gas h2,delivered gas h2,delivered gas h2,0,0,0,0,0,MTC
China,desalinated water,gas,distillation,2.52E-04,0.00118633,0.00186734,0.00226219,0.00296583,MTC
China,desalinated water,refined liquids,distillation,0.0025195,0.00553058,0.00459059,0.00404559,0.00307437,MTC
China,district heat,biomass,biomass,0,0.461239,1.08026,1.40858,1.51072,MTC
China,district heat,coal,coal,16.9885,2.57734,7.7425,10.1709,7.9532,MTC
China,district heat,gas,gas,0.129582,0,0,0,0,MTC
China,district heat,refined liquids,refined liquids,2.94E+00,2.37721,4.73004,3.84966,5.30384,MTC
China,elec_biomass (IGCC),biomass (IGCC),biomass (IGCC) (dry cooling),0,0,0,0,0,MTC
China,elec_biomass (IGCC),biomass (IGCC),biomass (IGCC) (once through),0,0,0,0,0,MTC
China,elec_biomass (IGCC),biomass (IGCC),biomass (IGCC) (recirculating),0,0,0,0,0,MTC
China,elec_biomass (IGCC),biomass (IGCC),biomass (IGCC) (seawater),0,0,0,0,0,MTC
China,elec_biomass (conv),biomass (conv),biomass (conv) (cooling pond),0,0.1205,0.784879,1.47701,3.94815,MTC
China,elec_biomass (conv),biomass (conv),biomass (conv) (dry cooling),7.04E-06,0.139609,0.909332,1.71123,4.57422,MTC
China,elec_biomass (conv),biomass (conv),biomass (conv) (once through),7.04E-06,0.29953,1.95098,3.67143,9.814,MTC
China,elec_biomass (conv),biomass (conv),biomass (conv) (recirculating),7.04E-05,1.11703,7.27581,13.6919,36.5994,MTC
China,elec_biomass (conv),biomass (conv),biomass (conv) (seawater),6.34E-05,0.0447553,0.291528,0.548646,1.46648,MTC
China,elec_coal (IGCC),coal (IGCC),coal (IGCC) (dry cooling),0,0,0,0,0,MTC
China,elec_coal (IGCC),coal (IGCC),coal (IGCC) (once through),0.00E+00,0,0,0,0,MTC
China,elec_coal (IGCC),coal (IGCC),coal (IGCC) (recirculating),0.00E+00,0,0,0,0,MTC
China,elec_coal (IGCC),coal (IGCC),coal (IGCC) (seawater),0.00E+00,0,0,0,0,MTC
China,elec_coal (conv pul),coal (conv pul),coal (conv pul) (cooling pond),1.04E+01,45.0807,65.364,80.0183,111.141,MTC
China,elec_coal (conv pul),coal (conv pul),coal (conv pul) (dry cooling),6.96384,51.832,186.997,228.869,317.691,MTC
China,elec_coal (conv pul),coal (conv pul),coal (conv pul) (once through),26.7195,112.915,94.046,114.986,159.174,MTC
China,elec_coal (conv pul),coal (conv pul),coal (conv pul) (recirculating),103.617,420.493,565.47,691.928,959.871,MTC
China,elec_coal (conv pul),coal (conv pul),coal (conv pul) (seawater),10.0816,22.4807,28.7537,34.2332,43.9706,MTC
China,elec_gas (CC),gas (CC),gas (CC) (cooling pond),0.0152602,0.0352042,0,0.172669,0.314964,MTC
China,elec_gas (CC),gas (CC),gas (CC) (dry cooling),0.0176774,0.0573219,0,0.207774,0.378419,MTC
China,elec_gas (CC),gas (CC),gas (CC) (once through),0.0379297,0.117867,0,0.443389,0.807717,MTC
China,elec_gas (CC),gas (CC),gas (CC) (recirculating),0.141451,0.543357,0,1.70203,3.09702,MTC
China,elec_gas (CC),gas (CC),gas (CC) (seawater),0.00566737,0.216269,0,0.159062,0.282983,MTC
China,elec_gas (steam/CT),gas (steam/CT),gas (steam/CT) (cooling pond),0.0101622,0.0783228,0.74168,1.12081,2.07148,MTC
China,elec_gas (steam/CT),gas (steam/CT),gas (steam/CT) (dry cooling),0.0117762,0.127532,0.928545,1.34868,2.4888,MTC
China,elec_gas (steam/CT),gas (steam/CT),gas (steam/CT) (once through),0.0252658,0.262241,1.97077,2.87809,5.31223,MTC
China,elec_gas (steam/CT),gas (steam/CT),gas (steam/CT) (recirculating),0.0942191,1.20889,7.78432,11.048,20.3686,MTC
China,elec_gas (steam/CT),gas (steam/CT),gas (steam/CT) (seawater),0.00377709,0.481167,1.12653,1.03249,1.86114,MTC
China,elec_refined liquids (CC),refined liquids (CC),refined liquids (CC) (dry cooling),0,0,0,0,0,MTC
China,elec_refined liquids (CC),refined liquids (CC),refined liquids (CC) (once through),0,0,0,0,0,MTC
China,elec_refined liquids (CC),refined liquids (CC),refined liquids (CC) (recirculating),0,0,0,0,0,MTC
China,elec_refined liquids (CC),refined liquids (CC),refined liquids (CC) (seawater),0,0,0,0,0,MTC
China,elec_refined liquids (steam/CT),refined liquids (steam/CT),refined liquids (steam/CT) (cooling pond),0.709166,0.712824,0.210505,0.137128,0.161898,MTC
China,elec_refined liquids (steam/CT),refined liquids (steam/CT),refined liquids (steam/CT) (dry cooling),0.825753,0.827599,0.245142,0.161184,0.189596,MTC
China,elec_refined liquids (steam/CT),refined liquids (steam/CT),refined liquids (steam/CT) (once through),1.77037,1.77507,0.525568,0.34511,0.406153,MTC
China,elec_refined liquids (steam/CT),refined liquids (steam/CT),refined liquids (steam/CT) (recirculating),6.62817,6.63071,1.96791,1.30155,1.52742,MTC
China,elec_refined liquids (steam/CT),refined liquids (steam/CT),refined liquids (steam/CT) (seawater),0.314141,0.286153,0.0936553,0.0793722,0.0850773,MTC
China,gas pipeline,gas pipeline,gas pipeline,0.18427,0.517729,1.01466,1.27797,1.61918,MTC
China,gas processing,biomass gasification,biomass gasification,0,2.40946,4.92723,5.24574,5.10884,MTC
China,gas processing,coal gasification,coal gasification,1.71475,5.28583,4.2191,6.74564,21.9302,MTC
China,iron and steel,BLASTFUR,BLASTFUR,54.5239,213.271,366.894,449.958,416.595,MTC
China,iron and steel,BLASTFUR,BLASTFUR with hydrogen,0,0,0,0,0,MTC
China,iron and steel,BLASTFUR,Biomass-based,0,0,0,0,0,MTC
China,iron and steel,EAF with DRI,EAF with DRI,0,0,0.495744,0.139243,1.74719,MTC
China,iron and steel,EAF with scrap,EAF with scrap,0.428268,2.11415,1.80068,2.17736,5.17723,MTC
China,mining energy use,mobile,refined liquids,0.41876,0.756133,1.17726,1.8836,1.67755,MTC
China,mining energy use,stationary,coal,4.186,6.6864,11.806,8.05773,6.28985,MTC
China,mining energy use,stationary,gas,0.0350697,0.224688,0.177729,0.528432,1.03071,MTC
China,mining energy use,stationary,refined liquids,0.104689,0.189032,0.294314,0.4709,0.419387,MTC
China,other industrial energy use,biomass,biomass cogen,1.98E-04,2.30E-04,6.44E-05,0.0073278,0.0135378,MTC
China,other industrial energy use,coal,coal,100.264,177.049,210.274,159.636,67.6274,MTC
China,other industrial energy use,gas,gas,0.962942,3.22536,16.1104,15.4385,42.0338,MTC
China,other industrial energy use,gas,gas cogen,0,0,0.00797472,0.00879264,0.0181987,MTC
China,other industrial energy use,refined liquids,refined liquids,16.0775,30.687,27.3649,19.561,37.8657,MTC
China,other industrial feedstocks,coal,coal,15.1783,12.5423,18.5664,39.9923,42.1602,MTC
China,process heat cement,coal,coal,24.5799,96.467,152.876,152.876,152.876,MTC
China,process heat cement,refined liquids,refined liquids,1.12641,4.42074,7.00577,7.00577,7.00577,MTC
China,process heat food processing,coal,coal,17.2716,26.9958,35.0198,27.1361,9.62009,MTC
China,process heat food processing,coal,coal cogen,0,0,0,0,0,MTC
China,process heat food processing,gas,gas,0.0160475,0.118882,0.291871,1.14656,3.93211,MTC
China,process heat food processing,gas,gas cogen,0,0,0,0,0,MTC
China,process heat food processing,gas,gas with solar,0,0,0,0,0,MTC
China,process heat food processing,refined liquids,refined liquids,0.396247,1.32914,1.2611,0.732629,0.281422,MTC
China,process heat food processing,refined liquids,refined liquids cogen,0,0,0,0,0,MTC
China,process heat paper,coal,coal,8.00061,14.0424,18.4023,10.1101,3.07062,MTC
China,process heat paper,gas,gas,0.0112933,0.0350696,0.111155,0.50822,1.27144,MTC
China,process heat paper,gas,gas cogen,0,0,0,0,0,MTC
China,process heat paper,refined liquids,refined liquids,0.223985,0.608776,0.557092,0.268288,0.185423,MTC
China,process heat paper,refined liquids,refined liquids cogen,0,0,0,0,0,MTC
China,refining,biomass liquids,BTL with hydrogen,0,0,0,0,0,MTC
China,refining,biomass liquids,FT biofuels,0,0,0,0,0,MTC
China,refining,biomass liquids,biodiesel,0,0.00262366,0.0332734,0.0422176,0.0859861,MTC
China,refining,biomass liquids,cellulosic ethanol,0,0,0,0,0,MTC
China,refining,biomass liquids,corn ethanol,0,0.123428,0.222661,0.27823,0.35365,MTC
China,refining,coal to liquids,coal to liquids,0,0,1.05618,3.19083,16.6536,MTC
China,refining,gas to liquids,gas to liquids,0,0,0,0,0,MTC
China,refining,oil refining,oil refining,6.37532,14.4805,33.2117,45.8972,57.6809,MTC
China,regional biomass,regional biomass,regional biomass,-1.24E-02,-6.64859,-21.4167,-32.2335,-67.3906,MTC
China,regional biomassOil,regional biomassOil,Soybean,0,-0.0372135,-0.471944,-0.598808,-1.21961,MTC
China,regional corn for ethanol,regional corn for ethanol,regional corn for ethanol,0,-0.53574,-0.966462,-1.20766,-1.53502,MTC
China,regional woodpulp for energy,regional woodpulp for energy,regional woodpulp for energy,-4.94223,-6.32329,-7.72296,-6.14482,-6.51034,MTC
China,resid heating coal_d1,coal,coal,10.8865,8.39595,8.03926,8.02097,4.86309,MTC
China,resid heating coal_d10,coal,coal,1.35686,0.653426,0.525426,0.644736,0.395136,MTC
China,resid heating coal_d2,coal,coal,7.55519,5.40307,5.17353,5.11896,3.03147,MTC
China,resid heating coal_d3,coal,coal,6.28171,4.22353,3.97718,3.95566,2.37531,MTC
China,resid heating coal_d4,coal,coal,5.49288,3.47576,3.20566,3.23247,1.96458,MTC
China,resid heating coal_d5,coal,coal,4.88879,2.92494,2.63476,2.70938,1.66168,MTC
China,resid heating coal_d6,coal,coal,4.37613,2.47334,2.18097,2.29079,1.4144,MTC
China,resid heating coal_d7,coal,coal,3.89074,2.07262,1.79495,1.92649,1.19396,MTC
China,resid heating coal_d8,coal,coal,3.38503,1.69924,1.45566,1.58863,0.984856,MTC
China,resid heating coal_d9,coal,coal,2.72274,1.30758,1.10896,1.23408,0.761194,MTC
China,resid heating modern_d1,gas,gas,0.0110108,6.20E-02,1.33E-01,2.34E-01,0.355821,MTC
China,resid heating modern_d1,refined liquids,refined liquids,0.00817999,0.0419373,0.0485508,0.0988804,0.101269,MTC
China,resid heating modern_d10,gas,gas,0.233695,1.45766,3.38347,3.9759,5.75744,MTC
China,resid heating modern_d10,refined liquids,refined liquids,0.173614,0.985712,1.23955,1.68163,1.6386,MTC
China,resid heating modern_d2,gas,gas,0.0192218,0.110038,0.231838,0.402413,0.633097,MTC
China,resid heating modern_d2,refined liquids,refined liquids,0.0142801,0.0744105,0.0849354,0.170202,0.180183,MTC
China,resid heating modern_d3,gas,gas,0.0254373,0.15125,0.322598,0.547316,0.847366,MTC
China,resid heating modern_d3,refined liquids,refined liquids,0.0188976,0.102279,0.118186,0.23149,0.241165,MTC
China,resid heating modern_d4,gas,gas,0.0311502,0.194177,0.421884,0.694411,1.05954,MTC
China,resid heating modern_d4,refined liquids,refined liquids,0.0231417,0.131308,0.15456,0.293704,0.301552,MTC
China,resid heating modern_d5,gas,gas,0.0371072,0.241844,0.537158,0.853015,1.2867,MTC
China,resid heating modern_d5,refined liquids,refined liquids,0.0275673,0.163542,0.196791,0.360786,0.366203,MTC
China,resid heating modern_d6,gas,gas,0.0437853,0.298832,0.676234,1.03479,1.54675,MTC
China,resid heating modern_d6,refined liquids,refined liquids,0.0325285,0.202078,0.247742,0.437669,0.440215,MTC
China,resid heating modern_d7,gas,gas,0.0521355,0.372674,0.854741,1.25959,1.87084,MTC
China,resid heating modern_d7,refined liquids,refined liquids,0.038732,0.252013,0.31314,0.532749,0.532453,MTC
China,resid heating modern_d8,gas,gas,0.0640076,0.476193,1.09541,1.56189,2.31151,MTC
China,resid heating modern_d8,refined liquids,refined liquids,0.0475519,0.322015,0.401309,0.660609,0.657869,MTC
China,resid heating modern_d9,gas,gas,0.0878859,0.654237,1.50122,2.05585,3.0404,MTC
China,resid heating modern_d9,refined liquids,refined liquids,0.0652913,0.442413,0.549982,0.86953,0.865317,MTC
China,resid others coal_d1,coal,coal,11.4168,8.88788,8.49902,8.45178,5.14029,MTC
China,resid others coal_d10,coal,coal,0.655447,0.28909,0.221886,0.295762,0.181929,MTC
China,resid others coal_d2,coal,coal,6.89812,4.90945,4.70395,4.64182,2.73257,MTC
China,resid others coal_d3,coal,coal,5.34843,3.52432,3.30601,3.29163,1.97302,MTC
China,resid others coal_d4,coal,coal,4.44582,2.71176,2.4763,2.51525,1.5316,MTC
China,resid others coal_d5,coal,coal,3.78709,2.15044,1.90439,1.98837,1.22521,MTC
China,resid others coal_d6,coal,coal,3.25186,1.71669,1.47885,1.59041,0.988582,MTC
China,resid others coal_d7,coal,coal,2.76672,1.3541,1.13982,1.26322,0.789007,MTC
China,resid others coal_d8,coal,coal,2.28532,1.03743,0.861617,0.977663,0.61079,MTC
China,resid others coal_d9,coal,coal,1.69565,0.730367,0.599408,0.699152,0.433798,MTC
China,resid others modern_d1,biomass,biomass,2.30E-05,1.79E-05,1.87E-05,2.91E-05,5.44E-05,MTC
China,resid others modern_d1,gas,gas,0.00932669,0.0537128,0.118298,0.210304,0.328625,MTC
China,resid others modern_d1,refined liquids,refined liquids,0.0372697,0.195373,0.233118,0.478449,0.503081,MTC
China,resid others modern_d10,biomass,biomass,4.83E-04,3.98E-04,4.28E-04,4.34E-04,7.32E-04,MTC
China,resid others modern_d10,gas,gas,0.195655,1.1966,2.70323,3.13953,4.42149,MTC
China,resid others modern_d10,refined liquids,refined liquids,0.781841,4.35246,5.32697,7.14252,6.76871,MTC
China,resid others modern_d2,biomass,biomass,4.02E-05,3.16E-05,3.26E-05,4.97E-05,9.57E-05,MTC
China,resid others modern_d2,gas,gas,0.0162718,0.0950769,0.206067,0.359534,0.578435,MTC
China,resid others modern_d2,refined liquids,refined liquids,0.0650227,0.345829,0.406074,0.81795,0.885507,MTC
China,resid others modern_d3,biomass,biomass,5.31E-05,4.34E-05,4.53E-05,6.73E-05,1.27E-04,MTC
China,resid others modern_d3,gas,gas,0.0215242,0.130436,0.285683,0.486278,0.768086,MTC
China,resid others modern_d3,refined liquids,refined liquids,0.0860111,0.474443,0.562965,1.1063,1.17584,MTC
China,resid others modern_d4,biomass,biomass,6.50E-05,5.56E-05,5.90E-05,8.49E-05,1.58E-04,MTC
China,resid others modern_d4,gas,gas,0.0263482,0.167136,0.372165,0.61359,0.9531,MTC
China,resid others modern_d4,refined liquids,refined liquids,0.105288,0.607933,0.733387,1.39593,1.45907,MTC
China,resid others modern_d5,biomass,biomass,7.74E-05,6.91E-05,7.47E-05,1.04E-04,1.90E-04,MTC
China,resid others modern_d5,gas,gas,0.0313752,0.207739,0.471802,0.749386,1.1482,MTC
China,resid others modern_d5,refined liquids,refined liquids,0.125376,0.75562,0.92973,1.70488,1.75773,MTC
China,resid others modern_d6,biomass,biomass,9.13E-05,8.51E-05,9.36E-05,1.25E-04,2.26E-04,MTC
China,resid others modern_d6,gas,gas,0.0370065,0.25608,0.590941,0.903182,1.36784,MTC
China,resid others modern_d6,refined liquids,refined liquids,0.147879,0.931453,1.16451,2.05477,2.09399,MTC
China,resid others modern_d7,biomass,biomass,1.09E-04,1.06E-04,1.18E-04,1.51E-04,2.71E-04,MTC
China,resid others modern_d7,gas,gas,0.0440422,0.318402,0.742201,1.09073,1.6362,MTC
China,resid others modern_d7,refined liquids,refined liquids,0.175994,1.15814,1.46258,2.48143,2.5048,MTC
China,resid others modern_d8,biomass,biomass,1.33E-04,1.35E-04,1.49E-04,1.85E-04,3.30E-04,MTC
China,resid others modern_d8,gas,gas,0.0540347,0.40519,0.943268,1.3384,1.9917,MTC
China,resid others modern_d8,refined liquids,refined liquids,0.215924,1.47382,1.8588,3.04491,3.04903,MTC
China,resid others modern_d9,biomass,biomass,1.83E-04,1.84E-04,2.02E-04,2.40E-04,4.23E-04,MTC
China,resid others modern_d9,gas,gas,0.0740965,0.552916,1.27512,1.7322,2.55669,MTC
China,resid others modern_d9,refined liquids,refined liquids,0.296092,2.01115,2.51274,3.94081,3.91395,MTC
China,trn_aviation_intl,International Aviation,Liquids,1.6653,5.72056,7.39302,9.90299,8.88236,MTC
China,trn_freight,Domestic Ship,Hybrid Liquids,0,0,0,0,0,MTC
China,trn_freight,Domestic Ship,Liquids,2.05871,11.4574,13.2134,17.1785,20.7289,MTC
China,trn_freight,Freight Rail,Coal,7.49058,0,0,0.00342874,0,MTC
China,trn_freight,Freight Rail,Hybrid Liquids,0,0,0,0,0,MTC
China,trn_freight,Freight Rail,Liquids,1.34639,7.3983,10.5391,15.0926,16.8464,MTC
China,trn_freight_road,Heavy truck,Hybrid Liquids,0,0,0,0,0,MTC
China,trn_freight_road,Heavy truck,Liquids,2.17353,11.6367,16.5426,23.6546,26.3832,MTC
China,trn_freight_road,Light truck,Hybrid Liquids,0,0,0,0,0,MTC
China,trn_freight_road,Light truck,Liquids,3.91268,21.4232,30.5094,43.6825,48.7534,MTC
China,trn_freight_road,Light truck,NG,0,6.25E-05,2.85E-04,7.13E-04,0.00112311,MTC
China,trn_freight_road,Medium truck,Hybrid Liquids,0,0,0,0,0,MTC
China,trn_freight_road,Medium truck,Liquids,1.50446,6.79928,9.52196,13.4667,14.9354,MTC
China,trn_pass,Domestic Aviation,Liquids,0.726448,6.4062,10.6309,16.5285,21.1755,MTC
China,trn_pass,Passenger Rail,Liquids,0.303671,1.64275,2.33726,3.34411,3.73101,MTC
China,trn_pass_road,Bus,Hybrid Liquids,0,0,0,0,0,MTC
China,trn_pass_road,Bus,Liquids,3.76182,20.1103,28.5851,40.871,45.5836,MTC
China,trn_pass_road,Bus,NG,0,0.682695,3.13575,7.82869,12.3405,MTC
China,trn_pass_road_LDV,2W and 3W,Liquids,2.03899,9.9861,14.0895,20.0366,22.285,MTC
China,trn_pass_road_LDV,2W and 3W,NG,0,0,0,0,1.42E-06,MTC
China,trn_pass_road_LDV_4W,Car,Hybrid Liquids,0,0,0,0,0,MTC
China,trn_pass_road_LDV_4W,Car,Liquids,1.65397,8.35142,11.8146,16.8342,18.742,MTC
China,trn_pass_road_LDV_4W,Car,NG,0,0.0981281,0.45072,1.12526,1.77378,MTC
China,trn_pass_road_LDV_4W,Large Car and Truck,Hybrid Liquids,0,0,0,0,0,MTC
China,trn_pass_road_LDV_4W,Large Car and Truck,Liquids,0.531088,2.69216,3.80982,5.4298,6.04594,MTC
China,trn_pass_road_LDV_4W,Large Car and Truck,NG,0,0,0,0,1.42E-06,MTC
China,trn_pass_road_LDV_4W,Mini Car,Hybrid Liquids,0,0,0,0,0,MTC
China,trn_pass_road_LDV_4W,Mini Car,Liquids,0.439718,2.20445,3.11666,4.43882,4.94074,MTC
China,trn_pass_road_LDV_4W,Mini Car,NG,0,0.0928464,0.426464,1.06471,1.67832,MTC
China,trn_shipping_intl,International Ship,Hybrid Liquids,0,0,0,0,0,MTC
China,trn_shipping_intl,International Ship,Liquids,3.71502,12.7595,25.9781,27.8083,31.4898,MTC
