"","sector.name","subsector.name","intermittent.technology","year","input.capital","capital.overnight","fixed.charge.rate","subsector.name0"
"1","elect_td_bld","rooftop_pv","rooftop_pv",1975,"capital",696,0.1,"rooftop_pv"
"2","elect_td_bld","rooftop_pv","rooftop_pv",1990,"capital",696,0.1,"rooftop_pv"
"3","elect_td_bld","rooftop_pv","rooftop_pv",2005,"capital",696,0.1,"rooftop_pv"
"4","elect_td_bld","rooftop_pv","rooftop_pv",2010,"capital",696,0.1,"rooftop_pv"
"5","elect_td_bld","rooftop_pv","rooftop_pv",2015,"capital",696,0.1,"rooftop_pv"
"6","elect_td_bld","rooftop_pv","rooftop_pv",2021,"capital",637,0.1,"rooftop_pv"
"7","elect_td_bld","rooftop_pv","rooftop_pv",2025,"capital",459,0.1,"rooftop_pv"
"8","elect_td_bld","rooftop_pv","rooftop_pv",2030,"capital",332,0.1,"rooftop_pv"
"9","elect_td_bld","rooftop_pv","rooftop_pv",2035,"capital",266,0.1,"rooftop_pv"
"10","elect_td_bld","rooftop_pv","rooftop_pv",2040,"capital",230,0.1,"rooftop_pv"
"11","elect_td_bld","rooftop_pv","rooftop_pv",2045,"capital",212,0.1,"rooftop_pv"
"12","elect_td_bld","rooftop_pv","rooftop_pv",2050,"capital",202,0.1,"rooftop_pv"
"13","elect_td_bld","rooftop_pv","rooftop_pv",2055,"capital",197,0.1,"rooftop_pv"
"14","elect_td_bld","rooftop_pv","rooftop_pv",2060,"capital",194,0.1,"rooftop_pv"
"15","elect_td_bld","rooftop_pv","rooftop_pv",2065,"capital",193,0.1,"rooftop_pv"
"16","elect_td_bld","rooftop_pv","rooftop_pv",2070,"capital",192,0.1,"rooftop_pv"
"17","elect_td_bld","rooftop_pv","rooftop_pv",2075,"capital",192,0.1,"rooftop_pv"
"18","elect_td_bld","rooftop_pv","rooftop_pv",2080,"capital",191,0.1,"rooftop_pv"
"19","elect_td_bld","rooftop_pv","rooftop_pv",2085,"capital",191,0.1,"rooftop_pv"
"20","elect_td_bld","rooftop_pv","rooftop_pv",2090,"capital",191,0.1,"rooftop_pv"
"21","elect_td_bld","rooftop_pv","rooftop_pv",2095,"capital",191,0.1,"rooftop_pv"
"22","elect_td_bld","rooftop_pv","rooftop_pv",2100,"capital",191,0.1,"rooftop_pv"
"23","base load generation","CSP_base","CSP (recirculating)",1975,"capital",968,0.13,"solar"
"24","base load generation","CSP_base","CSP (dry_hybrid)",1975,"capital",968,0.13,"solar"
"25","intermediate generation","CSP_int","CSP (recirculating)",1975,"capital",968,0.13,"solar"
"26","intermediate generation","CSP_int","CSP (dry_hybrid)",1975,"capital",968,0.13,"solar"
"27","subpeak generation","CSP_subpeak","CSP (recirculating)",1975,"capital",968,0.13,"solar"
"28","subpeak generation","CSP_subpeak","CSP (dry_hybrid)",1975,"capital",968,0.13,"solar"
"29","peak generation","CSP_peak","CSP (recirculating)",1975,"capital",968,0.13,"solar"
"30","peak generation","CSP_peak","CSP (dry_hybrid)",1975,"capital",968,0.13,"solar"
"31","base load generation","CSP_base","CSP (recirculating)",1990,"capital",968,0.13,"solar"
"32","base load generation","CSP_base","CSP (dry_hybrid)",1990,"capital",968,0.13,"solar"
"33","intermediate generation","CSP_int","CSP (recirculating)",1990,"capital",968,0.13,"solar"
"34","intermediate generation","CSP_int","CSP (dry_hybrid)",1990,"capital",968,0.13,"solar"
"35","subpeak generation","CSP_subpeak","CSP (recirculating)",1990,"capital",968,0.13,"solar"
"36","subpeak generation","CSP_subpeak","CSP (dry_hybrid)",1990,"capital",968,0.13,"solar"
"37","peak generation","CSP_peak","CSP (recirculating)",1990,"capital",968,0.13,"solar"
"38","peak generation","CSP_peak","CSP (dry_hybrid)",1990,"capital",968,0.13,"solar"
"39","base load generation","CSP_base","CSP (recirculating)",2005,"capital",968,0.13,"solar"
"40","base load generation","CSP_base","CSP (dry_hybrid)",2005,"capital",968,0.13,"solar"
"41","intermediate generation","CSP_int","CSP (recirculating)",2005,"capital",968,0.13,"solar"
"42","intermediate generation","CSP_int","CSP (dry_hybrid)",2005,"capital",968,0.13,"solar"
"43","subpeak generation","CSP_subpeak","CSP (recirculating)",2005,"capital",968,0.13,"solar"
"44","subpeak generation","CSP_subpeak","CSP (dry_hybrid)",2005,"capital",968,0.13,"solar"
"45","peak generation","CSP_peak","CSP (recirculating)",2005,"capital",968,0.13,"solar"
"46","peak generation","CSP_peak","CSP (dry_hybrid)",2005,"capital",968,0.13,"solar"
"47","base load generation","CSP_base","CSP (recirculating)",2010,"capital",968,0.13,"solar"
"48","base load generation","CSP_base","CSP (dry_hybrid)",2010,"capital",968,0.13,"solar"
"49","intermediate generation","CSP_int","CSP (recirculating)",2010,"capital",968,0.13,"solar"
"50","intermediate generation","CSP_int","CSP (dry_hybrid)",2010,"capital",968,0.13,"solar"
"51","subpeak generation","CSP_subpeak","CSP (recirculating)",2010,"capital",968,0.13,"solar"
"52","subpeak generation","CSP_subpeak","CSP (dry_hybrid)",2010,"capital",968,0.13,"solar"
"53","peak generation","CSP_peak","CSP (recirculating)",2010,"capital",968,0.13,"solar"
"54","peak generation","CSP_peak","CSP (dry_hybrid)",2010,"capital",968,0.13,"solar"
"55","base load generation","CSP_base","CSP (recirculating)",2015,"capital",968,0.13,"solar"
"56","base load generation","CSP_base","CSP (dry_hybrid)",2015,"capital",968,0.13,"solar"
"57","intermediate generation","CSP_int","CSP (recirculating)",2015,"capital",968,0.13,"solar"
"58","intermediate generation","CSP_int","CSP (dry_hybrid)",2015,"capital",968,0.13,"solar"
"59","subpeak generation","CSP_subpeak","CSP (recirculating)",2015,"capital",968,0.13,"solar"
"60","subpeak generation","CSP_subpeak","CSP (dry_hybrid)",2015,"capital",968,0.13,"solar"
"61","peak generation","CSP_peak","CSP (recirculating)",2015,"capital",968,0.13,"solar"
"62","peak generation","CSP_peak","CSP (dry_hybrid)",2015,"capital",968,0.13,"solar"
"63","base load generation","CSP_base","CSP (recirculating)",2021,"capital",925,0.13,"solar"
"64","base load generation","CSP_base","CSP (dry_hybrid)",2021,"capital",925,0.13,"solar"
"65","intermediate generation","CSP_int","CSP (recirculating)",2021,"capital",925,0.13,"solar"
"66","intermediate generation","CSP_int","CSP (dry_hybrid)",2021,"capital",925,0.13,"solar"
"67","subpeak generation","CSP_subpeak","CSP (recirculating)",2021,"capital",925,0.13,"solar"
"68","subpeak generation","CSP_subpeak","CSP (dry_hybrid)",2021,"capital",925,0.13,"solar"
"69","peak generation","CSP_peak","CSP (recirculating)",2021,"capital",925,0.13,"solar"
"70","peak generation","CSP_peak","CSP (dry_hybrid)",2021,"capital",925,0.13,"solar"
"71","base load generation","CSP_base","CSP (recirculating)",2025,"capital",783,0.13,"solar"
"72","base load generation","CSP_base","CSP (dry_hybrid)",2025,"capital",783,0.13,"solar"
"73","intermediate generation","CSP_int","CSP (recirculating)",2025,"capital",783,0.13,"solar"
"74","intermediate generation","CSP_int","CSP (dry_hybrid)",2025,"capital",783,0.13,"solar"
"75","subpeak generation","CSP_subpeak","CSP (recirculating)",2025,"capital",783,0.13,"solar"
"76","subpeak generation","CSP_subpeak","CSP (dry_hybrid)",2025,"capital",783,0.13,"solar"
"77","peak generation","CSP_peak","CSP (recirculating)",2025,"capital",783,0.13,"solar"
"78","peak generation","CSP_peak","CSP (dry_hybrid)",2025,"capital",783,0.13,"solar"
"79","base load generation","CSP_base","CSP (recirculating)",2030,"capital",666,0.13,"solar"
"80","base load generation","CSP_base","CSP (dry_hybrid)",2030,"capital",666,0.13,"solar"
"81","intermediate generation","CSP_int","CSP (recirculating)",2030,"capital",666,0.13,"solar"
"82","intermediate generation","CSP_int","CSP (dry_hybrid)",2030,"capital",666,0.13,"solar"
"83","subpeak generation","CSP_subpeak","CSP (recirculating)",2030,"capital",666,0.13,"solar"
"84","subpeak generation","CSP_subpeak","CSP (dry_hybrid)",2030,"capital",666,0.13,"solar"
"85","peak generation","CSP_peak","CSP (recirculating)",2030,"capital",666,0.13,"solar"
"86","peak generation","CSP_peak","CSP (dry_hybrid)",2030,"capital",666,0.13,"solar"
"87","base load generation","CSP_base","CSP (recirculating)",2035,"capital",593,0.13,"solar"
"88","base load generation","CSP_base","CSP (dry_hybrid)",2035,"capital",593,0.13,"solar"
"89","intermediate generation","CSP_int","CSP (recirculating)",2035,"capital",593,0.13,"solar"
"90","intermediate generation","CSP_int","CSP (dry_hybrid)",2035,"capital",593,0.13,"solar"
"91","subpeak generation","CSP_subpeak","CSP (recirculating)",2035,"capital",593,0.13,"solar"
"92","subpeak generation","CSP_subpeak","CSP (dry_hybrid)",2035,"capital",593,0.13,"solar"
"93","peak generation","CSP_peak","CSP (recirculating)",2035,"capital",593,0.13,"solar"
"94","peak generation","CSP_peak","CSP (dry_hybrid)",2035,"capital",593,0.13,"solar"
"95","base load generation","CSP_base","CSP (recirculating)",2040,"capital",547,0.13,"solar"
"96","base load generation","CSP_base","CSP (dry_hybrid)",2040,"capital",547,0.13,"solar"
"97","intermediate generation","CSP_int","CSP (recirculating)",2040,"capital",547,0.13,"solar"
"98","intermediate generation","CSP_int","CSP (dry_hybrid)",2040,"capital",547,0.13,"solar"
"99","subpeak generation","CSP_subpeak","CSP (recirculating)",2040,"capital",547,0.13,"solar"
"100","subpeak generation","CSP_subpeak","CSP (dry_hybrid)",2040,"capital",547,0.13,"solar"
"101","peak generation","CSP_peak","CSP (recirculating)",2040,"capital",547,0.13,"solar"
"102","peak generation","CSP_peak","CSP (dry_hybrid)",2040,"capital",547,0.13,"solar"
"103","base load generation","CSP_base","CSP (recirculating)",2045,"capital",519,0.13,"solar"
"104","base load generation","CSP_base","CSP (dry_hybrid)",2045,"capital",519,0.13,"solar"
"105","intermediate generation","CSP_int","CSP (recirculating)",2045,"capital",519,0.13,"solar"
"106","intermediate generation","CSP_int","CSP (dry_hybrid)",2045,"capital",519,0.13,"solar"
"107","subpeak generation","CSP_subpeak","CSP (recirculating)",2045,"capital",519,0.13,"solar"
"108","subpeak generation","CSP_subpeak","CSP (dry_hybrid)",2045,"capital",519,0.13,"solar"
"109","peak generation","CSP_peak","CSP (recirculating)",2045,"capital",519,0.13,"solar"
"110","peak generation","CSP_peak","CSP (dry_hybrid)",2045,"capital",519,0.13,"solar"
"111","base load generation","CSP_base","CSP (recirculating)",2050,"capital",501,0.13,"solar"
"112","base load generation","CSP_base","CSP (dry_hybrid)",2050,"capital",501,0.13,"solar"
"113","intermediate generation","CSP_int","CSP (recirculating)",2050,"capital",501,0.13,"solar"
"114","intermediate generation","CSP_int","CSP (dry_hybrid)",2050,"capital",501,0.13,"solar"
"115","subpeak generation","CSP_subpeak","CSP (recirculating)",2050,"capital",501,0.13,"solar"
"116","subpeak generation","CSP_subpeak","CSP (dry_hybrid)",2050,"capital",501,0.13,"solar"
"117","peak generation","CSP_peak","CSP (recirculating)",2050,"capital",501,0.13,"solar"
"118","peak generation","CSP_peak","CSP (dry_hybrid)",2050,"capital",501,0.13,"solar"
"119","base load generation","CSP_base","CSP (recirculating)",2055,"capital",490,0.13,"solar"
"120","base load generation","CSP_base","CSP (dry_hybrid)",2055,"capital",490,0.13,"solar"
"121","intermediate generation","CSP_int","CSP (recirculating)",2055,"capital",490,0.13,"solar"
"122","intermediate generation","CSP_int","CSP (dry_hybrid)",2055,"capital",490,0.13,"solar"
"123","subpeak generation","CSP_subpeak","CSP (recirculating)",2055,"capital",490,0.13,"solar"
"124","subpeak generation","CSP_subpeak","CSP (dry_hybrid)",2055,"capital",490,0.13,"solar"
"125","peak generation","CSP_peak","CSP (recirculating)",2055,"capital",490,0.13,"solar"
"126","peak generation","CSP_peak","CSP (dry_hybrid)",2055,"capital",490,0.13,"solar"
"127","base load generation","CSP_base","CSP (recirculating)",2060,"capital",483,0.13,"solar"
"128","base load generation","CSP_base","CSP (dry_hybrid)",2060,"capital",483,0.13,"solar"
"129","intermediate generation","CSP_int","CSP (recirculating)",2060,"capital",483,0.13,"solar"
"130","intermediate generation","CSP_int","CSP (dry_hybrid)",2060,"capital",483,0.13,"solar"
"131","subpeak generation","CSP_subpeak","CSP (recirculating)",2060,"capital",483,0.13,"solar"
"132","subpeak generation","CSP_subpeak","CSP (dry_hybrid)",2060,"capital",483,0.13,"solar"
"133","peak generation","CSP_peak","CSP (recirculating)",2060,"capital",483,0.13,"solar"
"134","peak generation","CSP_peak","CSP (dry_hybrid)",2060,"capital",483,0.13,"solar"
"135","base load generation","CSP_base","CSP (recirculating)",2065,"capital",479,0.13,"solar"
"136","base load generation","CSP_base","CSP (dry_hybrid)",2065,"capital",479,0.13,"solar"
"137","intermediate generation","CSP_int","CSP (recirculating)",2065,"capital",479,0.13,"solar"
"138","intermediate generation","CSP_int","CSP (dry_hybrid)",2065,"capital",479,0.13,"solar"
"139","subpeak generation","CSP_subpeak","CSP (recirculating)",2065,"capital",479,0.13,"solar"
"140","subpeak generation","CSP_subpeak","CSP (dry_hybrid)",2065,"capital",479,0.13,"solar"
"141","peak generation","CSP_peak","CSP (recirculating)",2065,"capital",479,0.13,"solar"
"142","peak generation","CSP_peak","CSP (dry_hybrid)",2065,"capital",479,0.13,"solar"
"143","base load generation","CSP_base","CSP (recirculating)",2070,"capital",476,0.13,"solar"
"144","base load generation","CSP_base","CSP (dry_hybrid)",2070,"capital",476,0.13,"solar"
"145","intermediate generation","CSP_int","CSP (recirculating)",2070,"capital",476,0.13,"solar"
"146","intermediate generation","CSP_int","CSP (dry_hybrid)",2070,"capital",476,0.13,"solar"
"147","subpeak generation","CSP_subpeak","CSP (recirculating)",2070,"capital",476,0.13,"solar"
"148","subpeak generation","CSP_subpeak","CSP (dry_hybrid)",2070,"capital",476,0.13,"solar"
"149","peak generation","CSP_peak","CSP (recirculating)",2070,"capital",476,0.13,"solar"
"150","peak generation","CSP_peak","CSP (dry_hybrid)",2070,"capital",476,0.13,"solar"
"151","base load generation","CSP_base","CSP (recirculating)",2075,"capital",475,0.13,"solar"
"152","base load generation","CSP_base","CSP (dry_hybrid)",2075,"capital",475,0.13,"solar"
"153","intermediate generation","CSP_int","CSP (recirculating)",2075,"capital",475,0.13,"solar"
"154","intermediate generation","CSP_int","CSP (dry_hybrid)",2075,"capital",475,0.13,"solar"
"155","subpeak generation","CSP_subpeak","CSP (recirculating)",2075,"capital",475,0.13,"solar"
"156","subpeak generation","CSP_subpeak","CSP (dry_hybrid)",2075,"capital",475,0.13,"solar"
"157","peak generation","CSP_peak","CSP (recirculating)",2075,"capital",475,0.13,"solar"
"158","peak generation","CSP_peak","CSP (dry_hybrid)",2075,"capital",475,0.13,"solar"
"159","base load generation","CSP_base","CSP (recirculating)",2080,"capital",474,0.13,"solar"
"160","base load generation","CSP_base","CSP (dry_hybrid)",2080,"capital",474,0.13,"solar"
"161","intermediate generation","CSP_int","CSP (recirculating)",2080,"capital",474,0.13,"solar"
"162","intermediate generation","CSP_int","CSP (dry_hybrid)",2080,"capital",474,0.13,"solar"
"163","subpeak generation","CSP_subpeak","CSP (recirculating)",2080,"capital",474,0.13,"solar"
"164","subpeak generation","CSP_subpeak","CSP (dry_hybrid)",2080,"capital",474,0.13,"solar"
"165","peak generation","CSP_peak","CSP (recirculating)",2080,"capital",474,0.13,"solar"
"166","peak generation","CSP_peak","CSP (dry_hybrid)",2080,"capital",474,0.13,"solar"
"167","base load generation","CSP_base","CSP (recirculating)",2085,"capital",473,0.13,"solar"
"168","base load generation","CSP_base","CSP (dry_hybrid)",2085,"capital",473,0.13,"solar"
"169","intermediate generation","CSP_int","CSP (recirculating)",2085,"capital",473,0.13,"solar"
"170","intermediate generation","CSP_int","CSP (dry_hybrid)",2085,"capital",473,0.13,"solar"
"171","subpeak generation","CSP_subpeak","CSP (recirculating)",2085,"capital",473,0.13,"solar"
"172","subpeak generation","CSP_subpeak","CSP (dry_hybrid)",2085,"capital",473,0.13,"solar"
"173","peak generation","CSP_peak","CSP (recirculating)",2085,"capital",473,0.13,"solar"
"174","peak generation","CSP_peak","CSP (dry_hybrid)",2085,"capital",473,0.13,"solar"
"175","base load generation","CSP_base","CSP (recirculating)",2090,"capital",473,0.13,"solar"
"176","base load generation","CSP_base","CSP (dry_hybrid)",2090,"capital",473,0.13,"solar"
"177","intermediate generation","CSP_int","CSP (recirculating)",2090,"capital",473,0.13,"solar"
"178","intermediate generation","CSP_int","CSP (dry_hybrid)",2090,"capital",473,0.13,"solar"
"179","subpeak generation","CSP_subpeak","CSP (recirculating)",2090,"capital",473,0.13,"solar"
"180","subpeak generation","CSP_subpeak","CSP (dry_hybrid)",2090,"capital",473,0.13,"solar"
"181","peak generation","CSP_peak","CSP (recirculating)",2090,"capital",473,0.13,"solar"
"182","peak generation","CSP_peak","CSP (dry_hybrid)",2090,"capital",473,0.13,"solar"
"183","base load generation","CSP_base","CSP (recirculating)",2095,"capital",472,0.13,"solar"
"184","base load generation","CSP_base","CSP (dry_hybrid)",2095,"capital",472,0.13,"solar"
"185","intermediate generation","CSP_int","CSP (recirculating)",2095,"capital",472,0.13,"solar"
"186","intermediate generation","CSP_int","CSP (dry_hybrid)",2095,"capital",472,0.13,"solar"
"187","subpeak generation","CSP_subpeak","CSP (recirculating)",2095,"capital",472,0.13,"solar"
"188","subpeak generation","CSP_subpeak","CSP (dry_hybrid)",2095,"capital",472,0.13,"solar"
"189","peak generation","CSP_peak","CSP (recirculating)",2095,"capital",472,0.13,"solar"
"190","peak generation","CSP_peak","CSP (dry_hybrid)",2095,"capital",472,0.13,"solar"
"191","base load generation","CSP_base","CSP (recirculating)",2100,"capital",472,0.13,"solar"
"192","base load generation","CSP_base","CSP (dry_hybrid)",2100,"capital",472,0.13,"solar"
"193","intermediate generation","CSP_int","CSP (recirculating)",2100,"capital",472,0.13,"solar"
"194","intermediate generation","CSP_int","CSP (dry_hybrid)",2100,"capital",472,0.13,"solar"
"195","subpeak generation","CSP_subpeak","CSP (recirculating)",2100,"capital",472,0.13,"solar"
"196","subpeak generation","CSP_subpeak","CSP (dry_hybrid)",2100,"capital",472,0.13,"solar"
"197","peak generation","CSP_peak","CSP (recirculating)",2100,"capital",472,0.13,"solar"
"198","peak generation","CSP_peak","CSP (dry_hybrid)",2100,"capital",472,0.13,"solar"
"199","base load generation","PV_base","PV",1975,"capital",344,0.13,"solar"
"200","intermediate generation","PV_int","PV",1975,"capital",344,0.13,"solar"
"201","subpeak generation","PV_subpeak","PV",1975,"capital",344,0.13,"solar"
"202","peak generation","PV_peak","PV",1975,"capital",344,0.13,"solar"
"203","base load generation","PV_base","PV",1990,"capital",344,0.13,"solar"
"204","intermediate generation","PV_int","PV",1990,"capital",344,0.13,"solar"
"205","subpeak generation","PV_subpeak","PV",1990,"capital",344,0.13,"solar"
"206","peak generation","PV_peak","PV",1990,"capital",344,0.13,"solar"
"207","base load generation","PV_base","PV",2005,"capital",344,0.13,"solar"
"208","intermediate generation","PV_int","PV",2005,"capital",344,0.13,"solar"
"209","subpeak generation","PV_subpeak","PV",2005,"capital",344,0.13,"solar"
"210","peak generation","PV_peak","PV",2005,"capital",344,0.13,"solar"
"211","base load generation","PV_base","PV",2010,"capital",344,0.13,"solar"
"212","intermediate generation","PV_int","PV",2010,"capital",344,0.13,"solar"
"213","subpeak generation","PV_subpeak","PV",2010,"capital",344,0.13,"solar"
"214","peak generation","PV_peak","PV",2010,"capital",344,0.13,"solar"
"215","base load generation","PV_base","PV",2015,"capital",344,0.13,"solar"
"216","intermediate generation","PV_int","PV",2015,"capital",344,0.13,"solar"
"217","subpeak generation","PV_subpeak","PV",2015,"capital",344,0.13,"solar"
"218","peak generation","PV_peak","PV",2015,"capital",344,0.13,"solar"
"219","base load generation","PV_base","PV",2021,"capital",323,0.13,"solar"
"220","intermediate generation","PV_int","PV",2021,"capital",323,0.13,"solar"
"221","subpeak generation","PV_subpeak","PV",2021,"capital",323,0.13,"solar"
"222","peak generation","PV_peak","PV",2021,"capital",323,0.13,"solar"
"223","base load generation","PV_base","PV",2025,"capital",255,0.13,"solar"
"224","intermediate generation","PV_int","PV",2025,"capital",255,0.13,"solar"
"225","subpeak generation","PV_subpeak","PV",2025,"capital",255,0.13,"solar"
"226","peak generation","PV_peak","PV",2025,"capital",255,0.13,"solar"
"227","base load generation","PV_base","PV",2030,"capital",205,0.13,"solar"
"228","intermediate generation","PV_int","PV",2030,"capital",205,0.13,"solar"
"229","subpeak generation","PV_subpeak","PV",2030,"capital",205,0.13,"solar"
"230","peak generation","PV_peak","PV",2030,"capital",205,0.13,"solar"
"231","base load generation","PV_base","PV",2035,"capital",177,0.13,"solar"
"232","intermediate generation","PV_int","PV",2035,"capital",177,0.13,"solar"
"233","subpeak generation","PV_subpeak","PV",2035,"capital",177,0.13,"solar"
"234","peak generation","PV_peak","PV",2035,"capital",177,0.13,"solar"
"235","base load generation","PV_base","PV",2040,"capital",162,0.13,"solar"
"236","intermediate generation","PV_int","PV",2040,"capital",162,0.13,"solar"
"237","subpeak generation","PV_subpeak","PV",2040,"capital",162,0.13,"solar"
"238","peak generation","PV_peak","PV",2040,"capital",162,0.13,"solar"
"239","base load generation","PV_base","PV",2045,"capital",153,0.13,"solar"
"240","intermediate generation","PV_int","PV",2045,"capital",153,0.13,"solar"
"241","subpeak generation","PV_subpeak","PV",2045,"capital",153,0.13,"solar"
"242","peak generation","PV_peak","PV",2045,"capital",153,0.13,"solar"
"243","base load generation","PV_base","PV",2050,"capital",148,0.13,"solar"
"244","intermediate generation","PV_int","PV",2050,"capital",148,0.13,"solar"
"245","subpeak generation","PV_subpeak","PV",2050,"capital",148,0.13,"solar"
"246","peak generation","PV_peak","PV",2050,"capital",148,0.13,"solar"
"247","base load generation","PV_base","PV",2055,"capital",145,0.13,"solar"
"248","intermediate generation","PV_int","PV",2055,"capital",145,0.13,"solar"
"249","subpeak generation","PV_subpeak","PV",2055,"capital",145,0.13,"solar"
"250","peak generation","PV_peak","PV",2055,"capital",145,0.13,"solar"
"251","base load generation","PV_base","PV",2060,"capital",144,0.13,"solar"
"252","intermediate generation","PV_int","PV",2060,"capital",144,0.13,"solar"
"253","subpeak generation","PV_subpeak","PV",2060,"capital",144,0.13,"solar"
"254","peak generation","PV_peak","PV",2060,"capital",144,0.13,"solar"
"255","base load generation","PV_base","PV",2065,"capital",143,0.13,"solar"
"256","intermediate generation","PV_int","PV",2065,"capital",143,0.13,"solar"
"257","subpeak generation","PV_subpeak","PV",2065,"capital",143,0.13,"solar"
"258","peak generation","PV_peak","PV",2065,"capital",143,0.13,"solar"
"259","base load generation","PV_base","PV",2070,"capital",143,0.13,"solar"
"260","intermediate generation","PV_int","PV",2070,"capital",143,0.13,"solar"
"261","subpeak generation","PV_subpeak","PV",2070,"capital",143,0.13,"solar"
"262","peak generation","PV_peak","PV",2070,"capital",143,0.13,"solar"
"263","base load generation","PV_base","PV",2075,"capital",142,0.13,"solar"
"264","intermediate generation","PV_int","PV",2075,"capital",142,0.13,"solar"
"265","subpeak generation","PV_subpeak","PV",2075,"capital",142,0.13,"solar"
"266","peak generation","PV_peak","PV",2075,"capital",142,0.13,"solar"
"267","base load generation","PV_base","PV",2080,"capital",142,0.13,"solar"
"268","intermediate generation","PV_int","PV",2080,"capital",142,0.13,"solar"
"269","subpeak generation","PV_subpeak","PV",2080,"capital",142,0.13,"solar"
"270","peak generation","PV_peak","PV",2080,"capital",142,0.13,"solar"
"271","base load generation","PV_base","PV",2085,"capital",142,0.13,"solar"
"272","intermediate generation","PV_int","PV",2085,"capital",142,0.13,"solar"
"273","subpeak generation","PV_subpeak","PV",2085,"capital",142,0.13,"solar"
"274","peak generation","PV_peak","PV",2085,"capital",142,0.13,"solar"
"275","base load generation","PV_base","PV",2090,"capital",142,0.13,"solar"
"276","intermediate generation","PV_int","PV",2090,"capital",142,0.13,"solar"
"277","subpeak generation","PV_subpeak","PV",2090,"capital",142,0.13,"solar"
"278","peak generation","PV_peak","PV",2090,"capital",142,0.13,"solar"
"279","base load generation","PV_base","PV",2095,"capital",142,0.13,"solar"
"280","intermediate generation","PV_int","PV",2095,"capital",142,0.13,"solar"
"281","subpeak generation","PV_subpeak","PV",2095,"capital",142,0.13,"solar"
"282","peak generation","PV_peak","PV",2095,"capital",142,0.13,"solar"
"283","base load generation","PV_base","PV",2100,"capital",142,0.13,"solar"
"284","intermediate generation","PV_int","PV",2100,"capital",142,0.13,"solar"
"285","subpeak generation","PV_subpeak","PV",2100,"capital",142,0.13,"solar"
"286","peak generation","PV_peak","PV",2100,"capital",142,0.13,"solar"
"287","base load generation","wind_base","wind",1975,"capital",371,0.13,"wind"
"288","intermediate generation","wind_int","wind",1975,"capital",371,0.13,"wind"
"289","subpeak generation","wind_subpeak","wind",1975,"capital",371,0.13,"wind"
"290","peak generation","wind_peak","wind",1975,"capital",371,0.13,"wind"
"291","base load generation","wind_base","wind",1990,"capital",371,0.13,"wind"
"292","intermediate generation","wind_int","wind",1990,"capital",371,0.13,"wind"
"293","subpeak generation","wind_subpeak","wind",1990,"capital",371,0.13,"wind"
"294","peak generation","wind_peak","wind",1990,"capital",371,0.13,"wind"
"295","base load generation","wind_base","wind",2005,"capital",371,0.13,"wind"
"296","intermediate generation","wind_int","wind",2005,"capital",371,0.13,"wind"
"297","subpeak generation","wind_subpeak","wind",2005,"capital",371,0.13,"wind"
"298","peak generation","wind_peak","wind",2005,"capital",371,0.13,"wind"
"299","base load generation","wind_base","wind",2010,"capital",371,0.13,"wind"
"300","intermediate generation","wind_int","wind",2010,"capital",371,0.13,"wind"
"301","subpeak generation","wind_subpeak","wind",2010,"capital",371,0.13,"wind"
"302","peak generation","wind_peak","wind",2010,"capital",371,0.13,"wind"
"303","base load generation","wind_base","wind",2015,"capital",371,0.13,"wind"
"304","intermediate generation","wind_int","wind",2015,"capital",371,0.13,"wind"
"305","subpeak generation","wind_subpeak","wind",2015,"capital",371,0.13,"wind"
"306","peak generation","wind_peak","wind",2015,"capital",371,0.13,"wind"
"307","base load generation","wind_base","wind",2021,"capital",354,0.13,"wind"
"308","intermediate generation","wind_int","wind",2021,"capital",354,0.13,"wind"
"309","subpeak generation","wind_subpeak","wind",2021,"capital",354,0.13,"wind"
"310","peak generation","wind_peak","wind",2021,"capital",354,0.13,"wind"
"311","base load generation","wind_base","wind",2025,"capital",297,0.13,"wind"
"312","intermediate generation","wind_int","wind",2025,"capital",297,0.13,"wind"
"313","subpeak generation","wind_subpeak","wind",2025,"capital",297,0.13,"wind"
"314","peak generation","wind_peak","wind",2025,"capital",297,0.13,"wind"
"315","base load generation","wind_base","wind",2030,"capital",250,0.13,"wind"
"316","intermediate generation","wind_int","wind",2030,"capital",250,0.13,"wind"
"317","subpeak generation","wind_subpeak","wind",2030,"capital",250,0.13,"wind"
"318","peak generation","wind_peak","wind",2030,"capital",250,0.13,"wind"
"319","base load generation","wind_base","wind",2035,"capital",221,0.13,"wind"
"320","intermediate generation","wind_int","wind",2035,"capital",221,0.13,"wind"
"321","subpeak generation","wind_subpeak","wind",2035,"capital",221,0.13,"wind"
"322","peak generation","wind_peak","wind",2035,"capital",221,0.13,"wind"
"323","base load generation","wind_base","wind",2040,"capital",203,0.13,"wind"
"324","intermediate generation","wind_int","wind",2040,"capital",203,0.13,"wind"
"325","subpeak generation","wind_subpeak","wind",2040,"capital",203,0.13,"wind"
"326","peak generation","wind_peak","wind",2040,"capital",203,0.13,"wind"
"327","base load generation","wind_base","wind",2045,"capital",192,0.13,"wind"
"328","intermediate generation","wind_int","wind",2045,"capital",192,0.13,"wind"
"329","subpeak generation","wind_subpeak","wind",2045,"capital",192,0.13,"wind"
"330","peak generation","wind_peak","wind",2045,"capital",192,0.13,"wind"
"331","base load generation","wind_base","wind",2050,"capital",185,0.13,"wind"
"332","intermediate generation","wind_int","wind",2050,"capital",185,0.13,"wind"
"333","subpeak generation","wind_subpeak","wind",2050,"capital",185,0.13,"wind"
"334","peak generation","wind_peak","wind",2050,"capital",185,0.13,"wind"
"335","base load generation","wind_base","wind",2055,"capital",181,0.13,"wind"
"336","intermediate generation","wind_int","wind",2055,"capital",181,0.13,"wind"
"337","subpeak generation","wind_subpeak","wind",2055,"capital",181,0.13,"wind"
"338","peak generation","wind_peak","wind",2055,"capital",181,0.13,"wind"
"339","base load generation","wind_base","wind",2060,"capital",178,0.13,"wind"
"340","intermediate generation","wind_int","wind",2060,"capital",178,0.13,"wind"
"341","subpeak generation","wind_subpeak","wind",2060,"capital",178,0.13,"wind"
"342","peak generation","wind_peak","wind",2060,"capital",178,0.13,"wind"
"343","base load generation","wind_base","wind",2065,"capital",176,0.13,"wind"
"344","intermediate generation","wind_int","wind",2065,"capital",176,0.13,"wind"
"345","subpeak generation","wind_subpeak","wind",2065,"capital",176,0.13,"wind"
"346","peak generation","wind_peak","wind",2065,"capital",176,0.13,"wind"
"347","base load generation","wind_base","wind",2070,"capital",175,0.13,"wind"
"348","intermediate generation","wind_int","wind",2070,"capital",175,0.13,"wind"
"349","subpeak generation","wind_subpeak","wind",2070,"capital",175,0.13,"wind"
"350","peak generation","wind_peak","wind",2070,"capital",175,0.13,"wind"
"351","base load generation","wind_base","wind",2075,"capital",174,0.13,"wind"
"352","intermediate generation","wind_int","wind",2075,"capital",174,0.13,"wind"
"353","subpeak generation","wind_subpeak","wind",2075,"capital",174,0.13,"wind"
"354","peak generation","wind_peak","wind",2075,"capital",174,0.13,"wind"
"355","base load generation","wind_base","wind",2080,"capital",174,0.13,"wind"
"356","intermediate generation","wind_int","wind",2080,"capital",174,0.13,"wind"
"357","subpeak generation","wind_subpeak","wind",2080,"capital",174,0.13,"wind"
"358","peak generation","wind_peak","wind",2080,"capital",174,0.13,"wind"
"359","base load generation","wind_base","wind",2085,"capital",174,0.13,"wind"
"360","intermediate generation","wind_int","wind",2085,"capital",174,0.13,"wind"
"361","subpeak generation","wind_subpeak","wind",2085,"capital",174,0.13,"wind"
"362","peak generation","wind_peak","wind",2085,"capital",174,0.13,"wind"
"363","base load generation","wind_base","wind",2090,"capital",174,0.13,"wind"
"364","intermediate generation","wind_int","wind",2090,"capital",174,0.13,"wind"
"365","subpeak generation","wind_subpeak","wind",2090,"capital",174,0.13,"wind"
"366","peak generation","wind_peak","wind",2090,"capital",174,0.13,"wind"
"367","base load generation","wind_base","wind",2095,"capital",173,0.13,"wind"
"368","intermediate generation","wind_int","wind",2095,"capital",173,0.13,"wind"
"369","subpeak generation","wind_subpeak","wind",2095,"capital",173,0.13,"wind"
"370","peak generation","wind_peak","wind",2095,"capital",173,0.13,"wind"
"371","base load generation","wind_base","wind",2100,"capital",173,0.13,"wind"
"372","intermediate generation","wind_int","wind",2100,"capital",173,0.13,"wind"
"373","subpeak generation","wind_subpeak","wind",2100,"capital",173,0.13,"wind"
"374","peak generation","wind_peak","wind",2100,"capital",173,0.13,"wind"
"375","base load generation","wind_offshore_floating_base","wind_offshore_floating",1975,"capital",683,0.13,"wind"
"376","intermediate generation","wind_offshore_floating_int","wind_offshore_floating",1975,"capital",683,0.13,"wind"
"377","subpeak generation","wind_offshore_floating_subpeak","wind_offshore_floating",1975,"capital",683,0.13,"wind"
"378","peak generation","wind_offshore_floating_peak","wind_offshore_floating",1975,"capital",683,0.13,"wind"
"379","base load generation","wind_offshore_floating_base","wind_offshore_floating",1990,"capital",683,0.13,"wind"
"380","intermediate generation","wind_offshore_floating_int","wind_offshore_floating",1990,"capital",683,0.13,"wind"
"381","subpeak generation","wind_offshore_floating_subpeak","wind_offshore_floating",1990,"capital",683,0.13,"wind"
"382","peak generation","wind_offshore_floating_peak","wind_offshore_floating",1990,"capital",683,0.13,"wind"
"383","base load generation","wind_offshore_floating_base","wind_offshore_floating",2005,"capital",683,0.13,"wind"
"384","intermediate generation","wind_offshore_floating_int","wind_offshore_floating",2005,"capital",683,0.13,"wind"
"385","subpeak generation","wind_offshore_floating_subpeak","wind_offshore_floating",2005,"capital",683,0.13,"wind"
"386","peak generation","wind_offshore_floating_peak","wind_offshore_floating",2005,"capital",683,0.13,"wind"
"387","base load generation","wind_offshore_floating_base","wind_offshore_floating",2010,"capital",683,0.13,"wind"
"388","intermediate generation","wind_offshore_floating_int","wind_offshore_floating",2010,"capital",683,0.13,"wind"
"389","subpeak generation","wind_offshore_floating_subpeak","wind_offshore_floating",2010,"capital",683,0.13,"wind"
"390","peak generation","wind_offshore_floating_peak","wind_offshore_floating",2010,"capital",683,0.13,"wind"
"391","base load generation","wind_offshore_floating_base","wind_offshore_floating",2015,"capital",683,0.13,"wind"
"392","intermediate generation","wind_offshore_floating_int","wind_offshore_floating",2015,"capital",683,0.13,"wind"
"393","subpeak generation","wind_offshore_floating_subpeak","wind_offshore_floating",2015,"capital",683,0.13,"wind"
"394","peak generation","wind_offshore_floating_peak","wind_offshore_floating",2015,"capital",683,0.13,"wind"
"395","base load generation","wind_offshore_floating_base","wind_offshore_floating",2021,"capital",660,0.13,"wind"
"396","intermediate generation","wind_offshore_floating_int","wind_offshore_floating",2021,"capital",660,0.13,"wind"
"397","subpeak generation","wind_offshore_floating_subpeak","wind_offshore_floating",2021,"capital",660,0.13,"wind"
"398","peak generation","wind_offshore_floating_peak","wind_offshore_floating",2021,"capital",660,0.13,"wind"
"399","base load generation","wind_offshore_floating_base","wind_offshore_floating",2025,"capital",579,0.13,"wind"
"400","intermediate generation","wind_offshore_floating_int","wind_offshore_floating",2025,"capital",579,0.13,"wind"
"401","subpeak generation","wind_offshore_floating_subpeak","wind_offshore_floating",2025,"capital",579,0.13,"wind"
"402","peak generation","wind_offshore_floating_peak","wind_offshore_floating",2025,"capital",579,0.13,"wind"
"403","base load generation","wind_offshore_floating_base","wind_offshore_floating",2030,"capital",510,0.13,"wind"
"404","intermediate generation","wind_offshore_floating_int","wind_offshore_floating",2030,"capital",510,0.13,"wind"
"405","subpeak generation","wind_offshore_floating_subpeak","wind_offshore_floating",2030,"capital",510,0.13,"wind"
"406","peak generation","wind_offshore_floating_peak","wind_offshore_floating",2030,"capital",510,0.13,"wind"
"407","base load generation","wind_offshore_floating_base","wind_offshore_floating",2035,"capital",464,0.13,"wind"
"408","intermediate generation","wind_offshore_floating_int","wind_offshore_floating",2035,"capital",464,0.13,"wind"
"409","subpeak generation","wind_offshore_floating_subpeak","wind_offshore_floating",2035,"capital",464,0.13,"wind"
"410","peak generation","wind_offshore_floating_peak","wind_offshore_floating",2035,"capital",464,0.13,"wind"
"411","base load generation","wind_offshore_floating_base","wind_offshore_floating",2040,"capital",434,0.13,"wind"
"412","intermediate generation","wind_offshore_floating_int","wind_offshore_floating",2040,"capital",434,0.13,"wind"
"413","subpeak generation","wind_offshore_floating_subpeak","wind_offshore_floating",2040,"capital",434,0.13,"wind"
"414","peak generation","wind_offshore_floating_peak","wind_offshore_floating",2040,"capital",434,0.13,"wind"
"415","base load generation","wind_offshore_floating_base","wind_offshore_floating",2045,"capital",415,0.13,"wind"
"416","intermediate generation","wind_offshore_floating_int","wind_offshore_floating",2045,"capital",415,0.13,"wind"
"417","subpeak generation","wind_offshore_floating_subpeak","wind_offshore_floating",2045,"capital",415,0.13,"wind"
"418","peak generation","wind_offshore_floating_peak","wind_offshore_floating",2045,"capital",415,0.13,"wind"
"419","base load generation","wind_offshore_floating_base","wind_offshore_floating",2050,"capital",401,0.13,"wind"
"420","intermediate generation","wind_offshore_floating_int","wind_offshore_floating",2050,"capital",401,0.13,"wind"
"421","subpeak generation","wind_offshore_floating_subpeak","wind_offshore_floating",2050,"capital",401,0.13,"wind"
"422","peak generation","wind_offshore_floating_peak","wind_offshore_floating",2050,"capital",401,0.13,"wind"
"423","base load generation","wind_offshore_floating_base","wind_offshore_floating",2055,"capital",393,0.13,"wind"
"424","intermediate generation","wind_offshore_floating_int","wind_offshore_floating",2055,"capital",393,0.13,"wind"
"425","subpeak generation","wind_offshore_floating_subpeak","wind_offshore_floating",2055,"capital",393,0.13,"wind"
"426","peak generation","wind_offshore_floating_peak","wind_offshore_floating",2055,"capital",393,0.13,"wind"
"427","base load generation","wind_offshore_floating_base","wind_offshore_floating",2060,"capital",387,0.13,"wind"
"428","intermediate generation","wind_offshore_floating_int","wind_offshore_floating",2060,"capital",387,0.13,"wind"
"429","subpeak generation","wind_offshore_floating_subpeak","wind_offshore_floating",2060,"capital",387,0.13,"wind"
"430","peak generation","wind_offshore_floating_peak","wind_offshore_floating",2060,"capital",387,0.13,"wind"
"431","base load generation","wind_offshore_floating_base","wind_offshore_floating",2065,"capital",383,0.13,"wind"
"432","intermediate generation","wind_offshore_floating_int","wind_offshore_floating",2065,"capital",383,0.13,"wind"
"433","subpeak generation","wind_offshore_floating_subpeak","wind_offshore_floating",2065,"capital",383,0.13,"wind"
"434","peak generation","wind_offshore_floating_peak","wind_offshore_floating",2065,"capital",383,0.13,"wind"
"435","base load generation","wind_offshore_floating_base","wind_offshore_floating",2070,"capital",381,0.13,"wind"
"436","intermediate generation","wind_offshore_floating_int","wind_offshore_floating",2070,"capital",381,0.13,"wind"
"437","subpeak generation","wind_offshore_floating_subpeak","wind_offshore_floating",2070,"capital",381,0.13,"wind"
"438","peak generation","wind_offshore_floating_peak","wind_offshore_floating",2070,"capital",381,0.13,"wind"
"439","base load generation","wind_offshore_floating_base","wind_offshore_floating",2075,"capital",379,0.13,"wind"
"440","intermediate generation","wind_offshore_floating_int","wind_offshore_floating",2075,"capital",379,0.13,"wind"
"441","subpeak generation","wind_offshore_floating_subpeak","wind_offshore_floating",2075,"capital",379,0.13,"wind"
"442","peak generation","wind_offshore_floating_peak","wind_offshore_floating",2075,"capital",379,0.13,"wind"
"443","base load generation","wind_offshore_floating_base","wind_offshore_floating",2080,"capital",378,0.13,"wind"
"444","intermediate generation","wind_offshore_floating_int","wind_offshore_floating",2080,"capital",378,0.13,"wind"
"445","subpeak generation","wind_offshore_floating_subpeak","wind_offshore_floating",2080,"capital",378,0.13,"wind"
"446","peak generation","wind_offshore_floating_peak","wind_offshore_floating",2080,"capital",378,0.13,"wind"
"447","base load generation","wind_offshore_floating_base","wind_offshore_floating",2085,"capital",378,0.13,"wind"
"448","intermediate generation","wind_offshore_floating_int","wind_offshore_floating",2085,"capital",378,0.13,"wind"
"449","subpeak generation","wind_offshore_floating_subpeak","wind_offshore_floating",2085,"capital",378,0.13,"wind"
"450","peak generation","wind_offshore_floating_peak","wind_offshore_floating",2085,"capital",378,0.13,"wind"
"451","base load generation","wind_offshore_floating_base","wind_offshore_floating",2090,"capital",377,0.13,"wind"
"452","intermediate generation","wind_offshore_floating_int","wind_offshore_floating",2090,"capital",377,0.13,"wind"
"453","subpeak generation","wind_offshore_floating_subpeak","wind_offshore_floating",2090,"capital",377,0.13,"wind"
"454","peak generation","wind_offshore_floating_peak","wind_offshore_floating",2090,"capital",377,0.13,"wind"
"455","base load generation","wind_offshore_floating_base","wind_offshore_floating",2095,"capital",377,0.13,"wind"
"456","intermediate generation","wind_offshore_floating_int","wind_offshore_floating",2095,"capital",377,0.13,"wind"
"457","subpeak generation","wind_offshore_floating_subpeak","wind_offshore_floating",2095,"capital",377,0.13,"wind"
"458","peak generation","wind_offshore_floating_peak","wind_offshore_floating",2095,"capital",377,0.13,"wind"
"459","base load generation","wind_offshore_floating_base","wind_offshore_floating",2100,"capital",377,0.13,"wind"
"460","intermediate generation","wind_offshore_floating_int","wind_offshore_floating",2100,"capital",377,0.13,"wind"
"461","subpeak generation","wind_offshore_floating_subpeak","wind_offshore_floating",2100,"capital",377,0.13,"wind"
"462","peak generation","wind_offshore_floating_peak","wind_offshore_floating",2100,"capital",377,0.13,"wind"
"463","base load generation","wind_offshore_fixed_base","wind_offshore_fixed",1975,"capital",683,0.13,"wind"
"464","intermediate generation","wind_offshore_fixed_int","wind_offshore_fixed",1975,"capital",683,0.13,"wind"
"465","subpeak generation","wind_offshore_fixed_subpeak","wind_offshore_fixed",1975,"capital",683,0.13,"wind"
"466","peak generation","wind_offshore_fixed_peak","wind_offshore_fixed",1975,"capital",683,0.13,"wind"
"467","base load generation","wind_offshore_fixed_base","wind_offshore_fixed",1990,"capital",683,0.13,"wind"
"468","intermediate generation","wind_offshore_fixed_int","wind_offshore_fixed",1990,"capital",683,0.13,"wind"
"469","subpeak generation","wind_offshore_fixed_subpeak","wind_offshore_fixed",1990,"capital",683,0.13,"wind"
"470","peak generation","wind_offshore_fixed_peak","wind_offshore_fixed",1990,"capital",683,0.13,"wind"
"471","base load generation","wind_offshore_fixed_base","wind_offshore_fixed",2005,"capital",683,0.13,"wind"
"472","intermediate generation","wind_offshore_fixed_int","wind_offshore_fixed",2005,"capital",683,0.13,"wind"
"473","subpeak generation","wind_offshore_fixed_subpeak","wind_offshore_fixed",2005,"capital",683,0.13,"wind"
"474","peak generation","wind_offshore_fixed_peak","wind_offshore_fixed",2005,"capital",683,0.13,"wind"
"475","base load generation","wind_offshore_fixed_base","wind_offshore_fixed",2010,"capital",683,0.13,"wind"
"476","intermediate generation","wind_offshore_fixed_int","wind_offshore_fixed",2010,"capital",683,0.13,"wind"
"477","subpeak generation","wind_offshore_fixed_subpeak","wind_offshore_fixed",2010,"capital",683,0.13,"wind"
"478","peak generation","wind_offshore_fixed_peak","wind_offshore_fixed",2010,"capital",683,0.13,"wind"
"479","base load generation","wind_offshore_fixed_base","wind_offshore_fixed",2015,"capital",683,0.13,"wind"
"480","intermediate generation","wind_offshore_fixed_int","wind_offshore_fixed",2015,"capital",683,0.13,"wind"
"481","subpeak generation","wind_offshore_fixed_subpeak","wind_offshore_fixed",2015,"capital",683,0.13,"wind"
"482","peak generation","wind_offshore_fixed_peak","wind_offshore_fixed",2015,"capital",683,0.13,"wind"
"483","base load generation","wind_offshore_fixed_base","wind_offshore_fixed",2021,"capital",660,0.13,"wind"
"484","intermediate generation","wind_offshore_fixed_int","wind_offshore_fixed",2021,"capital",660,0.13,"wind"
"485","subpeak generation","wind_offshore_fixed_subpeak","wind_offshore_fixed",2021,"capital",660,0.13,"wind"
"486","peak generation","wind_offshore_fixed_peak","wind_offshore_fixed",2021,"capital",660,0.13,"wind"
"487","base load generation","wind_offshore_fixed_base","wind_offshore_fixed",2025,"capital",579,0.13,"wind"
"488","intermediate generation","wind_offshore_fixed_int","wind_offshore_fixed",2025,"capital",579,0.13,"wind"
"489","subpeak generation","wind_offshore_fixed_subpeak","wind_offshore_fixed",2025,"capital",579,0.13,"wind"
"490","peak generation","wind_offshore_fixed_peak","wind_offshore_fixed",2025,"capital",579,0.13,"wind"
"491","base load generation","wind_offshore_fixed_base","wind_offshore_fixed",2030,"capital",510,0.13,"wind"
"492","intermediate generation","wind_offshore_fixed_int","wind_offshore_fixed",2030,"capital",510,0.13,"wind"
"493","subpeak generation","wind_offshore_fixed_subpeak","wind_offshore_fixed",2030,"capital",510,0.13,"wind"
"494","peak generation","wind_offshore_fixed_peak","wind_offshore_fixed",2030,"capital",510,0.13,"wind"
"495","base load generation","wind_offshore_fixed_base","wind_offshore_fixed",2035,"capital",464,0.13,"wind"
"496","intermediate generation","wind_offshore_fixed_int","wind_offshore_fixed",2035,"capital",464,0.13,"wind"
"497","subpeak generation","wind_offshore_fixed_subpeak","wind_offshore_fixed",2035,"capital",464,0.13,"wind"
"498","peak generation","wind_offshore_fixed_peak","wind_offshore_fixed",2035,"capital",464,0.13,"wind"
"499","base load generation","wind_offshore_fixed_base","wind_offshore_fixed",2040,"capital",434,0.13,"wind"
"500","intermediate generation","wind_offshore_fixed_int","wind_offshore_fixed",2040,"capital",434,0.13,"wind"
"501","subpeak generation","wind_offshore_fixed_subpeak","wind_offshore_fixed",2040,"capital",434,0.13,"wind"
"502","peak generation","wind_offshore_fixed_peak","wind_offshore_fixed",2040,"capital",434,0.13,"wind"
"503","base load generation","wind_offshore_fixed_base","wind_offshore_fixed",2045,"capital",415,0.13,"wind"
"504","intermediate generation","wind_offshore_fixed_int","wind_offshore_fixed",2045,"capital",415,0.13,"wind"
"505","subpeak generation","wind_offshore_fixed_subpeak","wind_offshore_fixed",2045,"capital",415,0.13,"wind"
"506","peak generation","wind_offshore_fixed_peak","wind_offshore_fixed",2045,"capital",415,0.13,"wind"
"507","base load generation","wind_offshore_fixed_base","wind_offshore_fixed",2050,"capital",401,0.13,"wind"
"508","intermediate generation","wind_offshore_fixed_int","wind_offshore_fixed",2050,"capital",401,0.13,"wind"
"509","subpeak generation","wind_offshore_fixed_subpeak","wind_offshore_fixed",2050,"capital",401,0.13,"wind"
"510","peak generation","wind_offshore_fixed_peak","wind_offshore_fixed",2050,"capital",401,0.13,"wind"
"511","base load generation","wind_offshore_fixed_base","wind_offshore_fixed",2055,"capital",393,0.13,"wind"
"512","intermediate generation","wind_offshore_fixed_int","wind_offshore_fixed",2055,"capital",393,0.13,"wind"
"513","subpeak generation","wind_offshore_fixed_subpeak","wind_offshore_fixed",2055,"capital",393,0.13,"wind"
"514","peak generation","wind_offshore_fixed_peak","wind_offshore_fixed",2055,"capital",393,0.13,"wind"
"515","base load generation","wind_offshore_fixed_base","wind_offshore_fixed",2060,"capital",387,0.13,"wind"
"516","intermediate generation","wind_offshore_fixed_int","wind_offshore_fixed",2060,"capital",387,0.13,"wind"
"517","subpeak generation","wind_offshore_fixed_subpeak","wind_offshore_fixed",2060,"capital",387,0.13,"wind"
"518","peak generation","wind_offshore_fixed_peak","wind_offshore_fixed",2060,"capital",387,0.13,"wind"
"519","base load generation","wind_offshore_fixed_base","wind_offshore_fixed",2065,"capital",383,0.13,"wind"
"520","intermediate generation","wind_offshore_fixed_int","wind_offshore_fixed",2065,"capital",383,0.13,"wind"
"521","subpeak generation","wind_offshore_fixed_subpeak","wind_offshore_fixed",2065,"capital",383,0.13,"wind"
"522","peak generation","wind_offshore_fixed_peak","wind_offshore_fixed",2065,"capital",383,0.13,"wind"
"523","base load generation","wind_offshore_fixed_base","wind_offshore_fixed",2070,"capital",381,0.13,"wind"
"524","intermediate generation","wind_offshore_fixed_int","wind_offshore_fixed",2070,"capital",381,0.13,"wind"
"525","subpeak generation","wind_offshore_fixed_subpeak","wind_offshore_fixed",2070,"capital",381,0.13,"wind"
"526","peak generation","wind_offshore_fixed_peak","wind_offshore_fixed",2070,"capital",381,0.13,"wind"
"527","base load generation","wind_offshore_fixed_base","wind_offshore_fixed",2075,"capital",379,0.13,"wind"
"528","intermediate generation","wind_offshore_fixed_int","wind_offshore_fixed",2075,"capital",379,0.13,"wind"
"529","subpeak generation","wind_offshore_fixed_subpeak","wind_offshore_fixed",2075,"capital",379,0.13,"wind"
"530","peak generation","wind_offshore_fixed_peak","wind_offshore_fixed",2075,"capital",379,0.13,"wind"
"531","base load generation","wind_offshore_fixed_base","wind_offshore_fixed",2080,"capital",378,0.13,"wind"
"532","intermediate generation","wind_offshore_fixed_int","wind_offshore_fixed",2080,"capital",378,0.13,"wind"
"533","subpeak generation","wind_offshore_fixed_subpeak","wind_offshore_fixed",2080,"capital",378,0.13,"wind"
"534","peak generation","wind_offshore_fixed_peak","wind_offshore_fixed",2080,"capital",378,0.13,"wind"
"535","base load generation","wind_offshore_fixed_base","wind_offshore_fixed",2085,"capital",378,0.13,"wind"
"536","intermediate generation","wind_offshore_fixed_int","wind_offshore_fixed",2085,"capital",378,0.13,"wind"
"537","subpeak generation","wind_offshore_fixed_subpeak","wind_offshore_fixed",2085,"capital",378,0.13,"wind"
"538","peak generation","wind_offshore_fixed_peak","wind_offshore_fixed",2085,"capital",378,0.13,"wind"
"539","base load generation","wind_offshore_fixed_base","wind_offshore_fixed",2090,"capital",377,0.13,"wind"
"540","intermediate generation","wind_offshore_fixed_int","wind_offshore_fixed",2090,"capital",377,0.13,"wind"
"541","subpeak generation","wind_offshore_fixed_subpeak","wind_offshore_fixed",2090,"capital",377,0.13,"wind"
"542","peak generation","wind_offshore_fixed_peak","wind_offshore_fixed",2090,"capital",377,0.13,"wind"
"543","base load generation","wind_offshore_fixed_base","wind_offshore_fixed",2095,"capital",377,0.13,"wind"
"544","intermediate generation","wind_offshore_fixed_int","wind_offshore_fixed",2095,"capital",377,0.13,"wind"
"545","subpeak generation","wind_offshore_fixed_subpeak","wind_offshore_fixed",2095,"capital",377,0.13,"wind"
"546","peak generation","wind_offshore_fixed_peak","wind_offshore_fixed",2095,"capital",377,0.13,"wind"
"547","base load generation","wind_offshore_fixed_base","wind_offshore_fixed",2100,"capital",377,0.13,"wind"
"548","intermediate generation","wind_offshore_fixed_int","wind_offshore_fixed",2100,"capital",377,0.13,"wind"
"549","subpeak generation","wind_offshore_fixed_subpeak","wind_offshore_fixed",2100,"capital",377,0.13,"wind"
"550","peak generation","wind_offshore_fixed_peak","wind_offshore_fixed",2100,"capital",377,0.13,"wind"
